2026-09-04T14:54:18 [INFO] chronoguard.main: ============================================================
2026-09-04T14:54:18 [INFO] chronoguard.main: ChronoGuard v1.0 — M2 Drift Detection & Adaptive Retraining
2026-09-04T14:54:18 [INFO] chronoguard.main:   Interface   : lo0
2026-09-04T14:54:18 [INFO] chronoguard.main:   Model path  : model.onnx
2026-09-04T14:54:18 [INFO] chronoguard.main:   DB path     : chronoguard.db
2026-09-04T14:54:18 [INFO] chronoguard.main:   Queue size  : 10000
2026-09-04T14:54:18 [INFO] chronoguard.main:   Holdout path: golden_holdout.csv
2026-09-04T14:54:18 [INFO] chronoguard.main:   ADWIN delta : 0.0020
2026-09-04T14:54:18 [INFO] chronoguard.main:   Log level   : DEBUG
2026-09-04T14:54:18 [INFO] chronoguard.main: ============================================================
2026-09-04T14:54:18 [INFO] model_registry: ModelRegistry initialized: path=/Users/aakash/Developer/projects/safeguard/chronoguard v1.0/model.onnx version=23bbd5be91e1
2026-09-04T14:54:18 [INFO] drift_monitor: DriftMonitor initialized: features=['risk_score', 'flow_duration', 'fwd_packets_per_sec'], adwin_delta=0.0020
2026-09-04T14:54:18 [INFO] sniffer: Sniffer starting on interface: lo0
2026-09-04T14:54:18 [INFO] engine: ONNX model loaded: /Users/aakash/Developer/projects/safeguard/chronoguard v1.0/model.onnx (version: 23bbd5be91e1, input: [None, 14])
2026-09-04T14:54:18 [INFO] chronoguard.main: All threads started in 0.02s (sniffer, engine, optimizer)
2026-09-04T14:54:18 [INFO] optimizer: Optimizer thread started — waiting for drift signals
2026-09-04T14:54:18 [INFO] db: SQLite database initialized: chronoguard.db (WAL mode)
2026-09-04T14:54:18 [INFO] engine: Engine thread started — consuming from queue
2026-09-04T14:54:22 [DEBUG] flow_state: Flow finalized: flow_id=22ff995ba280a9d2 reason=FIN
2026-09-04T14:54:22 [DEBUG] flow_state: Flow finalized: flow_id=59d662ceddac5fd8 reason=FIN
2026-09-04T14:54:22 [DEBUG] engine: Inference: flow_id=22ff995ba280a9d2 risk=0.3334 class=1 latency=3.80ms
2026-09-04T14:54:22 [DEBUG] engine: Inference: flow_id=59d662ceddac5fd8 risk=0.3334 class=1 latency=0.13ms
2026-09-04T14:54:29 [DEBUG] flow_state: Flow finalized: flow_id=570ff2dfe2273dab reason=FIN
2026-09-04T14:54:29 [DEBUG] engine: Inference: flow_id=570ff2dfe2273dab risk=0.3334 class=1 latency=0.07ms
2026-09-04T14:54:29 [DEBUG] flow_state: Flow finalized: flow_id=b23e660493cec637 reason=FIN
2026-09-04T14:54:29 [DEBUG] engine: Inference: flow_id=b23e660493cec637 risk=0.3334 class=1 latency=0.05ms
2026-09-04T14:54:29 [DEBUG] flow_state: Flow finalized: flow_id=e6a7227b25876fff reason=FIN
2026-09-04T14:54:29 [DEBUG] engine: Inference: flow_id=e6a7227b25876fff risk=0.3334 class=1 latency=0.04ms
2026-09-04T14:54:30 [DEBUG] flow_state: Flow finalized: flow_id=80d0264a8d65cacd reason=FIN
2026-09-04T14:54:30 [DEBUG] engine: Inference: flow_id=80d0264a8d65cacd risk=0.3334 class=1 latency=0.11ms
2026-09-04T14:54:30 [DEBUG] flow_state: Flow finalized: flow_id=19a8d059c04dc0eb reason=FIN
2026-09-04T14:54:30 [DEBUG] engine: Inference: flow_id=19a8d059c04dc0eb risk=0.3334 class=1 latency=0.05ms
2026-09-04T14:54:30 [DEBUG] flow_state: Flow finalized: flow_id=b1fe94199803cef7 reason=FIN
2026-09-04T14:54:30 [DEBUG] engine: Inference: flow_id=b1fe94199803cef7 risk=0.3334 class=1 latency=0.05ms
2026-09-04T14:54:30 [DEBUG] flow_state: Flow finalized: flow_id=a932c7f6cfa49dc8 reason=FIN
2026-09-04T14:54:30 [DEBUG] engine: Inference: flow_id=a932c7f6cfa49dc8 risk=0.3334 class=1 latency=0.06ms
2026-09-04T14:54:30 [DEBUG] flow_state: Flow finalized: flow_id=5dc88b412bd41611 reason=FIN
2026-09-04T14:54:30 [DEBUG] engine: Inference: flow_id=5dc88b412bd41611 risk=0.3334 class=1 latency=0.06ms
2026-09-04T14:54:30 [DEBUG] flow_state: Flow finalized: flow_id=4bc21be217e50169 reason=FIN
2026-09-04T14:54:30 [DEBUG] engine: Inference: flow_id=4bc21be217e50169 risk=0.3334 class=1 latency=0.06ms
2026-09-04T14:54:30 [DEBUG] flow_state: Flow finalized: flow_id=63af5d94da750108 reason=FIN
2026-09-04T14:54:30 [DEBUG] engine: Inference: flow_id=63af5d94da750108 risk=0.3334 class=1 latency=0.05ms
2026-09-04T14:54:30 [DEBUG] flow_state: Flow finalized: flow_id=b97554fb3752894c reason=FIN
2026-09-04T14:54:30 [DEBUG] engine: Inference: flow_id=b97554fb3752894c risk=0.3334 class=1 latency=0.05ms
2026-09-04T14:54:30 [DEBUG] flow_state: Flow finalized: flow_id=1949104d859bfecb reason=FIN
2026-09-04T14:54:30 [DEBUG] engine: Inference: flow_id=1949104d859bfecb risk=0.3334 class=1 latency=0.05ms
2026-09-04T14:54:30 [DEBUG] flow_state: Flow finalized: flow_id=2cdd53722ae09c36 reason=FIN
2026-09-04T14:54:30 [DEBUG] engine: Inference: flow_id=2cdd53722ae09c36 risk=0.3334 class=1 latency=0.05ms
2026-09-04T14:54:31 [DEBUG] flow_state: Flow finalized: flow_id=f45564a6e3c1751d reason=FIN
2026-09-04T14:54:31 [DEBUG] engine: Inference: flow_id=f45564a6e3c1751d risk=0.3334 class=1 latency=0.06ms
2026-09-04T14:54:31 [DEBUG] flow_state: Flow finalized: flow_id=544dbf663dd44b5f reason=FIN
2026-09-04T14:54:31 [DEBUG] engine: Inference: flow_id=544dbf663dd44b5f risk=0.3334 class=1 latency=0.05ms
2026-09-04T14:54:31 [DEBUG] flow_state: Flow finalized: flow_id=9487837391e70774 reason=FIN
2026-09-04T14:54:31 [DEBUG] engine: Inference: flow_id=9487837391e70774 risk=0.3334 class=1 latency=0.05ms
2026-09-04T14:54:31 [DEBUG] flow_state: Flow finalized: flow_id=4b86892fbb04889e reason=FIN
2026-09-04T14:54:31 [DEBUG] engine: Inference: flow_id=4b86892fbb04889e risk=0.3334 class=1 latency=0.05ms
2026-09-04T14:54:31 [DEBUG] flow_state: Flow finalized: flow_id=4fa0986ca038b0d5 reason=FIN
2026-09-04T14:54:31 [DEBUG] engine: Inference: flow_id=4fa0986ca038b0d5 risk=0.3334 class=1 latency=0.05ms
2026-09-04T14:54:31 [DEBUG] flow_state: Flow finalized: flow_id=d7d43b7e75caa546 reason=FIN
2026-09-04T14:54:31 [DEBUG] engine: Inference: flow_id=d7d43b7e75caa546 risk=0.3334 class=1 latency=0.06ms
2026-09-04T14:54:31 [DEBUG] flow_state: Flow finalized: flow_id=69b76feec56f3efb reason=FIN
2026-09-04T14:54:31 [DEBUG] engine: Inference: flow_id=69b76feec56f3efb risk=0.3334 class=1 latency=0.05ms
2026-09-04T14:54:31 [DEBUG] flow_state: Flow finalized: flow_id=d0342e013888eb6d reason=FIN
2026-09-04T14:54:31 [DEBUG] engine: Inference: flow_id=d0342e013888eb6d risk=0.3334 class=1 latency=0.04ms
2026-09-04T14:54:31 [DEBUG] flow_state: Flow finalized: flow_id=533157e53332fdc1 reason=FIN
2026-09-04T14:54:31 [DEBUG] engine: Inference: flow_id=533157e53332fdc1 risk=0.3334 class=1 latency=0.05ms
2026-09-04T14:54:31 [DEBUG] flow_state: Flow finalized: flow_id=48d6e0c0a561580a reason=FIN
2026-09-04T14:54:31 [DEBUG] engine: Inference: flow_id=48d6e0c0a561580a risk=0.3334 class=1 latency=0.04ms
2026-09-04T14:54:31 [DEBUG] flow_state: Flow finalized: flow_id=92fe49309cecca36 reason=FIN
2026-09-04T14:54:31 [DEBUG] engine: Inference: flow_id=92fe49309cecca36 risk=0.3334 class=1 latency=0.05ms
2026-09-04T14:54:31 [DEBUG] flow_state: Flow finalized: flow_id=f62eceb26da0d99d reason=FIN
2026-09-04T14:54:31 [DEBUG] engine: Inference: flow_id=f62eceb26da0d99d risk=0.3334 class=1 latency=0.04ms
2026-09-04T14:54:32 [DEBUG] flow_state: Flow finalized: flow_id=b82705281ac2fc99 reason=FIN
2026-09-04T14:54:32 [DEBUG] engine: Inference: flow_id=b82705281ac2fc99 risk=0.3334 class=1 latency=0.06ms
2026-09-04T14:54:32 [DEBUG] flow_state: Flow finalized: flow_id=ab13b5fb71cc4fcd reason=FIN
2026-09-04T14:54:32 [DEBUG] engine: Inference: flow_id=ab13b5fb71cc4fcd risk=0.3334 class=1 latency=0.08ms
2026-09-04T14:54:32 [DEBUG] flow_state: Flow finalized: flow_id=f2c85b7ca7b98ed1 reason=FIN
2026-09-04T14:54:32 [DEBUG] engine: Inference: flow_id=f2c85b7ca7b98ed1 risk=0.3334 class=1 latency=0.04ms
2026-09-04T14:54:32 [DEBUG] flow_state: Flow finalized: flow_id=834bc1d006135996 reason=FIN
2026-09-04T14:54:32 [DEBUG] engine: Inference: flow_id=834bc1d006135996 risk=0.3334 class=1 latency=0.04ms
2026-09-04T14:54:32 [DEBUG] flow_state: Flow finalized: flow_id=4fef5ef72869049c reason=FIN
2026-09-04T14:54:32 [DEBUG] engine: Inference: flow_id=4fef5ef72869049c risk=0.3334 class=1 latency=0.04ms
2026-09-04T14:54:32 [DEBUG] flow_state: Flow finalized: flow_id=1a7da0ff4204663e reason=FIN
2026-09-04T14:54:32 [DEBUG] engine: Inference: flow_id=1a7da0ff4204663e risk=0.3334 class=1 latency=0.04ms
2026-09-04T14:54:32 [DEBUG] flow_state: Flow finalized: flow_id=28ef2ca64d159f9c reason=FIN
2026-09-04T14:54:32 [DEBUG] engine: Inference: flow_id=28ef2ca64d159f9c risk=0.3334 class=1 latency=0.05ms
2026-09-04T14:54:32 [DEBUG] flow_state: Flow finalized: flow_id=5f1a8e49840e40d3 reason=FIN
2026-09-04T14:54:32 [DEBUG] engine: Inference: flow_id=5f1a8e49840e40d3 risk=0.3334 class=1 latency=0.06ms
2026-09-04T14:54:32 [DEBUG] flow_state: Flow finalized: flow_id=8c73e2611c8ebc22 reason=FIN
2026-09-04T14:54:32 [DEBUG] engine: Inference: flow_id=8c73e2611c8ebc22 risk=0.3334 class=1 latency=0.04ms
2026-09-04T14:54:32 [DEBUG] flow_state: Flow finalized: flow_id=a1eb959135d33f2e reason=FIN
2026-09-04T14:54:32 [DEBUG] engine: Inference: flow_id=a1eb959135d33f2e risk=0.3334 class=1 latency=0.04ms
2026-09-04T14:54:32 [DEBUG] flow_state: Flow finalized: flow_id=18d9df5493893e92 reason=FIN
2026-09-04T14:54:32 [DEBUG] engine: Inference: flow_id=18d9df5493893e92 risk=0.3334 class=1 latency=0.06ms
2026-09-04T14:54:32 [DEBUG] flow_state: Flow finalized: flow_id=55b8ace1f0cee4b0 reason=FIN
2026-09-04T14:54:32 [DEBUG] engine: Inference: flow_id=55b8ace1f0cee4b0 risk=0.3334 class=1 latency=0.36ms
2026-09-04T14:54:32 [DEBUG] flow_state: Flow finalized: flow_id=e8c445fc66535fb6 reason=FIN
2026-09-04T14:54:32 [DEBUG] engine: Inference: flow_id=e8c445fc66535fb6 risk=0.3334 class=1 latency=0.04ms
2026-09-04T14:54:32 [DEBUG] flow_state: Flow finalized: flow_id=1f4b6ea2f918a1af reason=FIN
2026-09-04T14:54:32 [DEBUG] engine: Inference: flow_id=1f4b6ea2f918a1af risk=0.3334 class=1 latency=0.05ms
2026-09-04T14:54:33 [DEBUG] flow_state: Flow finalized: flow_id=16e1b86aadf58612 reason=FIN
2026-09-04T14:54:33 [DEBUG] engine: Inference: flow_id=16e1b86aadf58612 risk=0.3334 class=1 latency=0.05ms
2026-09-04T14:54:33 [DEBUG] flow_state: Flow finalized: flow_id=6a71285cd93925d9 reason=FIN
2026-09-04T14:54:33 [DEBUG] engine: Inference: flow_id=6a71285cd93925d9 risk=0.3334 class=1 latency=0.05ms
2026-09-04T14:54:33 [DEBUG] flow_state: Flow finalized: flow_id=aea93658bbab1d7b reason=FIN
2026-09-04T14:54:33 [DEBUG] engine: Inference: flow_id=aea93658bbab1d7b risk=0.3334 class=1 latency=0.04ms
2026-09-04T14:54:33 [DEBUG] flow_state: Flow finalized: flow_id=affd5d682f91ef2b reason=FIN
2026-09-04T14:54:33 [DEBUG] engine: Inference: flow_id=affd5d682f91ef2b risk=0.3334 class=1 latency=0.05ms
2026-09-04T14:54:33 [DEBUG] flow_state: Flow finalized: flow_id=86035a0cda860d8d reason=FIN
2026-09-04T14:54:33 [DEBUG] engine: Inference: flow_id=86035a0cda860d8d risk=0.3334 class=1 latency=0.05ms
2026-09-04T14:54:33 [DEBUG] flow_state: Flow finalized: flow_id=22aff1634cd74473 reason=FIN
2026-09-04T14:54:33 [DEBUG] engine: Inference: flow_id=22aff1634cd74473 risk=0.3334 class=1 latency=0.04ms
2026-09-04T14:54:33 [DEBUG] flow_state: Flow finalized: flow_id=bface56093e0872e reason=FIN
2026-09-04T14:54:33 [DEBUG] engine: Inference: flow_id=bface56093e0872e risk=0.3334 class=1 latency=0.04ms
2026-09-04T14:54:33 [DEBUG] flow_state: Flow finalized: flow_id=252a5cc24d59d703 reason=FIN
2026-09-04T14:54:33 [DEBUG] engine: Inference: flow_id=252a5cc24d59d703 risk=0.3334 class=1 latency=0.04ms
2026-09-04T14:54:33 [DEBUG] flow_state: Flow finalized: flow_id=2afc9f502d56f6d0 reason=FIN
2026-09-04T14:54:33 [DEBUG] engine: Inference: flow_id=2afc9f502d56f6d0 risk=0.3334 class=1 latency=0.05ms
2026-09-04T14:54:33 [DEBUG] flow_state: Flow finalized: flow_id=c06ac440e8d65cfd reason=FIN
2026-09-04T14:54:33 [DEBUG] engine: Inference: flow_id=c06ac440e8d65cfd risk=0.3334 class=1 latency=0.05ms
2026-09-04T14:54:33 [DEBUG] flow_state: Flow finalized: flow_id=9357669b38e42d6a reason=FIN
2026-09-04T14:54:33 [DEBUG] engine: Inference: flow_id=9357669b38e42d6a risk=0.3334 class=1 latency=0.04ms
2026-09-04T14:54:33 [DEBUG] flow_state: Flow finalized: flow_id=dcaa16b457c0cf05 reason=FIN
2026-09-04T14:54:33 [DEBUG] engine: Inference: flow_id=dcaa16b457c0cf05 risk=0.3334 class=1 latency=0.04ms
2026-09-04T14:54:33 [DEBUG] flow_state: Flow finalized: flow_id=c2171a4a3cd1f088 reason=FIN
2026-09-04T14:54:33 [DEBUG] engine: Inference: flow_id=c2171a4a3cd1f088 risk=0.3334 class=1 latency=0.03ms
2026-09-04T14:54:33 [DEBUG] flow_state: Flow finalized: flow_id=a46037dbbfc32cda reason=FIN
2026-09-04T14:54:33 [DEBUG] engine: Inference: flow_id=a46037dbbfc32cda risk=0.3334 class=1 latency=0.03ms
2026-09-04T14:54:33 [DEBUG] flow_state: Flow finalized: flow_id=a188a14ca427fbd9 reason=FIN
2026-09-04T14:54:33 [DEBUG] engine: Inference: flow_id=a188a14ca427fbd9 risk=0.3334 class=1 latency=0.03ms
2026-09-04T14:54:33 [DEBUG] flow_state: Flow finalized: flow_id=6713fc79409e91ba reason=FIN
2026-09-04T14:54:33 [DEBUG] engine: Inference: flow_id=6713fc79409e91ba risk=0.3334 class=1 latency=0.04ms
2026-09-04T14:54:33 [DEBUG] flow_state: Flow finalized: flow_id=cacc4b3d3a12e9a4 reason=FIN
2026-09-04T14:54:33 [DEBUG] engine: Inference: flow_id=cacc4b3d3a12e9a4 risk=0.3334 class=1 latency=0.04ms
2026-09-04T14:54:33 [DEBUG] flow_state: Flow finalized: flow_id=233c3fb25cf30de2 reason=FIN
2026-09-04T14:54:33 [DEBUG] engine: Inference: flow_id=233c3fb25cf30de2 risk=0.3334 class=1 latency=0.04ms
2026-09-04T14:54:33 [DEBUG] flow_state: Flow finalized: flow_id=5a591eff8af0d87c reason=FIN
2026-09-04T14:54:33 [DEBUG] engine: Inference: flow_id=5a591eff8af0d87c risk=0.3334 class=1 latency=0.05ms
2026-09-04T14:54:34 [DEBUG] flow_state: Flow finalized: flow_id=20b8f548d9a6d5a3 reason=FIN
2026-09-04T14:54:34 [DEBUG] engine: Inference: flow_id=20b8f548d9a6d5a3 risk=0.3334 class=1 latency=0.04ms
2026-09-04T14:54:34 [DEBUG] flow_state: Flow finalized: flow_id=0ac582b8fc61f760 reason=FIN
2026-09-04T14:54:34 [DEBUG] engine: Inference: flow_id=0ac582b8fc61f760 risk=0.3334 class=1 latency=0.04ms
2026-09-04T14:54:34 [DEBUG] flow_state: Flow finalized: flow_id=f8ab93cf432c1fdf reason=FIN
2026-09-04T14:54:34 [DEBUG] engine: Inference: flow_id=f8ab93cf432c1fdf risk=0.3334 class=1 latency=0.04ms
2026-09-04T14:54:34 [DEBUG] flow_state: Flow finalized: flow_id=0755c1fbb4126f3f reason=FIN
2026-09-04T14:54:34 [DEBUG] engine: Inference: flow_id=0755c1fbb4126f3f risk=0.3334 class=1 latency=0.03ms
2026-09-04T14:54:34 [DEBUG] flow_state: Flow finalized: flow_id=06622986b2ec58e5 reason=FIN
2026-09-04T14:54:34 [DEBUG] engine: Inference: flow_id=06622986b2ec58e5 risk=0.3334 class=1 latency=0.04ms
2026-09-04T14:54:34 [DEBUG] flow_state: Flow finalized: flow_id=fcd4d0311b1ee472 reason=FIN
2026-09-04T14:54:34 [DEBUG] engine: Inference: flow_id=fcd4d0311b1ee472 risk=0.7928 class=1 latency=0.03ms
2026-09-04T14:54:34 [DEBUG] flow_state: Flow finalized: flow_id=449d8eda7bbd7ec1 reason=FIN
2026-09-04T14:54:34 [DEBUG] engine: Inference: flow_id=449d8eda7bbd7ec1 risk=0.3334 class=1 latency=0.02ms
2026-09-04T14:54:34 [DEBUG] flow_state: Flow finalized: flow_id=105cb41b6ba56f46 reason=FIN
2026-09-04T14:54:34 [DEBUG] engine: Inference: flow_id=105cb41b6ba56f46 risk=0.3334 class=1 latency=0.03ms
2026-09-04T14:54:34 [DEBUG] flow_state: Flow finalized: flow_id=a7afd08f01205b93 reason=FIN
2026-09-04T14:54:34 [DEBUG] engine: Inference: flow_id=a7afd08f01205b93 risk=0.3334 class=1 latency=0.03ms
2026-09-04T14:54:34 [DEBUG] flow_state: Flow finalized: flow_id=408043a3538cef32 reason=FIN
2026-09-04T14:54:34 [DEBUG] engine: Inference: flow_id=408043a3538cef32 risk=0.3334 class=1 latency=0.03ms
2026-09-04T14:54:34 [DEBUG] flow_state: Flow finalized: flow_id=8e9abbc5ffeb705b reason=FIN
2026-09-04T14:54:34 [DEBUG] engine: Inference: flow_id=8e9abbc5ffeb705b risk=0.3334 class=1 latency=0.09ms
2026-09-04T14:54:34 [DEBUG] flow_state: Flow finalized: flow_id=1073bbf3aa0977a0 reason=FIN
2026-09-04T14:54:34 [DEBUG] engine: Inference: flow_id=1073bbf3aa0977a0 risk=0.3334 class=1 latency=0.05ms
2026-09-04T14:54:34 [DEBUG] flow_state: Flow finalized: flow_id=511b5c19e92bb583 reason=FIN
2026-09-04T14:54:34 [DEBUG] engine: Inference: flow_id=511b5c19e92bb583 risk=0.3334 class=1 latency=0.04ms
2026-09-04T14:54:34 [DEBUG] flow_state: Flow finalized: flow_id=9d204eeec50f642f reason=FIN
2026-09-04T14:54:34 [DEBUG] flow_state: Flow finalized: flow_id=d6a0c367a616d39c reason=FIN
2026-09-04T14:54:34 [DEBUG] flow_state: Flow finalized: flow_id=597a950162b78641 reason=FIN
2026-09-04T14:54:34 [DEBUG] engine: Inference: flow_id=9d204eeec50f642f risk=0.7469 class=1 latency=0.24ms
2026-09-04T14:54:34 [DEBUG] engine: Inference: flow_id=d6a0c367a616d39c risk=0.3334 class=1 latency=0.03ms
2026-09-04T14:54:34 [DEBUG] engine: Inference: flow_id=597a950162b78641 risk=0.3334 class=1 latency=0.01ms
2026-09-04T14:54:34 [DEBUG] flow_state: Flow finalized: flow_id=2f744aea6c4b9b83 reason=FIN
2026-09-04T14:54:34 [DEBUG] engine: Inference: flow_id=2f744aea6c4b9b83 risk=0.3334 class=1 latency=0.04ms
2026-09-04T14:54:34 [DEBUG] flow_state: Flow finalized: flow_id=a6707b387bdccd2d reason=FIN
2026-09-04T14:54:34 [DEBUG] engine: Inference: flow_id=a6707b387bdccd2d risk=0.3334 class=1 latency=0.05ms
2026-09-04T14:54:34 [DEBUG] flow_state: Flow finalized: flow_id=bc11651ba8ec0047 reason=FIN
2026-09-04T14:54:34 [DEBUG] engine: Inference: flow_id=bc11651ba8ec0047 risk=0.3334 class=1 latency=0.04ms
2026-09-04T14:54:34 [DEBUG] flow_state: Flow finalized: flow_id=08c53cac25b123c9 reason=FIN
2026-09-04T14:54:34 [DEBUG] engine: Inference: flow_id=08c53cac25b123c9 risk=0.3334 class=1 latency=0.05ms
2026-09-04T14:54:34 [DEBUG] flow_state: Flow finalized: flow_id=80330a7a8be59341 reason=FIN
2026-09-04T14:54:34 [DEBUG] engine: Inference: flow_id=80330a7a8be59341 risk=0.3334 class=1 latency=0.04ms
2026-09-04T14:54:34 [DEBUG] flow_state: Flow finalized: flow_id=c2aa36ca809dbbd3 reason=FIN
2026-09-04T14:54:34 [DEBUG] engine: Inference: flow_id=c2aa36ca809dbbd3 risk=0.3334 class=1 latency=0.03ms
2026-09-04T14:54:34 [DEBUG] flow_state: Flow finalized: flow_id=9097e182f73c8ad0 reason=FIN
2026-09-04T14:54:34 [DEBUG] engine: Inference: flow_id=9097e182f73c8ad0 risk=0.3334 class=1 latency=0.03ms
2026-09-04T14:54:34 [DEBUG] flow_state: Flow finalized: flow_id=6f42ec992dcc75fb reason=FIN
2026-09-04T14:54:34 [DEBUG] engine: Inference: flow_id=6f42ec992dcc75fb risk=0.3334 class=1 latency=0.03ms
2026-09-04T14:54:34 [DEBUG] flow_state: Flow finalized: flow_id=64095343b8eee5e3 reason=FIN
2026-09-04T14:54:34 [DEBUG] engine: Inference: flow_id=64095343b8eee5e3 risk=0.3334 class=1 latency=0.03ms
2026-09-04T14:54:34 [DEBUG] flow_state: Flow finalized: flow_id=a40851129673baf4 reason=FIN
2026-09-04T14:54:34 [DEBUG] engine: Inference: flow_id=a40851129673baf4 risk=0.3334 class=1 latency=0.03ms
2026-09-04T14:54:34 [DEBUG] flow_state: Flow finalized: flow_id=24aaff0004257a59 reason=FIN
2026-09-04T14:54:34 [DEBUG] engine: Inference: flow_id=24aaff0004257a59 risk=0.3334 class=1 latency=0.03ms
2026-09-04T14:54:34 [DEBUG] flow_state: Flow finalized: flow_id=a0af027e346fd3ec reason=FIN
2026-09-04T14:54:34 [DEBUG] engine: Inference: flow_id=a0af027e346fd3ec risk=0.3334 class=1 latency=0.03ms
2026-09-04T14:54:34 [DEBUG] flow_state: Flow finalized: flow_id=9eeb9318f463c176 reason=FIN
2026-09-04T14:54:34 [DEBUG] engine: Inference: flow_id=9eeb9318f463c176 risk=0.3334 class=1 latency=0.03ms
2026-09-04T14:54:34 [DEBUG] flow_state: Flow finalized: flow_id=54b65a4c426d1c4c reason=FIN
2026-09-04T14:54:34 [DEBUG] engine: Inference: flow_id=54b65a4c426d1c4c risk=0.3334 class=1 latency=0.04ms
2026-09-04T14:54:34 [DEBUG] flow_state: Flow finalized: flow_id=9b232e5d231385d4 reason=FIN
2026-09-04T14:54:34 [DEBUG] engine: Inference: flow_id=9b232e5d231385d4 risk=0.3334 class=1 latency=0.03ms
2026-09-04T14:54:34 [DEBUG] flow_state: Flow finalized: flow_id=30f4765f541cbe92 reason=FIN
2026-09-04T14:54:34 [DEBUG] engine: Inference: flow_id=30f4765f541cbe92 risk=0.3334 class=1 latency=0.03ms
2026-09-04T14:54:34 [DEBUG] flow_state: Flow finalized: flow_id=488caf8d8aff4973 reason=FIN
2026-09-04T14:54:34 [DEBUG] engine: Inference: flow_id=488caf8d8aff4973 risk=0.3334 class=1 latency=0.03ms
2026-09-04T14:54:34 [DEBUG] flow_state: Flow finalized: flow_id=c3bb8876d9fae2af reason=FIN
2026-09-04T14:54:34 [DEBUG] engine: Inference: flow_id=c3bb8876d9fae2af risk=0.3334 class=1 latency=0.07ms
2026-09-04T14:54:34 [DEBUG] flow_state: Flow finalized: flow_id=0a15daa8a962c857 reason=FIN
2026-09-04T14:54:34 [DEBUG] engine: Inference: flow_id=0a15daa8a962c857 risk=0.3334 class=1 latency=0.07ms
2026-09-04T14:54:34 [DEBUG] flow_state: Flow finalized: flow_id=4daab4a7174c06da reason=FIN
2026-09-04T14:54:34 [DEBUG] engine: Inference: flow_id=4daab4a7174c06da risk=0.3334 class=1 latency=0.05ms
2026-09-04T14:54:34 [DEBUG] flow_state: Flow finalized: flow_id=f98fa30f0e498dd8 reason=FIN
2026-09-04T14:54:34 [DEBUG] engine: Inference: flow_id=f98fa30f0e498dd8 risk=0.3334 class=1 latency=0.04ms
2026-09-04T14:54:34 [DEBUG] flow_state: Flow finalized: flow_id=6a6b95605a62c475 reason=FIN
2026-09-04T14:54:34 [DEBUG] engine: Inference: flow_id=6a6b95605a62c475 risk=0.3334 class=1 latency=0.03ms
2026-09-04T14:54:34 [DEBUG] flow_state: Flow finalized: flow_id=69a50ac202fd4880 reason=FIN
2026-09-04T14:54:34 [DEBUG] engine: Inference: flow_id=69a50ac202fd4880 risk=0.3334 class=1 latency=0.03ms
2026-09-04T14:54:34 [DEBUG] flow_state: Flow finalized: flow_id=c878f4c61768df81 reason=FIN
2026-09-04T14:54:34 [DEBUG] engine: Inference: flow_id=c878f4c61768df81 risk=0.3334 class=1 latency=0.03ms
2026-09-04T14:54:34 [DEBUG] flow_state: Flow finalized: flow_id=09114110b834f2bb reason=FIN
2026-09-04T14:54:34 [DEBUG] engine: Inference: flow_id=09114110b834f2bb risk=0.3334 class=1 latency=0.03ms
2026-09-04T14:54:34 [DEBUG] flow_state: Flow finalized: flow_id=451dfda9daed7fba reason=FIN
2026-09-04T14:54:34 [DEBUG] engine: Inference: flow_id=451dfda9daed7fba risk=0.3334 class=1 latency=0.03ms
2026-09-04T14:54:34 [DEBUG] flow_state: Flow finalized: flow_id=7a74a27e579c4979 reason=FIN
2026-09-04T14:54:34 [DEBUG] engine: Inference: flow_id=7a74a27e579c4979 risk=0.3334 class=1 latency=0.04ms
2026-09-04T14:54:34 [DEBUG] flow_state: Flow finalized: flow_id=ddc7bc6fd8b20f8b reason=FIN
2026-09-04T14:54:34 [DEBUG] engine: Inference: flow_id=ddc7bc6fd8b20f8b risk=0.3334 class=1 latency=0.03ms
2026-09-04T14:54:34 [DEBUG] flow_state: Flow finalized: flow_id=7c32612809378006 reason=FIN
2026-09-04T14:54:34 [DEBUG] engine: Inference: flow_id=7c32612809378006 risk=0.3334 class=1 latency=0.02ms
2026-09-04T14:54:35 [DEBUG] flow_state: Flow finalized: flow_id=32e0fea209ca1a13 reason=FIN
2026-09-04T14:54:35 [DEBUG] engine: Inference: flow_id=32e0fea209ca1a13 risk=0.3334 class=1 latency=0.03ms
2026-09-04T14:54:35 [DEBUG] flow_state: Flow finalized: flow_id=f97db4d612a4655e reason=FIN
2026-09-04T14:54:35 [DEBUG] engine: Inference: flow_id=f97db4d612a4655e risk=0.3334 class=1 latency=0.03ms
2026-09-04T14:54:37 [DEBUG] flow_state: Flow finalized: flow_id=f03f6da970d867e5 reason=TIMEOUT
2026-09-04T14:54:37 [DEBUG] engine: Inference: flow_id=f03f6da970d867e5 risk=0.3334 class=1 latency=2.11ms
2026-09-04T14:54:38 [INFO] chronoguard.main: Received SIGINT — initiating shutdown
2026-09-04T14:54:38 [INFO] optimizer: Optimizer thread stopped
2026-09-04T14:54:38 [DEBUG] flow_state: Flow finalized: flow_id=24965f8b1b45a71c reason=TIMEOUT
2026-09-04T14:54:38 [DEBUG] flow_state: Flow finalized: flow_id=f492f86be353448c reason=TIMEOUT
2026-09-04T14:54:38 [DEBUG] flow_state: Flow finalized: flow_id=689643a046b560af reason=TIMEOUT
2026-09-04T14:54:38 [DEBUG] flow_state: Flow finalized: flow_id=71b923d8fcbfa2a8 reason=TIMEOUT
2026-09-04T14:54:38 [DEBUG] flow_state: Flow finalized: flow_id=326968f641f2341f reason=TIMEOUT
2026-09-04T14:54:38 [DEBUG] flow_state: Flow finalized: flow_id=0520d8f3772cdb01 reason=TIMEOUT
2026-09-04T14:54:38 [DEBUG] flow_state: Flow finalized: flow_id=933916035d26744e reason=TIMEOUT
2026-09-04T14:54:38 [DEBUG] flow_state: Flow finalized: flow_id=06322ddc24e84aad reason=TIMEOUT
2026-09-04T14:54:38 [DEBUG] flow_state: Flow finalized: flow_id=32eaf0fb8ede66a8 reason=TIMEOUT
2026-09-04T14:54:38 [DEBUG] flow_state: Flow finalized: flow_id=24d96f2538e7e212 reason=TIMEOUT
2026-09-04T14:54:38 [DEBUG] flow_state: Flow finalized: flow_id=31190b17385ed7b5 reason=TIMEOUT
2026-09-04T14:54:38 [DEBUG] flow_state: Flow finalized: flow_id=6008fd0714340754 reason=TIMEOUT
2026-09-04T14:54:38 [DEBUG] flow_state: Flow finalized: flow_id=56b4a8fe87380b0a reason=TIMEOUT
2026-09-04T14:54:38 [DEBUG] flow_state: Flow finalized: flow_id=9d3cc01220bbbc53 reason=TIMEOUT
2026-09-04T14:54:38 [DEBUG] flow_state: Flow finalized: flow_id=9ad73ccac171263e reason=TIMEOUT
2026-09-04T14:54:38 [DEBUG] flow_state: Flow finalized: flow_id=9b55fdab72867b8e reason=TIMEOUT
2026-09-04T14:54:38 [DEBUG] flow_state: Flow finalized: flow_id=f47773e372e7a14f reason=TIMEOUT
2026-09-04T14:54:38 [DEBUG] flow_state: Flow finalized: flow_id=610c03d6fac90f7b reason=TIMEOUT
2026-09-04T14:54:38 [DEBUG] flow_state: Flow finalized: flow_id=272b81c4dbc4517d reason=TIMEOUT
2026-09-04T14:54:38 [DEBUG] flow_state: Flow finalized: flow_id=e49f9479e33e1c38 reason=TIMEOUT
2026-09-04T14:54:38 [DEBUG] flow_state: Flow finalized: flow_id=889a689106507899 reason=TIMEOUT
2026-09-04T14:54:38 [DEBUG] flow_state: Flow finalized: flow_id=148e76188d85c9bb reason=TIMEOUT
2026-09-04T14:54:38 [DEBUG] flow_state: Flow finalized: flow_id=707e5f96bcd786c2 reason=TIMEOUT
2026-09-04T14:54:38 [DEBUG] flow_state: Flow finalized: flow_id=0c49cc42cd2ce509 reason=TIMEOUT
2026-09-04T14:54:38 [DEBUG] flow_state: Flow finalized: flow_id=5251b0ab31361745 reason=TIMEOUT
2026-09-04T14:54:38 [DEBUG] flow_state: Flow finalized: flow_id=3200f070ccac50f9 reason=TIMEOUT
2026-09-04T14:54:38 [DEBUG] flow_state: Flow finalized: flow_id=c8b43c4c0a8a9d25 reason=TIMEOUT
2026-09-04T14:54:38 [DEBUG] flow_state: Flow finalized: flow_id=561f003866fd92ac reason=TIMEOUT
2026-09-04T14:54:38 [DEBUG] flow_state: Flow finalized: flow_id=c91e052f965774fe reason=TIMEOUT
2026-09-04T14:54:38 [DEBUG] flow_state: Flow finalized: flow_id=18f8b2f466f5931c reason=TIMEOUT
2026-09-04T14:54:38 [DEBUG] flow_state: Flow finalized: flow_id=3628667485d72d56 reason=TIMEOUT
2026-09-04T14:54:38 [DEBUG] flow_state: Flow finalized: flow_id=0637743f4d218781 reason=TIMEOUT
2026-09-04T14:54:38 [DEBUG] flow_state: Flow finalized: flow_id=ea463a1c2e05ccfd reason=TIMEOUT
2026-09-04T14:54:38 [DEBUG] flow_state: Flow finalized: flow_id=55c2593a5ac7c714 reason=TIMEOUT
2026-09-04T14:54:38 [DEBUG] flow_state: Flow finalized: flow_id=c1f2f195b8c21c80 reason=TIMEOUT
2026-09-04T14:54:38 [DEBUG] flow_state: Flow finalized: flow_id=ffe09c292ff8ca14 reason=TIMEOUT
2026-09-04T14:54:38 [DEBUG] flow_state: Flow finalized: flow_id=768f21c4877d6379 reason=TIMEOUT
2026-09-04T14:54:38 [DEBUG] flow_state: Flow finalized: flow_id=6b79e38cd12cc2e4 reason=TIMEOUT
2026-09-04T14:54:38 [DEBUG] flow_state: Flow finalized: flow_id=cfd2fbdf23b31f02 reason=TIMEOUT
2026-09-04T14:54:38 [DEBUG] flow_state: Flow finalized: flow_id=42a7feac5b353477 reason=TIMEOUT
2026-09-04T14:54:38 [DEBUG] flow_state: Flow finalized: flow_id=d269ac2a6216d7c6 reason=TIMEOUT
2026-09-04T14:54:38 [DEBUG] flow_state: Flow finalized: flow_id=20f02f57c3876966 reason=TIMEOUT
2026-09-04T14:54:38 [DEBUG] flow_state: Flow finalized: flow_id=bc4f2597724ae679 reason=TIMEOUT
2026-09-04T14:54:38 [DEBUG] flow_state: Flow finalized: flow_id=8d2c4aec3efc1fe1 reason=TIMEOUT
2026-09-04T14:54:38 [DEBUG] flow_state: Flow finalized: flow_id=100e00f47fa4af61 reason=TIMEOUT
2026-09-04T14:54:38 [DEBUG] flow_state: Flow finalized: flow_id=146ed5b6cb742a25 reason=TIMEOUT
2026-09-04T14:54:38 [DEBUG] flow_state: Flow finalized: flow_id=52e1c7a3359b1fa6 reason=TIMEOUT
2026-09-04T14:54:38 [DEBUG] flow_state: Flow finalized: flow_id=f29f00149eeab57f reason=TIMEOUT
2026-09-04T14:54:38 [DEBUG] flow_state: Flow finalized: flow_id=c08d6aa79a314d99 reason=TIMEOUT
2026-09-04T14:54:38 [DEBUG] flow_state: Flow finalized: flow_id=80174b4931916772 reason=TIMEOUT
2026-09-04T14:54:38 [DEBUG] flow_state: Flow finalized: flow_id=0fc62dcde4e0a016 reason=TIMEOUT
2026-09-04T14:54:38 [DEBUG] flow_state: Flow finalized: flow_id=74b0d6ae422e0c89 reason=TIMEOUT
2026-09-04T14:54:38 [DEBUG] flow_state: Flow finalized: flow_id=5edf68d183fe2f88 reason=TIMEOUT
2026-09-04T14:54:38 [DEBUG] flow_state: Flow finalized: flow_id=601ec7dd58a59500 reason=TIMEOUT
2026-09-04T14:54:38 [DEBUG] flow_state: Flow finalized: flow_id=3dc274c0a35e94b7 reason=TIMEOUT
2026-09-04T14:54:38 [DEBUG] flow_state: Flow finalized: flow_id=77196f64b50857a5 reason=TIMEOUT
2026-09-04T14:54:38 [DEBUG] flow_state: Flow finalized: flow_id=954d1ed56a42535d reason=TIMEOUT
2026-09-04T14:54:38 [DEBUG] flow_state: Flow finalized: flow_id=8558ea185b963dc8 reason=TIMEOUT
2026-09-04T14:54:38 [DEBUG] flow_state: Flow finalized: flow_id=770c934148238181 reason=TIMEOUT
2026-09-04T14:54:38 [DEBUG] flow_state: Flow finalized: flow_id=0a8cb34647e4fd7f reason=TIMEOUT
2026-09-04T14:54:38 [DEBUG] flow_state: Flow finalized: flow_id=800ce342a5a2d5fb reason=TIMEOUT
2026-09-04T14:54:38 [DEBUG] flow_state: Flow finalized: flow_id=6202ad4f6e1df78d reason=TIMEOUT
2026-09-04T14:54:38 [DEBUG] flow_state: Flow finalized: flow_id=76c14b8fe5bb6cae reason=TIMEOUT
2026-09-04T14:54:38 [DEBUG] flow_state: Flow finalized: flow_id=9b27359ad1e2f310 reason=TIMEOUT
2026-09-04T14:54:38 [DEBUG] flow_state: Flow finalized: flow_id=a1203ad4cc4e5b6b reason=TIMEOUT
2026-09-04T14:54:38 [DEBUG] flow_state: Flow finalized: flow_id=fe10d403996b8674 reason=TIMEOUT
2026-09-04T14:54:38 [DEBUG] flow_state: Flow finalized: flow_id=f01cbc6f5145fed9 reason=TIMEOUT
2026-09-04T14:54:38 [DEBUG] flow_state: Flow finalized: flow_id=86c7dc3a36a38d80 reason=TIMEOUT
2026-09-04T14:54:38 [DEBUG] flow_state: Flow finalized: flow_id=fe80ded15608b6e4 reason=TIMEOUT
2026-09-04T14:54:38 [DEBUG] flow_state: Flow finalized: flow_id=fb64254dc5909c4f reason=TIMEOUT
2026-09-04T14:54:38 [DEBUG] flow_state: Flow finalized: flow_id=4d8f727e87a03842 reason=TIMEOUT
2026-09-04T14:54:38 [DEBUG] flow_state: Flow finalized: flow_id=22c03ce240bbb7e6 reason=TIMEOUT
2026-09-04T14:54:38 [DEBUG] flow_state: Flow finalized: flow_id=e5cbe30348639280 reason=TIMEOUT
2026-09-04T14:54:38 [DEBUG] flow_state: Flow finalized: flow_id=41c5a3775b40c2f7 reason=TIMEOUT
2026-09-04T14:54:38 [DEBUG] flow_state: Flow finalized: flow_id=9de467050158b98d reason=TIMEOUT
2026-09-04T14:54:38 [DEBUG] flow_state: Flow finalized: flow_id=75b34214e9ddd0a6 reason=TIMEOUT
2026-09-04T14:54:38 [DEBUG] flow_state: Flow finalized: flow_id=7755f4ffe81e7028 reason=TIMEOUT
2026-09-04T14:54:38 [INFO] sniffer: Sniffer stopped. Total packets captured: 7030, remaining flows finalized: 77
2026-09-04T14:54:38 [DEBUG] engine: Inference: flow_id=24965f8b1b45a71c risk=0.3334 class=1 latency=0.06ms
2026-09-04T14:54:38 [INFO] engine: Drained 76 remaining records from queue
2026-09-04T14:54:38 [INFO] db: SQLite connection closed
2026-09-04T14:54:38 [INFO] engine: Engine thread stopped
2026-09-04T14:54:38 [INFO] chronoguard.main: Clean shutdown completed in 0.01s
2026-09-04T14:55:40 [INFO] chronoguard.main: ============================================================
2026-09-04T14:55:40 [INFO] chronoguard.main: ChronoGuard v1.0 — M2 Drift Detection & Adaptive Retraining
2026-09-04T14:55:40 [INFO] chronoguard.main:   Interface   : lo0
2026-09-04T14:55:40 [INFO] chronoguard.main:   Model path  : model.onnx
2026-09-04T14:55:40 [INFO] chronoguard.main:   DB path     : chronoguard.db
2026-09-04T14:55:40 [INFO] chronoguard.main:   Queue size  : 10000
2026-09-04T14:55:40 [INFO] chronoguard.main:   Holdout path: golden_holdout.csv
2026-09-04T14:55:40 [INFO] chronoguard.main:   ADWIN delta : 0.0020
2026-09-04T14:55:40 [INFO] chronoguard.main:   Log level   : DEBUG
2026-09-04T14:55:40 [INFO] chronoguard.main: ============================================================
2026-09-04T14:55:40 [INFO] model_registry: ModelRegistry initialized: path=/Users/aakash/Developer/projects/safeguard/chronoguard v1.0/model.onnx version=23bbd5be91e1
2026-09-04T14:55:40 [INFO] drift_monitor: DriftMonitor initialized: features=['risk_score', 'flow_duration', 'fwd_packets_per_sec'], adwin_delta=0.0020
2026-09-04T14:55:40 [INFO] sniffer: Sniffer starting on interface: lo0
2026-09-04T14:55:40 [INFO] chronoguard.main: All threads started in 0.00s (sniffer, engine, optimizer)
2026-09-04T14:55:40 [INFO] engine: ONNX model loaded: /Users/aakash/Developer/projects/safeguard/chronoguard v1.0/model.onnx (version: 23bbd5be91e1, input: [None, 14])
2026-09-04T14:55:40 [INFO] optimizer: Optimizer thread started — waiting for drift signals
2026-09-04T14:55:40 [INFO] db: SQLite database initialized: chronoguard.db (WAL mode)
2026-09-04T14:55:40 [INFO] engine: Engine thread started — consuming from queue
2026-09-04T14:55:44 [DEBUG] flow_state: Skipping non-IP packet
2026-09-04T14:55:45 [DEBUG] flow_state: Skipping non-IP packet (125 similar messages suppressed)
2026-09-04T14:55:46 [DEBUG] flow_state: Skipping non-IP packet (127 similar messages suppressed)
2026-09-04T14:55:47 [DEBUG] flow_state: Skipping non-IP packet (130 similar messages suppressed)
2026-09-04T14:55:48 [DEBUG] flow_state: Skipping non-IP packet (124 similar messages suppressed)
2026-09-04T14:55:49 [DEBUG] flow_state: Skipping non-IP packet (129 similar messages suppressed)
2026-09-04T14:55:50 [DEBUG] flow_state: Skipping non-IP packet (128 similar messages suppressed)
2026-09-04T14:55:50 [DEBUG] flow_state: Flow finalized: flow_id=d1d19269c39995ce reason=FIN
2026-09-04T14:55:50 [DEBUG] engine: Inference: flow_id=d1d19269c39995ce risk=0.3334 class=1 latency=0.16ms
2026-09-04T14:55:51 [DEBUG] flow_state: Flow finalized: flow_id=fe57ed02887d97c6 reason=FIN
2026-09-04T14:55:51 [DEBUG] engine: Inference: flow_id=fe57ed02887d97c6 risk=0.3334 class=1 latency=0.04ms
2026-09-04T14:55:51 [DEBUG] flow_state: Flow finalized: flow_id=b3112411973029a0 reason=FIN
2026-09-04T14:55:51 [DEBUG] engine: Inference: flow_id=b3112411973029a0 risk=0.3334 class=1 latency=0.05ms
2026-09-04T14:55:51 [DEBUG] flow_state: Flow finalized: flow_id=6198e10edc62e99a reason=FIN
2026-09-04T14:55:51 [DEBUG] engine: Inference: flow_id=6198e10edc62e99a risk=0.3334 class=1 latency=0.04ms
2026-09-04T14:55:51 [DEBUG] flow_state: Skipping non-IP packet (128 similar messages suppressed)
2026-09-04T14:55:51 [DEBUG] flow_state: Flow finalized: flow_id=33d0cca1c141234a reason=FIN
2026-09-04T14:55:51 [DEBUG] engine: Inference: flow_id=33d0cca1c141234a risk=0.3334 class=1 latency=0.04ms
2026-09-04T14:55:51 [DEBUG] flow_state: Flow finalized: flow_id=12abb7db740721a3 reason=FIN
2026-09-04T14:55:51 [DEBUG] engine: Inference: flow_id=12abb7db740721a3 risk=0.3334 class=1 latency=0.03ms
2026-09-04T14:55:51 [DEBUG] flow_state: Flow finalized: flow_id=126c2bbb047a1e70 reason=FIN
2026-09-04T14:55:51 [DEBUG] engine: Inference: flow_id=126c2bbb047a1e70 risk=0.3334 class=1 latency=0.03ms
2026-09-04T14:55:51 [DEBUG] flow_state: Flow finalized: flow_id=d92f618c04e0a1f5 reason=FIN
2026-09-04T14:55:51 [DEBUG] engine: Inference: flow_id=d92f618c04e0a1f5 risk=0.3334 class=1 latency=0.04ms
2026-09-04T14:55:51 [DEBUG] flow_state: Flow finalized: flow_id=756bc31900391d36 reason=FIN
2026-09-04T14:55:51 [DEBUG] engine: Inference: flow_id=756bc31900391d36 risk=0.3334 class=1 latency=0.04ms
2026-09-04T14:55:51 [DEBUG] flow_state: Flow finalized: flow_id=4992e8bffd31b06f reason=FIN
2026-09-04T14:55:51 [DEBUG] engine: Inference: flow_id=4992e8bffd31b06f risk=0.3334 class=1 latency=0.04ms
2026-09-04T14:55:52 [DEBUG] flow_state: Flow finalized: flow_id=6a29bcc7528160ad reason=FIN
2026-09-04T14:55:52 [DEBUG] engine: Inference: flow_id=6a29bcc7528160ad risk=0.3334 class=1 latency=0.03ms
2026-09-04T14:55:52 [DEBUG] flow_state: Flow finalized: flow_id=3b129c0ccc4ce936 reason=FIN
2026-09-04T14:55:52 [DEBUG] engine: Inference: flow_id=3b129c0ccc4ce936 risk=0.3334 class=1 latency=0.03ms
2026-09-04T14:55:52 [DEBUG] flow_state: Flow finalized: flow_id=a366c0410dceb152 reason=FIN
2026-09-04T14:55:52 [DEBUG] engine: Inference: flow_id=a366c0410dceb152 risk=0.3334 class=1 latency=0.05ms
2026-09-04T14:55:52 [DEBUG] flow_state: Flow finalized: flow_id=460daa50d6f20f5b reason=FIN
2026-09-04T14:55:52 [DEBUG] engine: Inference: flow_id=460daa50d6f20f5b risk=0.3334 class=1 latency=0.03ms
2026-09-04T14:55:52 [DEBUG] flow_state: Flow finalized: flow_id=1618ba741644b07e reason=FIN
2026-09-04T14:55:52 [DEBUG] engine: Inference: flow_id=1618ba741644b07e risk=0.3334 class=1 latency=0.03ms
2026-09-04T14:55:52 [DEBUG] flow_state: Skipping non-IP packet (121 similar messages suppressed)
2026-09-04T14:55:52 [DEBUG] flow_state: Flow finalized: flow_id=a6b34170b30ceed2 reason=FIN
2026-09-04T14:55:52 [DEBUG] engine: Inference: flow_id=a6b34170b30ceed2 risk=0.3334 class=1 latency=0.03ms
2026-09-04T14:55:52 [DEBUG] flow_state: Flow finalized: flow_id=ab5feea0768dfb91 reason=FIN
2026-09-04T14:55:52 [DEBUG] engine: Inference: flow_id=ab5feea0768dfb91 risk=0.3334 class=1 latency=0.03ms
2026-09-04T14:55:52 [DEBUG] flow_state: Flow finalized: flow_id=4900b75bc494a11d reason=FIN
2026-09-04T14:55:52 [DEBUG] engine: Inference: flow_id=4900b75bc494a11d risk=0.3334 class=1 latency=0.02ms
2026-09-04T14:55:52 [DEBUG] flow_state: Flow finalized: flow_id=abe802502f8445ed reason=FIN
2026-09-04T14:55:52 [DEBUG] engine: Inference: flow_id=abe802502f8445ed risk=0.3334 class=1 latency=0.05ms
2026-09-04T14:55:52 [DEBUG] flow_state: Flow finalized: flow_id=2d8b94913c6a7052 reason=FIN
2026-09-04T14:55:52 [DEBUG] engine: Inference: flow_id=2d8b94913c6a7052 risk=0.3334 class=1 latency=0.03ms
2026-09-04T14:55:52 [DEBUG] flow_state: Flow finalized: flow_id=cde8c9eae4f37d04 reason=FIN
2026-09-04T14:55:52 [DEBUG] engine: Inference: flow_id=cde8c9eae4f37d04 risk=0.3334 class=1 latency=0.02ms
2026-09-04T14:55:52 [DEBUG] flow_state: Flow finalized: flow_id=219c6ac8c3926eba reason=FIN
2026-09-04T14:55:52 [DEBUG] engine: Inference: flow_id=219c6ac8c3926eba risk=0.3334 class=1 latency=0.03ms
2026-09-04T14:55:53 [DEBUG] flow_state: Flow finalized: flow_id=b1157c085a713cda reason=FIN
2026-09-04T14:55:53 [DEBUG] engine: Inference: flow_id=b1157c085a713cda risk=0.3334 class=1 latency=0.02ms
2026-09-04T14:55:53 [DEBUG] flow_state: Flow finalized: flow_id=6a7e7023f3c12488 reason=FIN
2026-09-04T14:55:53 [DEBUG] engine: Inference: flow_id=6a7e7023f3c12488 risk=0.3334 class=1 latency=0.06ms
2026-09-04T14:55:53 [DEBUG] flow_state: Flow finalized: flow_id=53c2357ad25957a6 reason=FIN
2026-09-04T14:55:53 [DEBUG] engine: Inference: flow_id=53c2357ad25957a6 risk=0.3334 class=1 latency=0.05ms
2026-09-04T14:55:53 [DEBUG] flow_state: Flow finalized: flow_id=d710d0ca8914e40f reason=FIN
2026-09-04T14:55:53 [DEBUG] engine: Inference: flow_id=d710d0ca8914e40f risk=0.3334 class=1 latency=0.05ms
2026-09-04T14:55:53 [DEBUG] flow_state: Flow finalized: flow_id=6c0b1ef6ddb1b013 reason=FIN
2026-09-04T14:55:53 [DEBUG] engine: Inference: flow_id=6c0b1ef6ddb1b013 risk=0.3334 class=1 latency=0.03ms
2026-09-04T14:55:53 [DEBUG] flow_state: Skipping non-IP packet (121 similar messages suppressed)
2026-09-04T14:55:53 [DEBUG] flow_state: Flow finalized: flow_id=a7cc59e3e6f18c0a reason=FIN
2026-09-04T14:55:53 [DEBUG] engine: Inference: flow_id=a7cc59e3e6f18c0a risk=0.3334 class=1 latency=0.03ms
2026-09-04T14:55:53 [DEBUG] flow_state: Flow finalized: flow_id=9da01fd2a7792910 reason=FIN
2026-09-04T14:55:53 [DEBUG] engine: Inference: flow_id=9da01fd2a7792910 risk=0.3334 class=1 latency=0.03ms
2026-09-04T14:55:53 [DEBUG] flow_state: Flow finalized: flow_id=0c12699626a0b1ea reason=FIN
2026-09-04T14:55:53 [DEBUG] engine: Inference: flow_id=0c12699626a0b1ea risk=0.3334 class=1 latency=0.03ms
2026-09-04T14:55:53 [DEBUG] flow_state: Flow finalized: flow_id=43e4ff69f2fcce11 reason=FIN
2026-09-04T14:55:53 [DEBUG] engine: Inference: flow_id=43e4ff69f2fcce11 risk=0.3334 class=1 latency=0.02ms
2026-09-04T14:55:53 [DEBUG] flow_state: Flow finalized: flow_id=7cc0dc0925917297 reason=FIN
2026-09-04T14:55:53 [DEBUG] engine: Inference: flow_id=7cc0dc0925917297 risk=0.3334 class=1 latency=0.04ms
2026-09-04T14:55:53 [DEBUG] flow_state: Flow finalized: flow_id=7390a0f8bf7d206b reason=FIN
2026-09-04T14:55:53 [DEBUG] engine: Inference: flow_id=7390a0f8bf7d206b risk=0.3334 class=1 latency=0.03ms
2026-09-04T14:55:53 [DEBUG] flow_state: Flow finalized: flow_id=32c39bb639708e8d reason=FIN
2026-09-04T14:55:53 [DEBUG] engine: Inference: flow_id=32c39bb639708e8d risk=0.3334 class=1 latency=0.03ms
2026-09-04T14:55:53 [DEBUG] flow_state: Flow finalized: flow_id=5fc4f3c224d81a4f reason=FIN
2026-09-04T14:55:53 [DEBUG] engine: Inference: flow_id=5fc4f3c224d81a4f risk=0.3334 class=1 latency=0.03ms
2026-09-04T14:55:53 [DEBUG] flow_state: Flow finalized: flow_id=4223770071409df3 reason=FIN
2026-09-04T14:55:53 [DEBUG] engine: Inference: flow_id=4223770071409df3 risk=0.3334 class=1 latency=0.02ms
2026-09-04T14:55:54 [DEBUG] flow_state: Flow finalized: flow_id=4a9ec0317d8c2baa reason=FIN
2026-09-04T14:55:54 [DEBUG] engine: Inference: flow_id=4a9ec0317d8c2baa risk=0.3334 class=1 latency=0.02ms
2026-09-04T14:55:54 [DEBUG] flow_state: Flow finalized: flow_id=457b751b2073c17d reason=FIN
2026-09-04T14:55:54 [DEBUG] engine: Inference: flow_id=457b751b2073c17d risk=0.3334 class=1 latency=0.02ms
2026-09-04T14:55:54 [DEBUG] flow_state: Flow finalized: flow_id=6a87fda4a26aff14 reason=FIN
2026-09-04T14:55:54 [DEBUG] engine: Inference: flow_id=6a87fda4a26aff14 risk=0.3334 class=1 latency=0.05ms
2026-09-04T14:55:54 [DEBUG] flow_state: Flow finalized: flow_id=87d9167d4fcb6aa6 reason=FIN
2026-09-04T14:55:54 [DEBUG] engine: Inference: flow_id=87d9167d4fcb6aa6 risk=0.3334 class=1 latency=0.03ms
2026-09-04T14:55:54 [DEBUG] flow_state: Flow finalized: flow_id=279256e6de75dd29 reason=FIN
2026-09-04T14:55:54 [DEBUG] engine: Inference: flow_id=279256e6de75dd29 risk=0.3334 class=1 latency=0.02ms
2026-09-04T14:55:54 [DEBUG] flow_state: Flow finalized: flow_id=6cc4071d9ee9f783 reason=FIN
2026-09-04T14:55:54 [DEBUG] engine: Inference: flow_id=6cc4071d9ee9f783 risk=0.3334 class=1 latency=0.03ms
2026-09-04T14:55:54 [DEBUG] flow_state: Skipping non-IP packet (119 similar messages suppressed)
2026-09-04T14:55:54 [DEBUG] flow_state: Flow finalized: flow_id=fbe57590fc8f084b reason=FIN
2026-09-04T14:55:54 [DEBUG] engine: Inference: flow_id=fbe57590fc8f084b risk=0.3334 class=1 latency=0.02ms
2026-09-04T14:55:54 [DEBUG] flow_state: Flow finalized: flow_id=1a04edc067af56f5 reason=FIN
2026-09-04T14:55:54 [DEBUG] engine: Inference: flow_id=1a04edc067af56f5 risk=0.3334 class=1 latency=0.02ms
2026-09-04T14:55:54 [DEBUG] flow_state: Flow finalized: flow_id=0f010710c97fc8fd reason=FIN
2026-09-04T14:55:54 [DEBUG] engine: Inference: flow_id=0f010710c97fc8fd risk=0.3334 class=1 latency=0.03ms
2026-09-04T14:55:54 [DEBUG] flow_state: Flow finalized: flow_id=484cb65636653082 reason=FIN
2026-09-04T14:55:54 [DEBUG] engine: Inference: flow_id=484cb65636653082 risk=0.3334 class=1 latency=0.03ms
2026-09-04T14:55:54 [DEBUG] flow_state: Flow finalized: flow_id=4860cc27e8574daa reason=FIN
2026-09-04T14:55:54 [DEBUG] engine: Inference: flow_id=4860cc27e8574daa risk=0.3334 class=1 latency=0.02ms
2026-09-04T14:55:54 [DEBUG] flow_state: Flow finalized: flow_id=a8195970ba26209c reason=FIN
2026-09-04T14:55:54 [DEBUG] engine: Inference: flow_id=a8195970ba26209c risk=0.3334 class=1 latency=0.03ms
2026-09-04T14:55:54 [DEBUG] flow_state: Flow finalized: flow_id=9fdbc32fe5e2371b reason=FIN
2026-09-04T14:55:54 [DEBUG] engine: Inference: flow_id=9fdbc32fe5e2371b risk=0.3334 class=1 latency=0.02ms
2026-09-04T14:55:54 [DEBUG] flow_state: Flow finalized: flow_id=c536ae12e252b22b reason=FIN
2026-09-04T14:55:54 [DEBUG] engine: Inference: flow_id=c536ae12e252b22b risk=0.3334 class=1 latency=0.03ms
2026-09-04T14:55:54 [DEBUG] flow_state: Flow finalized: flow_id=6400b045f826911c reason=FIN
2026-09-04T14:55:54 [DEBUG] engine: Inference: flow_id=6400b045f826911c risk=0.3334 class=1 latency=0.02ms
2026-09-04T14:55:54 [DEBUG] flow_state: Flow finalized: flow_id=c3c6a2a2e0b1bf98 reason=FIN
2026-09-04T14:55:54 [DEBUG] engine: Inference: flow_id=c3c6a2a2e0b1bf98 risk=0.3334 class=1 latency=0.02ms
2026-09-04T14:55:54 [DEBUG] flow_state: Flow finalized: flow_id=f3fa5967077eef06 reason=FIN
2026-09-04T14:55:54 [DEBUG] engine: Inference: flow_id=f3fa5967077eef06 risk=0.3334 class=1 latency=0.02ms
2026-09-04T14:55:55 [DEBUG] flow_state: Flow finalized: flow_id=9139723ccbca8a56 reason=FIN
2026-09-04T14:55:55 [DEBUG] engine: Inference: flow_id=9139723ccbca8a56 risk=0.3334 class=1 latency=0.02ms
2026-09-04T14:55:55 [DEBUG] flow_state: Flow finalized: flow_id=f732729f66f83766 reason=FIN
2026-09-04T14:55:55 [DEBUG] engine: Inference: flow_id=f732729f66f83766 risk=0.3334 class=1 latency=0.02ms
2026-09-04T14:55:55 [DEBUG] flow_state: Flow finalized: flow_id=77b7b08b06f57256 reason=FIN
2026-09-04T14:55:55 [DEBUG] engine: Inference: flow_id=77b7b08b06f57256 risk=0.3334 class=1 latency=0.02ms
2026-09-04T14:55:55 [DEBUG] flow_state: Flow finalized: flow_id=032ff43f3a6395d9 reason=FIN
2026-09-04T14:55:55 [DEBUG] engine: Inference: flow_id=032ff43f3a6395d9 risk=0.3334 class=1 latency=0.03ms
2026-09-04T14:55:55 [DEBUG] flow_state: Flow finalized: flow_id=00b6e830827c79cc reason=FIN
2026-09-04T14:55:55 [DEBUG] flow_state: Flow finalized: flow_id=ca82a9340d0bbe0e reason=FIN
2026-09-04T14:55:55 [DEBUG] engine: Inference: flow_id=00b6e830827c79cc risk=0.7928 class=1 latency=0.03ms
2026-09-04T14:55:55 [DEBUG] engine: Inference: flow_id=ca82a9340d0bbe0e risk=0.3334 class=1 latency=0.02ms
2026-09-04T14:55:55 [DEBUG] flow_state: Flow finalized: flow_id=916495954d61c1a8 reason=FIN
2026-09-04T14:55:55 [DEBUG] engine: Inference: flow_id=916495954d61c1a8 risk=0.3334 class=1 latency=0.01ms
2026-09-04T14:55:55 [DEBUG] flow_state: Flow finalized: flow_id=1d3cae879e8a0b09 reason=FIN
2026-09-04T14:55:55 [DEBUG] engine: Inference: flow_id=1d3cae879e8a0b09 risk=0.3334 class=1 latency=0.02ms
2026-09-04T14:55:55 [DEBUG] flow_state: Flow finalized: flow_id=1fe16b688fe9bb53 reason=FIN
2026-09-04T14:55:55 [DEBUG] engine: Inference: flow_id=1fe16b688fe9bb53 risk=0.3334 class=1 latency=0.01ms
2026-09-04T14:55:55 [DEBUG] flow_state: Flow finalized: flow_id=77b0b060d9fc6c7f reason=FIN
2026-09-04T14:55:55 [DEBUG] engine: Inference: flow_id=77b0b060d9fc6c7f risk=0.3334 class=1 latency=0.02ms
2026-09-04T14:55:55 [DEBUG] flow_state: Flow finalized: flow_id=f68e1dd2dd8499c6 reason=FIN
2026-09-04T14:55:55 [DEBUG] engine: Inference: flow_id=f68e1dd2dd8499c6 risk=0.3334 class=1 latency=0.02ms
2026-09-04T14:55:55 [DEBUG] flow_state: Skipping non-IP packet (126 similar messages suppressed)
2026-09-04T14:55:55 [DEBUG] flow_state: Flow finalized: flow_id=6dbb7cf7af0cff0d reason=FIN
2026-09-04T14:55:55 [DEBUG] engine: Inference: flow_id=6dbb7cf7af0cff0d risk=0.3334 class=1 latency=0.02ms
2026-09-04T14:55:55 [DEBUG] flow_state: Flow finalized: flow_id=ffae64da8afb8494 reason=FIN
2026-09-04T14:55:55 [DEBUG] engine: Inference: flow_id=ffae64da8afb8494 risk=0.3334 class=1 latency=0.02ms
2026-09-04T14:55:55 [DEBUG] flow_state: Flow finalized: flow_id=cd31f2f36cbce390 reason=FIN
2026-09-04T14:55:55 [DEBUG] engine: Inference: flow_id=cd31f2f36cbce390 risk=0.3334 class=1 latency=0.01ms
2026-09-04T14:55:55 [DEBUG] flow_state: Flow finalized: flow_id=f4abefe1456c6f9f reason=FIN
2026-09-04T14:55:55 [DEBUG] engine: Inference: flow_id=f4abefe1456c6f9f risk=0.3334 class=1 latency=0.02ms
2026-09-04T14:55:55 [DEBUG] flow_state: Flow finalized: flow_id=f4fe5ef48a4b9491 reason=FIN
2026-09-04T14:55:55 [DEBUG] engine: Inference: flow_id=f4fe5ef48a4b9491 risk=0.3334 class=1 latency=0.01ms
2026-09-04T14:55:55 [DEBUG] flow_state: Flow finalized: flow_id=6d8da43132088373 reason=FIN
2026-09-04T14:55:55 [DEBUG] engine: Inference: flow_id=6d8da43132088373 risk=0.3334 class=1 latency=0.01ms
2026-09-04T14:55:55 [DEBUG] flow_state: Flow finalized: flow_id=bebbfd1229aa4c13 reason=FIN
2026-09-04T14:55:55 [DEBUG] engine: Inference: flow_id=bebbfd1229aa4c13 risk=0.3334 class=1 latency=0.02ms
2026-09-04T14:55:55 [DEBUG] flow_state: Flow finalized: flow_id=f7f21e8bb128871e reason=FIN
2026-09-04T14:55:55 [DEBUG] engine: Inference: flow_id=f7f21e8bb128871e risk=0.3334 class=1 latency=0.03ms
2026-09-04T14:55:55 [DEBUG] flow_state: Flow finalized: flow_id=493e867898731bea reason=FIN
2026-09-04T14:55:55 [DEBUG] engine: Inference: flow_id=493e867898731bea risk=0.3334 class=1 latency=0.02ms
2026-09-04T14:55:55 [DEBUG] flow_state: Flow finalized: flow_id=ef8f718fe8f99d8b reason=FIN
2026-09-04T14:55:55 [DEBUG] engine: Inference: flow_id=ef8f718fe8f99d8b risk=0.3334 class=1 latency=0.02ms
2026-09-04T14:55:55 [DEBUG] flow_state: Flow finalized: flow_id=ff348bb8e20f0e1f reason=FIN
2026-09-04T14:55:55 [DEBUG] engine: Inference: flow_id=ff348bb8e20f0e1f risk=0.3334 class=1 latency=0.02ms
2026-09-04T14:55:55 [DEBUG] flow_state: Flow finalized: flow_id=9346f6b00e0b8b1e reason=FIN
2026-09-04T14:55:55 [DEBUG] engine: Inference: flow_id=9346f6b00e0b8b1e risk=0.3334 class=1 latency=0.01ms
2026-09-04T14:55:55 [DEBUG] flow_state: Flow finalized: flow_id=bf40e0d7deef1c48 reason=FIN
2026-09-04T14:55:55 [DEBUG] engine: Inference: flow_id=bf40e0d7deef1c48 risk=0.3334 class=1 latency=0.02ms
2026-09-04T14:55:55 [DEBUG] flow_state: Flow finalized: flow_id=e01ea9dddaadc695 reason=FIN
2026-09-04T14:55:55 [DEBUG] engine: Inference: flow_id=e01ea9dddaadc695 risk=0.3334 class=1 latency=0.02ms
2026-09-04T14:55:55 [DEBUG] flow_state: Flow finalized: flow_id=f6c9946584d37fba reason=FIN
2026-09-04T14:55:55 [DEBUG] engine: Inference: flow_id=f6c9946584d37fba risk=0.3334 class=1 latency=0.02ms
2026-09-04T14:55:55 [DEBUG] flow_state: Flow finalized: flow_id=6d2dd1b2adaf7a1a reason=FIN
2026-09-04T14:55:55 [DEBUG] engine: Inference: flow_id=6d2dd1b2adaf7a1a risk=0.3334 class=1 latency=0.01ms
2026-09-04T14:55:55 [DEBUG] flow_state: Flow finalized: flow_id=def77c6f2340bb67 reason=FIN
2026-09-04T14:55:55 [DEBUG] engine: Inference: flow_id=def77c6f2340bb67 risk=0.3334 class=1 latency=0.02ms
2026-09-04T14:55:55 [DEBUG] flow_state: Flow finalized: flow_id=814b4654074829d5 reason=FIN
2026-09-04T14:55:55 [DEBUG] engine: Inference: flow_id=814b4654074829d5 risk=0.3334 class=1 latency=0.01ms
2026-09-04T14:55:55 [DEBUG] flow_state: Flow finalized: flow_id=c63ecb3467db8d0e reason=FIN
2026-09-04T14:55:55 [DEBUG] engine: Inference: flow_id=c63ecb3467db8d0e risk=0.3334 class=1 latency=0.01ms
2026-09-04T14:55:56 [DEBUG] flow_state: Flow finalized: flow_id=086fa93ca76feac1 reason=FIN
2026-09-04T14:55:56 [DEBUG] engine: Inference: flow_id=086fa93ca76feac1 risk=0.3334 class=1 latency=0.01ms
2026-09-04T14:55:56 [DEBUG] flow_state: Flow finalized: flow_id=ff253ab011cfed46 reason=FIN
2026-09-04T14:55:56 [DEBUG] engine: Inference: flow_id=ff253ab011cfed46 risk=0.3334 class=1 latency=0.03ms
2026-09-04T14:55:56 [DEBUG] flow_state: Flow finalized: flow_id=cf1832ba0eb66df6 reason=FIN
2026-09-04T14:55:56 [DEBUG] engine: Inference: flow_id=cf1832ba0eb66df6 risk=0.3334 class=1 latency=0.02ms
2026-09-04T14:55:56 [DEBUG] flow_state: Flow finalized: flow_id=eccf569a4a70d414 reason=FIN
2026-09-04T14:55:56 [DEBUG] engine: Inference: flow_id=eccf569a4a70d414 risk=0.3334 class=1 latency=0.01ms
2026-09-04T14:55:56 [DEBUG] flow_state: Flow finalized: flow_id=8085ad84d29d973b reason=FIN
2026-09-04T14:55:56 [DEBUG] engine: Inference: flow_id=8085ad84d29d973b risk=0.3334 class=1 latency=0.03ms
2026-09-04T14:55:56 [DEBUG] flow_state: Flow finalized: flow_id=ae4d7eb3878efcd9 reason=FIN
2026-09-04T14:55:56 [DEBUG] engine: Inference: flow_id=ae4d7eb3878efcd9 risk=0.3334 class=1 latency=0.05ms
2026-09-04T14:55:56 [DEBUG] flow_state: Flow finalized: flow_id=54de3fea1d758ce0 reason=FIN
2026-09-04T14:55:56 [DEBUG] engine: Inference: flow_id=54de3fea1d758ce0 risk=0.3334 class=1 latency=0.04ms
2026-09-04T14:55:56 [DEBUG] flow_state: Flow finalized: flow_id=795ecb4112b8abc4 reason=FIN
2026-09-04T14:55:56 [DEBUG] engine: Inference: flow_id=795ecb4112b8abc4 risk=0.3334 class=1 latency=0.04ms
2026-09-04T14:55:56 [DEBUG] flow_state: Flow finalized: flow_id=18b67778fbc582e4 reason=FIN
2026-09-04T14:55:56 [DEBUG] engine: Inference: flow_id=18b67778fbc582e4 risk=0.3334 class=1 latency=0.03ms
2026-09-04T14:55:56 [DEBUG] flow_state: Flow finalized: flow_id=100d82122c71ecee reason=FIN
2026-09-04T14:55:56 [DEBUG] engine: Inference: flow_id=100d82122c71ecee risk=0.3334 class=1 latency=0.03ms
2026-09-04T14:55:56 [DEBUG] flow_state: Flow finalized: flow_id=df149d80607eb840 reason=FIN
2026-09-04T14:55:56 [DEBUG] engine: Inference: flow_id=df149d80607eb840 risk=0.3334 class=1 latency=0.03ms
2026-09-04T14:55:56 [DEBUG] flow_state: Flow finalized: flow_id=21f135dc98f18894 reason=FIN
2026-09-04T14:55:56 [DEBUG] engine: Inference: flow_id=21f135dc98f18894 risk=0.3334 class=1 latency=0.02ms
2026-09-04T14:55:56 [DEBUG] flow_state: Flow finalized: flow_id=940ceed586737e14 reason=FIN
2026-09-04T14:55:56 [DEBUG] engine: Inference: flow_id=940ceed586737e14 risk=0.3334 class=1 latency=0.02ms
2026-09-04T14:55:56 [DEBUG] flow_state: Flow finalized: flow_id=c07aac4e4618ae45 reason=FIN
2026-09-04T14:55:56 [DEBUG] engine: Inference: flow_id=c07aac4e4618ae45 risk=0.3334 class=1 latency=0.02ms
2026-09-04T14:55:56 [DEBUG] flow_state: Flow finalized: flow_id=c64e2da4eee5b4d6 reason=FIN
2026-09-04T14:55:56 [DEBUG] engine: Inference: flow_id=c64e2da4eee5b4d6 risk=0.3334 class=1 latency=0.02ms
2026-09-04T14:55:56 [DEBUG] flow_state: Flow finalized: flow_id=8ab13ee37c950fd7 reason=FIN
2026-09-04T14:55:56 [DEBUG] engine: Inference: flow_id=8ab13ee37c950fd7 risk=0.3334 class=1 latency=0.02ms
2026-09-04T14:55:56 [DEBUG] flow_state: Flow finalized: flow_id=42c35f79aaa2c498 reason=FIN
2026-09-04T14:55:56 [DEBUG] engine: Inference: flow_id=42c35f79aaa2c498 risk=0.3334 class=1 latency=0.02ms
2026-09-04T14:55:56 [DEBUG] flow_state: Flow finalized: flow_id=9d64aae30f51b8ff reason=FIN
2026-09-04T14:55:56 [DEBUG] engine: Inference: flow_id=9d64aae30f51b8ff risk=0.3334 class=1 latency=0.02ms
2026-09-04T14:55:56 [DEBUG] flow_state: Flow finalized: flow_id=32c8008f243e92a9 reason=FIN
2026-09-04T14:55:56 [DEBUG] engine: Inference: flow_id=32c8008f243e92a9 risk=0.3334 class=1 latency=0.01ms
2026-09-04T14:55:56 [DEBUG] flow_state: Skipping non-IP packet (124 similar messages suppressed)
2026-09-04T14:55:57 [DEBUG] flow_state: Skipping non-IP packet (136 similar messages suppressed)
2026-09-04T14:55:58 [DEBUG] flow_state: Skipping non-IP packet (139 similar messages suppressed)
2026-09-04T14:56:00 [INFO] chronoguard.main: Received SIGINT — initiating shutdown
2026-09-04T14:56:00 [INFO] optimizer: Optimizer thread stopped
2026-09-04T14:56:00 [INFO] engine: Queue empty at shutdown — nothing to drain
2026-09-04T14:56:00 [INFO] db: SQLite connection closed
2026-09-04T14:56:00 [INFO] engine: Engine thread stopped
2026-09-04T14:56:01 [DEBUG] flow_state: Flow finalized: flow_id=b1e038c86809c20d reason=TIMEOUT
2026-09-04T14:56:01 [DEBUG] flow_state: Flow finalized: flow_id=4a3f239eb0db1ac2 reason=TIMEOUT
2026-09-04T14:56:01 [DEBUG] flow_state: Flow finalized: flow_id=63ad28c0e854a30c reason=TIMEOUT
2026-09-04T14:56:01 [DEBUG] flow_state: Flow finalized: flow_id=f44030f6fb7f0c6c reason=TIMEOUT
2026-09-04T14:56:01 [DEBUG] flow_state: Flow finalized: flow_id=2d09d586bd397286 reason=TIMEOUT
2026-09-04T14:56:01 [DEBUG] flow_state: Flow finalized: flow_id=21386275950b2476 reason=TIMEOUT
2026-09-04T14:56:01 [DEBUG] flow_state: Flow finalized: flow_id=87456af7142f3347 reason=TIMEOUT
2026-09-04T14:56:01 [DEBUG] flow_state: Flow finalized: flow_id=50331fc68305a81c reason=TIMEOUT
2026-09-04T14:56:01 [DEBUG] flow_state: Flow finalized: flow_id=b12906bab8678cd8 reason=TIMEOUT
2026-09-04T14:56:01 [DEBUG] flow_state: Flow finalized: flow_id=f7172f0be24fbdf5 reason=TIMEOUT
2026-09-04T14:56:01 [DEBUG] flow_state: Flow finalized: flow_id=8a3d807b8430ccf2 reason=TIMEOUT
2026-09-04T14:56:01 [DEBUG] flow_state: Flow finalized: flow_id=bd5a80df95b7be19 reason=TIMEOUT
2026-09-04T14:56:01 [DEBUG] flow_state: Flow finalized: flow_id=ac0437f1b4f44806 reason=TIMEOUT
2026-09-04T14:56:01 [DEBUG] flow_state: Flow finalized: flow_id=2f7916656824fe5e reason=TIMEOUT
2026-09-04T14:56:01 [DEBUG] flow_state: Flow finalized: flow_id=ad5f72f9d74b263b reason=TIMEOUT
2026-09-04T14:56:01 [DEBUG] flow_state: Flow finalized: flow_id=80b730f19931d39e reason=TIMEOUT
2026-09-04T14:56:01 [DEBUG] flow_state: Flow finalized: flow_id=6fbcc7cb66c6ca15 reason=TIMEOUT
2026-09-04T14:56:01 [DEBUG] flow_state: Flow finalized: flow_id=6f383690562cb118 reason=TIMEOUT
2026-09-04T14:56:01 [DEBUG] flow_state: Flow finalized: flow_id=3e78e03981505a22 reason=TIMEOUT
2026-09-04T14:56:01 [DEBUG] flow_state: Flow finalized: flow_id=a3b92fe4ba2e23ff reason=TIMEOUT
2026-09-04T14:56:01 [DEBUG] flow_state: Flow finalized: flow_id=1f3d1c63ab9871ec reason=TIMEOUT
2026-09-04T14:56:01 [DEBUG] flow_state: Flow finalized: flow_id=05e9d988870dad7f reason=TIMEOUT
2026-09-04T14:56:01 [DEBUG] flow_state: Flow finalized: flow_id=831a0c163a02b36b reason=TIMEOUT
2026-09-04T14:56:01 [DEBUG] flow_state: Flow finalized: flow_id=0aa5172a3ed50856 reason=TIMEOUT
2026-09-04T14:56:01 [DEBUG] flow_state: Flow finalized: flow_id=1a3f1ae27ab4eeed reason=TIMEOUT
2026-09-04T14:56:01 [DEBUG] flow_state: Flow finalized: flow_id=d4c8d9c594136e76 reason=TIMEOUT
2026-09-04T14:56:01 [DEBUG] flow_state: Flow finalized: flow_id=dd2de129eaa9a2b8 reason=TIMEOUT
2026-09-04T14:56:01 [DEBUG] flow_state: Flow finalized: flow_id=a23f418a78b25227 reason=TIMEOUT
2026-09-04T14:56:01 [DEBUG] flow_state: Flow finalized: flow_id=5e4e015c8569a8bc reason=TIMEOUT
2026-09-04T14:56:01 [DEBUG] flow_state: Flow finalized: flow_id=d491f0e7c6ddab53 reason=TIMEOUT
2026-09-04T14:56:01 [DEBUG] flow_state: Flow finalized: flow_id=e5364cc6d58455a4 reason=TIMEOUT
2026-09-04T14:56:01 [DEBUG] flow_state: Flow finalized: flow_id=a47f52602ddaffc6 reason=TIMEOUT
2026-09-04T14:56:01 [DEBUG] flow_state: Flow finalized: flow_id=6dc01eb925e2928f reason=TIMEOUT
2026-09-04T14:56:01 [DEBUG] flow_state: Flow finalized: flow_id=77544d24ff9c16be reason=TIMEOUT
2026-09-04T14:56:01 [DEBUG] flow_state: Flow finalized: flow_id=639a00f3f056e58a reason=TIMEOUT
2026-09-04T14:56:01 [DEBUG] flow_state: Flow finalized: flow_id=bd0c71cb45ae2916 reason=TIMEOUT
2026-09-04T14:56:01 [DEBUG] flow_state: Flow finalized: flow_id=b1a709d6733c7e70 reason=TIMEOUT
2026-09-04T14:56:01 [DEBUG] flow_state: Flow finalized: flow_id=ee89a2245bb9ac20 reason=TIMEOUT
2026-09-04T14:56:01 [DEBUG] flow_state: Flow finalized: flow_id=de5f1ee879f16b4b reason=TIMEOUT
2026-09-04T14:56:01 [DEBUG] flow_state: Flow finalized: flow_id=579196c24787b06c reason=TIMEOUT
2026-09-04T14:56:01 [DEBUG] flow_state: Flow finalized: flow_id=e25d8024311b05a9 reason=TIMEOUT
2026-09-04T14:56:01 [DEBUG] flow_state: Flow finalized: flow_id=90b38880b03d1ef5 reason=TIMEOUT
2026-09-04T14:56:01 [DEBUG] flow_state: Flow finalized: flow_id=8ecde4263809e66f reason=TIMEOUT
2026-09-04T14:56:01 [DEBUG] flow_state: Flow finalized: flow_id=950b390be0fe3b0f reason=TIMEOUT
2026-09-04T14:56:01 [DEBUG] flow_state: Flow finalized: flow_id=25875253145d210c reason=TIMEOUT
2026-09-04T14:56:01 [DEBUG] flow_state: Flow finalized: flow_id=7a82275f7efd9a82 reason=TIMEOUT
2026-09-04T14:56:01 [DEBUG] flow_state: Flow finalized: flow_id=654157b1c3e53cb6 reason=TIMEOUT
2026-09-04T14:56:01 [DEBUG] flow_state: Flow finalized: flow_id=b7cf82698d194a6b reason=TIMEOUT
2026-09-04T14:56:01 [DEBUG] flow_state: Flow finalized: flow_id=6acca526e0ba30f5 reason=TIMEOUT
2026-09-04T14:56:01 [DEBUG] flow_state: Flow finalized: flow_id=ca15d5e267056c62 reason=TIMEOUT
2026-09-04T14:56:01 [DEBUG] flow_state: Flow finalized: flow_id=c3b240d71300cafc reason=TIMEOUT
2026-09-04T14:56:01 [DEBUG] flow_state: Flow finalized: flow_id=1030d5af78da07db reason=TIMEOUT
2026-09-04T14:56:01 [DEBUG] flow_state: Flow finalized: flow_id=928b50cb6b85cebf reason=TIMEOUT
2026-09-04T14:56:01 [DEBUG] flow_state: Flow finalized: flow_id=9115ba99b62bd140 reason=TIMEOUT
2026-09-04T14:56:01 [DEBUG] flow_state: Flow finalized: flow_id=b29fb848abbabe38 reason=TIMEOUT
2026-09-04T14:56:01 [DEBUG] flow_state: Flow finalized: flow_id=e91ce23ebfa79ae2 reason=TIMEOUT
2026-09-04T14:56:01 [DEBUG] flow_state: Flow finalized: flow_id=15f9937ae83992fd reason=TIMEOUT
2026-09-04T14:56:01 [DEBUG] flow_state: Flow finalized: flow_id=4f6249c3905640d1 reason=TIMEOUT
2026-09-04T14:56:01 [DEBUG] flow_state: Flow finalized: flow_id=076dea93d0c887cd reason=TIMEOUT
2026-09-04T14:56:01 [DEBUG] flow_state: Flow finalized: flow_id=7b87c469980e7967 reason=TIMEOUT
2026-09-04T14:56:01 [DEBUG] flow_state: Flow finalized: flow_id=524b701aa316fb52 reason=TIMEOUT
2026-09-04T14:56:01 [DEBUG] flow_state: Flow finalized: flow_id=d071b2c1ac518fca reason=TIMEOUT
2026-09-04T14:56:01 [DEBUG] flow_state: Flow finalized: flow_id=98ff54922ea5273c reason=TIMEOUT
2026-09-04T14:56:01 [DEBUG] flow_state: Flow finalized: flow_id=d2d526ba47038157 reason=TIMEOUT
2026-09-04T14:56:01 [DEBUG] flow_state: Flow finalized: flow_id=bf7b7cb137d5abcb reason=TIMEOUT
2026-09-04T14:56:01 [DEBUG] flow_state: Flow finalized: flow_id=693d332cd41b2b31 reason=TIMEOUT
2026-09-04T14:56:01 [DEBUG] flow_state: Flow finalized: flow_id=b5174aa662d7da90 reason=TIMEOUT
2026-09-04T14:56:01 [DEBUG] flow_state: Flow finalized: flow_id=6876f06758fad2b8 reason=TIMEOUT
2026-09-04T14:56:01 [DEBUG] flow_state: Flow finalized: flow_id=56737993b86f6582 reason=TIMEOUT
2026-09-04T14:56:01 [DEBUG] flow_state: Flow finalized: flow_id=0b1f35e9f3988a65 reason=TIMEOUT
2026-09-04T14:56:01 [DEBUG] flow_state: Flow finalized: flow_id=1db4436fe57e24f8 reason=TIMEOUT
2026-09-04T14:56:01 [DEBUG] flow_state: Flow finalized: flow_id=1b45a3f598b36fe6 reason=TIMEOUT
2026-09-04T14:56:01 [DEBUG] flow_state: Flow finalized: flow_id=8e3341cc99bec174 reason=TIMEOUT
2026-09-04T14:56:01 [DEBUG] flow_state: Flow finalized: flow_id=31e5afeb234dfed0 reason=TIMEOUT
2026-09-04T14:56:01 [DEBUG] flow_state: Flow finalized: flow_id=fd766a5760e40a92 reason=TIMEOUT
2026-09-04T14:56:01 [DEBUG] flow_state: Flow finalized: flow_id=7ecdc28d4d23ab9b reason=TIMEOUT
2026-09-04T14:56:01 [INFO] sniffer: Sniffer stopped. Total packets captured: 8328, remaining flows finalized: 76
2026-09-04T14:56:01 [INFO] chronoguard.main: Clean shutdown completed in 0.42s
2026-10-02T21:56:23 [INFO] chronoguard.main: ============================================================
2026-10-02T21:56:23 [INFO] chronoguard.main: ChronoGuard v1.0 — M2 Drift Detection & Adaptive Retraining
2026-10-02T21:56:23 [INFO] chronoguard.main:   Interface   : lo0
2026-10-02T21:56:23 [INFO] chronoguard.main:   Model path  : model.onnx
2026-10-02T21:56:23 [INFO] chronoguard.main:   DB path     : chronoguard.db
2026-10-02T21:56:23 [INFO] chronoguard.main:   Queue size  : 10000
2026-10-02T21:56:23 [INFO] chronoguard.main:   Holdout path: golden_holdout.csv
2026-10-02T21:56:23 [INFO] chronoguard.main:   ADWIN delta : 0.0020
2026-10-02T21:56:23 [INFO] chronoguard.main:   Log level   : DEBUG
2026-10-02T21:56:23 [INFO] chronoguard.main: ============================================================
2026-10-02T21:56:23 [INFO] model_registry: ModelRegistry initialized: path=/Users/aakash/Developer/projects/safeguard/chronoguard v1.0/model.onnx version=23bbd5be91e1
2026-10-02T21:56:23 [INFO] drift_monitor: DriftMonitor initialized: features=['risk_score', 'flow_duration', 'fwd_packets_per_sec'], adwin_delta=0.0020
2026-10-02T21:56:23 [INFO] sniffer: Sniffer starting on interface: lo0
2026-10-02T21:56:23 [INFO] chronoguard.main: All threads started in 0.00s (sniffer, engine, optimizer)
2026-10-02T21:56:23 [INFO] engine: ONNX model loaded: /Users/aakash/Developer/projects/safeguard/chronoguard v1.0/model.onnx (version: 23bbd5be91e1, input: [None, 14])
2026-10-02T21:56:23 [INFO] optimizer: Optimizer thread started — waiting for drift signals
2026-10-02T21:56:23 [INFO] db: SQLite database initialized: chronoguard.db (WAL mode)
2026-10-02T21:56:23 [INFO] engine: Engine thread started — consuming from queue
2026-10-02T21:56:34 [DEBUG] flow_state: Skipping non-IP packet
2026-10-02T21:56:35 [DEBUG] flow_state: Skipping non-IP packet (612 similar messages suppressed)
2026-10-02T21:56:36 [DEBUG] flow_state: Skipping non-IP packet (179 similar messages suppressed)
2026-10-02T21:56:37 [DEBUG] flow_state: Skipping non-IP packet (145 similar messages suppressed)
2026-10-02T21:56:38 [DEBUG] flow_state: Skipping non-IP packet (148 similar messages suppressed)
2026-10-02T21:56:39 [DEBUG] flow_state: Skipping non-IP packet (128 similar messages suppressed)
2026-10-02T21:56:40 [DEBUG] flow_state: Skipping non-IP packet (133 similar messages suppressed)
2026-10-02T21:56:41 [DEBUG] flow_state: Skipping non-IP packet (127 similar messages suppressed)
2026-10-02T21:56:42 [DEBUG] flow_state: Skipping non-IP packet (151 similar messages suppressed)
2026-10-02T21:56:43 [DEBUG] flow_state: Flow finalized: flow_id=6619160344967519 reason=TIMEOUT
2026-10-02T21:56:43 [DEBUG] flow_state: Flow finalized: flow_id=4e0a67ef60f33725 reason=TIMEOUT
2026-10-02T21:56:43 [DEBUG] flow_state: Flow finalized: flow_id=f53fe2680f24c7b2 reason=TIMEOUT
2026-10-02T21:56:43 [DEBUG] flow_state: Flow finalized: flow_id=c0da2324fcdde75e reason=TIMEOUT
2026-10-02T21:56:43 [DEBUG] engine: Inference: flow_id=6619160344967519 risk=0.3334 class=1 latency=0.26ms
2026-10-02T21:56:43 [DEBUG] engine: Inference: flow_id=4e0a67ef60f33725 risk=0.3334 class=1 latency=0.05ms
2026-10-02T21:56:43 [DEBUG] engine: Inference: flow_id=f53fe2680f24c7b2 risk=0.3334 class=1 latency=0.02ms
2026-10-02T21:56:43 [DEBUG] engine: Inference: flow_id=c0da2324fcdde75e risk=0.3334 class=1 latency=0.02ms
2026-10-02T21:56:43 [DEBUG] flow_state: Skipping non-IP packet (141 similar messages suppressed)
2026-10-02T21:56:44 [DEBUG] flow_state: Skipping non-IP packet (141 similar messages suppressed)
2026-10-02T21:56:45 [DEBUG] flow_state: Skipping non-IP packet (136 similar messages suppressed)
2026-10-02T21:56:46 [DEBUG] flow_state: Skipping non-IP packet (130 similar messages suppressed)
2026-10-02T21:56:47 [DEBUG] flow_state: Skipping non-IP packet (126 similar messages suppressed)
2026-10-02T21:56:48 [DEBUG] flow_state: Skipping non-IP packet (131 similar messages suppressed)
2026-10-02T21:56:49 [DEBUG] flow_state: Skipping non-IP packet (129 similar messages suppressed)
2026-10-02T21:56:51 [DEBUG] flow_state: Skipping non-IP packet (137 similar messages suppressed)
2026-10-02T21:56:52 [DEBUG] flow_state: Skipping non-IP packet (132 similar messages suppressed)
2026-10-02T21:56:53 [DEBUG] flow_state: Skipping non-IP packet (126 similar messages suppressed)
2026-10-02T21:56:54 [DEBUG] flow_state: Skipping non-IP packet (130 similar messages suppressed)
2026-10-02T21:56:55 [DEBUG] flow_state: Skipping non-IP packet (134 similar messages suppressed)
2026-10-02T21:56:55 [DEBUG] flow_state: Flow finalized: flow_id=868055208e258050 reason=TIMEOUT
2026-10-02T21:56:55 [DEBUG] flow_state: Flow finalized: flow_id=a146c89bcc1f6dad reason=TIMEOUT
2026-10-02T21:56:55 [DEBUG] flow_state: Flow finalized: flow_id=ef9c900b5f97464a reason=TIMEOUT
2026-10-02T21:56:55 [DEBUG] flow_state: Flow finalized: flow_id=6ee9dd48ad5bc938 reason=TIMEOUT
2026-10-02T21:56:55 [DEBUG] engine: Inference: flow_id=868055208e258050 risk=0.3334 class=1 latency=0.11ms
2026-10-02T21:56:55 [DEBUG] engine: Inference: flow_id=a146c89bcc1f6dad risk=0.3334 class=1 latency=0.08ms
2026-10-02T21:56:55 [DEBUG] engine: Inference: flow_id=ef9c900b5f97464a risk=0.3334 class=1 latency=0.07ms
2026-10-02T21:56:55 [DEBUG] engine: Inference: flow_id=6ee9dd48ad5bc938 risk=0.3334 class=1 latency=0.04ms
2026-10-02T21:56:56 [DEBUG] flow_state: Skipping non-IP packet (145 similar messages suppressed)
2026-10-02T21:56:57 [DEBUG] flow_state: Skipping non-IP packet (133 similar messages suppressed)
2026-10-02T21:56:58 [DEBUG] flow_state: Skipping non-IP packet (126 similar messages suppressed)
2026-10-02T21:56:59 [DEBUG] flow_state: Skipping non-IP packet (124 similar messages suppressed)
2026-10-02T21:57:00 [DEBUG] flow_state: Skipping non-IP packet (122 similar messages suppressed)
2026-10-02T21:57:01 [DEBUG] flow_state: Skipping non-IP packet (128 similar messages suppressed)
2026-10-02T21:57:01 [DEBUG] flow_state: Flow finalized: flow_id=54dfbdd923c2421b reason=TIMEOUT
2026-10-02T21:57:01 [DEBUG] engine: Inference: flow_id=54dfbdd923c2421b risk=0.3334 class=1 latency=2.08ms
2026-10-02T21:57:02 [DEBUG] flow_state: Skipping non-IP packet (122 similar messages suppressed)
2026-10-02T21:57:03 [DEBUG] flow_state: Skipping non-IP packet (140 similar messages suppressed)
2026-10-02T21:57:04 [DEBUG] flow_state: Skipping non-IP packet (129 similar messages suppressed)
2026-10-02T21:57:05 [DEBUG] flow_state: Skipping non-IP packet (127 similar messages suppressed)
2026-10-02T21:57:06 [DEBUG] flow_state: Skipping non-IP packet (127 similar messages suppressed)
2026-10-02T21:57:06 [DEBUG] flow_state: Flow finalized: flow_id=bf7e0f79ae3b26c1 reason=TIMEOUT
2026-10-02T21:57:06 [DEBUG] engine: Inference: flow_id=bf7e0f79ae3b26c1 risk=0.3334 class=1 latency=1.42ms
2026-10-02T21:57:07 [DEBUG] flow_state: Skipping non-IP packet (135 similar messages suppressed)
2026-10-02T21:57:08 [DEBUG] flow_state: Skipping non-IP packet (120 similar messages suppressed)
2026-10-02T21:57:09 [DEBUG] flow_state: Skipping non-IP packet (123 similar messages suppressed)
2026-10-02T21:57:10 [DEBUG] flow_state: Skipping non-IP packet (135 similar messages suppressed)
2026-10-02T21:57:11 [DEBUG] flow_state: Skipping non-IP packet (126 similar messages suppressed)
2026-10-02T21:57:12 [DEBUG] flow_state: Skipping non-IP packet (130 similar messages suppressed)
2026-10-02T21:57:13 [DEBUG] flow_state: Skipping non-IP packet (131 similar messages suppressed)
2026-10-02T21:57:13 [DEBUG] flow_state: Flow finalized: flow_id=47cbedc60fa24d34 reason=TIMEOUT
2026-10-02T21:57:13 [DEBUG] flow_state: Flow finalized: flow_id=154cbbf3246e0ffd reason=TIMEOUT
2026-10-02T21:57:13 [DEBUG] flow_state: Flow finalized: flow_id=3fb47ed219088015 reason=TIMEOUT
2026-10-02T21:57:13 [DEBUG] flow_state: Flow finalized: flow_id=c07adb84dbb7dcc6 reason=TIMEOUT
2026-10-02T21:57:13 [DEBUG] engine: Inference: flow_id=47cbedc60fa24d34 risk=0.3334 class=1 latency=0.11ms
2026-10-02T21:57:13 [DEBUG] engine: Inference: flow_id=154cbbf3246e0ffd risk=0.3334 class=1 latency=0.06ms
2026-10-02T21:57:13 [DEBUG] engine: Inference: flow_id=3fb47ed219088015 risk=0.3334 class=1 latency=0.03ms
2026-10-02T21:57:13 [DEBUG] engine: Inference: flow_id=c07adb84dbb7dcc6 risk=0.3334 class=1 latency=0.02ms
2026-10-02T21:57:14 [DEBUG] flow_state: Skipping non-IP packet (143 similar messages suppressed)
2026-10-02T21:57:15 [DEBUG] flow_state: Skipping non-IP packet (143 similar messages suppressed)
2026-10-02T21:57:16 [DEBUG] flow_state: Skipping non-IP packet (127 similar messages suppressed)
2026-10-02T21:57:17 [DEBUG] flow_state: Skipping non-IP packet (129 similar messages suppressed)
2026-10-02T21:57:18 [DEBUG] flow_state: Skipping non-IP packet (134 similar messages suppressed)
2026-10-02T21:57:19 [DEBUG] flow_state: Skipping non-IP packet (128 similar messages suppressed)
2026-10-02T21:57:20 [DEBUG] flow_state: Skipping non-IP packet (128 similar messages suppressed)
2026-10-02T21:57:21 [DEBUG] flow_state: Skipping non-IP packet (137 similar messages suppressed)
2026-10-02T21:57:22 [DEBUG] flow_state: Skipping non-IP packet (132 similar messages suppressed)
2026-10-02T21:57:23 [DEBUG] flow_state: Skipping non-IP packet (142 similar messages suppressed)
2026-10-02T21:57:24 [DEBUG] flow_state: Skipping non-IP packet (124 similar messages suppressed)
2026-10-02T21:57:25 [DEBUG] flow_state: Skipping non-IP packet (147 similar messages suppressed)
2026-10-02T21:57:25 [DEBUG] flow_state: Flow finalized: flow_id=4c9984e3bb0955de reason=TIMEOUT
2026-10-02T21:57:25 [DEBUG] flow_state: Flow finalized: flow_id=574a37c7cdd35655 reason=TIMEOUT
2026-10-02T21:57:25 [DEBUG] flow_state: Flow finalized: flow_id=e7e3942fb59d3e17 reason=TIMEOUT
2026-10-02T21:57:25 [DEBUG] flow_state: Flow finalized: flow_id=af229afb8ed1b355 reason=TIMEOUT
2026-10-02T21:57:25 [DEBUG] engine: Inference: flow_id=4c9984e3bb0955de risk=0.3334 class=1 latency=0.12ms
2026-10-02T21:57:25 [DEBUG] engine: Inference: flow_id=574a37c7cdd35655 risk=0.3334 class=1 latency=0.03ms
2026-10-02T21:57:25 [DEBUG] engine: Inference: flow_id=e7e3942fb59d3e17 risk=0.3334 class=1 latency=0.05ms
2026-10-02T21:57:25 [DEBUG] engine: Inference: flow_id=af229afb8ed1b355 risk=0.3334 class=1 latency=0.03ms
2026-10-02T21:57:26 [DEBUG] flow_state: Skipping non-IP packet (138 similar messages suppressed)
2026-10-02T21:57:27 [DEBUG] flow_state: Skipping non-IP packet (123 similar messages suppressed)
2026-10-02T21:57:28 [DEBUG] flow_state: Skipping non-IP packet (127 similar messages suppressed)
2026-10-02T21:57:29 [DEBUG] flow_state: Skipping non-IP packet (125 similar messages suppressed)
2026-10-02T21:57:30 [DEBUG] flow_state: Flow finalized: flow_id=aa81c602179615fa reason=TIMEOUT
2026-10-02T21:57:30 [DEBUG] engine: Inference: flow_id=aa81c602179615fa risk=0.3334 class=1 latency=0.16ms
2026-10-02T21:57:30 [DEBUG] flow_state: Skipping non-IP packet (135 similar messages suppressed)
2026-10-02T21:57:31 [DEBUG] flow_state: Skipping non-IP packet (129 similar messages suppressed)
2026-10-02T21:57:32 [DEBUG] flow_state: Skipping non-IP packet (133 similar messages suppressed)
2026-10-02T21:57:33 [DEBUG] flow_state: Skipping non-IP packet (124 similar messages suppressed)
2026-10-02T21:57:34 [DEBUG] flow_state: Skipping non-IP packet (132 similar messages suppressed)
2026-10-02T21:57:35 [DEBUG] flow_state: Skipping non-IP packet (137 similar messages suppressed)
2026-10-02T21:57:36 [DEBUG] flow_state: Flow finalized: flow_id=2c0e4f36e09c4011 reason=TIMEOUT
2026-10-02T21:57:36 [DEBUG] engine: Inference: flow_id=2c0e4f36e09c4011 risk=0.3334 class=1 latency=0.16ms
2026-10-02T21:57:36 [DEBUG] flow_state: Skipping non-IP packet (125 similar messages suppressed)
2026-10-02T21:57:37 [DEBUG] flow_state: Skipping non-IP packet (126 similar messages suppressed)
2026-10-02T21:57:38 [DEBUG] flow_state: Skipping non-IP packet (122 similar messages suppressed)
2026-10-02T21:57:39 [DEBUG] flow_state: Skipping non-IP packet (128 similar messages suppressed)
2026-10-02T21:57:40 [DEBUG] flow_state: Skipping non-IP packet (134 similar messages suppressed)
2026-10-02T21:57:41 [DEBUG] flow_state: Skipping non-IP packet (126 similar messages suppressed)
2026-10-02T21:57:42 [DEBUG] flow_state: Flow finalized: flow_id=0939a0601fc589b1 reason=TIMEOUT
2026-10-02T21:57:42 [DEBUG] flow_state: Flow finalized: flow_id=71bc44938d26bb78 reason=TIMEOUT
2026-10-02T21:57:42 [DEBUG] flow_state: Flow finalized: flow_id=3dc86d594a188cd7 reason=TIMEOUT
2026-10-02T21:57:42 [DEBUG] flow_state: Flow finalized: flow_id=787bfa567b0731f3 reason=TIMEOUT
2026-10-02T21:57:42 [DEBUG] engine: Inference: flow_id=0939a0601fc589b1 risk=0.3334 class=1 latency=0.12ms
2026-10-02T21:57:42 [DEBUG] engine: Inference: flow_id=71bc44938d26bb78 risk=0.3334 class=1 latency=0.05ms
2026-10-02T21:57:42 [DEBUG] engine: Inference: flow_id=3dc86d594a188cd7 risk=0.3334 class=1 latency=0.02ms
2026-10-02T21:57:42 [DEBUG] engine: Inference: flow_id=787bfa567b0731f3 risk=0.3334 class=1 latency=0.02ms
2026-10-02T21:57:42 [DEBUG] flow_state: Skipping non-IP packet (125 similar messages suppressed)
2026-10-02T21:57:43 [DEBUG] flow_state: Skipping non-IP packet (143 similar messages suppressed)
2026-10-02T21:57:44 [DEBUG] flow_state: Skipping non-IP packet (139 similar messages suppressed)
2026-10-02T21:57:45 [DEBUG] flow_state: Skipping non-IP packet (155 similar messages suppressed)
2026-10-02T21:57:46 [DEBUG] flow_state: Skipping non-IP packet (139 similar messages suppressed)
2026-10-02T21:57:47 [DEBUG] flow_state: Skipping non-IP packet (160 similar messages suppressed)
2026-10-02T21:57:48 [DEBUG] flow_state: Skipping non-IP packet (133 similar messages suppressed)
2026-10-02T21:57:49 [DEBUG] flow_state: Skipping non-IP packet (63 similar messages suppressed)
2026-10-02T21:57:50 [DEBUG] flow_state: Skipping non-IP packet (79 similar messages suppressed)
2026-10-02T21:57:52 [DEBUG] flow_state: Skipping non-IP packet (87 similar messages suppressed)
2026-10-02T21:57:53 [DEBUG] flow_state: Skipping non-IP packet (49 similar messages suppressed)
2026-10-02T21:57:54 [DEBUG] flow_state: Skipping non-IP packet (56 similar messages suppressed)
2026-10-02T21:57:55 [DEBUG] flow_state: Flow finalized: flow_id=e1d092f48f0fc375 reason=TIMEOUT
2026-10-02T21:57:55 [DEBUG] flow_state: Flow finalized: flow_id=ea2186636e57dfe8 reason=TIMEOUT
2026-10-02T21:57:55 [DEBUG] flow_state: Flow finalized: flow_id=ccbce7c12cfe8362 reason=TIMEOUT
2026-10-02T21:57:55 [DEBUG] flow_state: Flow finalized: flow_id=f1df470c2b93b8cc reason=TIMEOUT
2026-10-02T21:57:55 [DEBUG] flow_state: Flow finalized: flow_id=05d703ecb5ec7d6c reason=TIMEOUT
2026-10-02T21:57:55 [DEBUG] engine: Inference: flow_id=e1d092f48f0fc375 risk=0.3334 class=1 latency=0.15ms
2026-10-02T21:57:55 [DEBUG] engine: Inference: flow_id=ea2186636e57dfe8 risk=0.3334 class=1 latency=0.03ms
2026-10-02T21:57:55 [DEBUG] engine: Inference: flow_id=ccbce7c12cfe8362 risk=0.3334 class=1 latency=0.07ms
2026-10-02T21:57:55 [DEBUG] engine: Inference: flow_id=f1df470c2b93b8cc risk=0.3334 class=1 latency=0.03ms
2026-10-02T21:57:55 [DEBUG] engine: Inference: flow_id=05d703ecb5ec7d6c risk=0.3334 class=1 latency=0.02ms
2026-10-02T21:57:55 [DEBUG] flow_state: Skipping non-IP packet (49 similar messages suppressed)
2026-10-02T21:57:56 [DEBUG] flow_state: Skipping non-IP packet (59 similar messages suppressed)
2026-10-02T21:57:57 [DEBUG] flow_state: Skipping non-IP packet (59 similar messages suppressed)
2026-10-02T21:57:58 [DEBUG] flow_state: Skipping non-IP packet (60 similar messages suppressed)
2026-10-02T21:57:59 [DEBUG] flow_state: Skipping non-IP packet (53 similar messages suppressed)
2026-10-02T21:58:00 [DEBUG] flow_state: Flow finalized: flow_id=2a4d0eca02492394 reason=TIMEOUT
2026-10-02T21:58:00 [DEBUG] engine: Inference: flow_id=2a4d0eca02492394 risk=0.3334 class=1 latency=1.94ms
2026-10-02T21:58:00 [DEBUG] flow_state: Skipping non-IP packet (57 similar messages suppressed)
2026-10-02T21:58:01 [DEBUG] flow_state: Skipping non-IP packet (60 similar messages suppressed)
2026-10-02T21:58:02 [DEBUG] flow_state: Skipping non-IP packet (52 similar messages suppressed)
2026-10-02T21:58:03 [DEBUG] flow_state: Skipping non-IP packet (71 similar messages suppressed)
2026-10-02T21:58:04 [DEBUG] flow_state: Skipping non-IP packet (59 similar messages suppressed)
2026-10-02T21:58:05 [DEBUG] flow_state: Skipping non-IP packet (58 similar messages suppressed)
2026-10-02T21:58:06 [DEBUG] flow_state: Flow finalized: flow_id=39397aa371d37cc6 reason=TIMEOUT
2026-10-02T21:58:06 [DEBUG] engine: Inference: flow_id=39397aa371d37cc6 risk=0.3334 class=1 latency=0.19ms
2026-10-02T21:58:06 [DEBUG] flow_state: Skipping non-IP packet (57 similar messages suppressed)
2026-10-02T21:58:07 [DEBUG] flow_state: Skipping non-IP packet (55 similar messages suppressed)
2026-10-02T21:58:08 [DEBUG] flow_state: Skipping non-IP packet (77 similar messages suppressed)
2026-10-02T21:58:09 [DEBUG] flow_state: Skipping non-IP packet (63 similar messages suppressed)
2026-10-02T21:58:11 [DEBUG] flow_state: Skipping non-IP packet (109 similar messages suppressed)
2026-10-02T21:58:12 [DEBUG] flow_state: Flow finalized: flow_id=3d9eb0d4e3235dc8 reason=TIMEOUT
2026-10-02T21:58:12 [DEBUG] flow_state: Flow finalized: flow_id=5ac052ec4110b12a reason=TIMEOUT
2026-10-02T21:58:12 [DEBUG] flow_state: Flow finalized: flow_id=e307d051fad56440 reason=TIMEOUT
2026-10-02T21:58:12 [DEBUG] flow_state: Flow finalized: flow_id=087b9b7b87750202 reason=TIMEOUT
2026-10-02T21:58:12 [DEBUG] engine: Inference: flow_id=3d9eb0d4e3235dc8 risk=0.3334 class=1 latency=0.18ms
2026-10-02T21:58:12 [DEBUG] engine: Inference: flow_id=5ac052ec4110b12a risk=0.3334 class=1 latency=0.05ms
2026-10-02T21:58:12 [DEBUG] engine: Inference: flow_id=e307d051fad56440 risk=0.3334 class=1 latency=0.03ms
2026-10-02T21:58:12 [DEBUG] engine: Inference: flow_id=087b9b7b87750202 risk=0.3334 class=1 latency=0.03ms
2026-10-02T21:58:12 [DEBUG] flow_state: Skipping non-IP packet (57 similar messages suppressed)
2026-10-02T21:58:13 [DEBUG] flow_state: Skipping non-IP packet (57 similar messages suppressed)
2026-10-02T21:58:14 [DEBUG] flow_state: Skipping non-IP packet (55 similar messages suppressed)
2026-10-02T21:58:15 [DEBUG] flow_state: Skipping non-IP packet (49 similar messages suppressed)
2026-10-02T21:58:16 [DEBUG] flow_state: Skipping non-IP packet (59 similar messages suppressed)
2026-10-02T21:58:17 [DEBUG] flow_state: Skipping non-IP packet (74 similar messages suppressed)
2026-10-02T21:58:18 [DEBUG] flow_state: Skipping non-IP packet (61 similar messages suppressed)
2026-10-02T21:58:19 [DEBUG] flow_state: Skipping non-IP packet (73 similar messages suppressed)
2026-10-02T21:58:20 [DEBUG] flow_state: Skipping non-IP packet (89 similar messages suppressed)
2026-10-02T21:58:21 [DEBUG] flow_state: Skipping non-IP packet (17 similar messages suppressed)
2026-10-02T21:58:22 [DEBUG] flow_state: Skipping non-IP packet (103 similar messages suppressed)
2026-10-02T21:58:23 [DEBUG] flow_state: Skipping non-IP packet (58 similar messages suppressed)
2026-10-02T21:58:25 [DEBUG] flow_state: Flow finalized: flow_id=d69d841533f2e6bd reason=TIMEOUT
2026-10-02T21:58:25 [DEBUG] flow_state: Flow finalized: flow_id=c880557172a31afb reason=TIMEOUT
2026-10-02T21:58:25 [DEBUG] flow_state: Flow finalized: flow_id=e3710ec8b93b3320 reason=TIMEOUT
2026-10-02T21:58:25 [DEBUG] flow_state: Flow finalized: flow_id=bef063565c93e4c1 reason=TIMEOUT
2026-10-02T21:58:25 [DEBUG] engine: Inference: flow_id=d69d841533f2e6bd risk=0.3334 class=1 latency=0.15ms
2026-10-02T21:58:25 [DEBUG] engine: Inference: flow_id=c880557172a31afb risk=0.3334 class=1 latency=0.06ms
2026-10-02T21:58:25 [DEBUG] engine: Inference: flow_id=e3710ec8b93b3320 risk=0.3334 class=1 latency=0.03ms
2026-10-02T21:58:25 [DEBUG] engine: Inference: flow_id=bef063565c93e4c1 risk=0.3334 class=1 latency=0.02ms
2026-10-02T21:58:25 [DEBUG] flow_state: Skipping non-IP packet (67 similar messages suppressed)
2026-10-02T21:58:26 [DEBUG] flow_state: Skipping non-IP packet (61 similar messages suppressed)
2026-10-02T21:58:27 [DEBUG] flow_state: Skipping non-IP packet (63 similar messages suppressed)
2026-10-02T21:58:28 [DEBUG] flow_state: Skipping non-IP packet (53 similar messages suppressed)
2026-10-02T21:58:29 [DEBUG] flow_state: Skipping non-IP packet (59 similar messages suppressed)
2026-10-02T21:58:30 [DEBUG] flow_state: Flow finalized: flow_id=80dea6946fce5d03 reason=TIMEOUT
2026-10-02T21:58:30 [DEBUG] engine: Inference: flow_id=80dea6946fce5d03 risk=0.3334 class=1 latency=0.08ms
2026-10-02T21:58:30 [DEBUG] flow_state: Skipping non-IP packet (57 similar messages suppressed)
2026-10-02T21:58:31 [DEBUG] flow_state: Skipping non-IP packet (61 similar messages suppressed)
2026-10-02T21:58:32 [DEBUG] flow_state: Skipping non-IP packet (63 similar messages suppressed)
2026-10-02T21:58:33 [DEBUG] flow_state: Skipping non-IP packet (59 similar messages suppressed)
2026-10-02T21:58:34 [DEBUG] flow_state: Skipping non-IP packet (63 similar messages suppressed)
2026-10-02T21:58:35 [DEBUG] flow_state: Flow finalized: flow_id=771d3bbd2ab5fa08 reason=TIMEOUT
2026-10-02T21:58:35 [DEBUG] engine: Inference: flow_id=771d3bbd2ab5fa08 risk=0.3334 class=1 latency=0.09ms
2026-10-02T21:58:35 [DEBUG] flow_state: Skipping non-IP packet (69 similar messages suppressed)
2026-10-02T21:58:36 [DEBUG] flow_state: Skipping non-IP packet (53 similar messages suppressed)
2026-10-02T21:58:38 [DEBUG] flow_state: Skipping non-IP packet (97 similar messages suppressed)
2026-10-02T21:58:39 [DEBUG] flow_state: Skipping non-IP packet (57 similar messages suppressed)
2026-10-02T21:58:40 [DEBUG] flow_state: Skipping non-IP packet (64 similar messages suppressed)
2026-10-02T21:58:41 [DEBUG] flow_state: Skipping non-IP packet (63 similar messages suppressed)
2026-10-02T21:58:42 [DEBUG] flow_state: Skipping non-IP packet (55 similar messages suppressed)
2026-10-02T21:58:42 [DEBUG] flow_state: Flow finalized: flow_id=15a01874cb8de077 reason=TIMEOUT
2026-10-02T21:58:42 [DEBUG] flow_state: Flow finalized: flow_id=e3b35a7fff5fb9f0 reason=TIMEOUT
2026-10-02T21:58:42 [DEBUG] flow_state: Flow finalized: flow_id=6acda2381e005971 reason=TIMEOUT
2026-10-02T21:58:42 [DEBUG] flow_state: Flow finalized: flow_id=1d28ec079d9a2178 reason=TIMEOUT
2026-10-02T21:58:42 [DEBUG] engine: Inference: flow_id=15a01874cb8de077 risk=0.3334 class=1 latency=0.09ms
2026-10-02T21:58:42 [DEBUG] engine: Inference: flow_id=e3b35a7fff5fb9f0 risk=0.3334 class=1 latency=0.03ms
2026-10-02T21:58:42 [DEBUG] engine: Inference: flow_id=6acda2381e005971 risk=0.3334 class=1 latency=0.02ms
2026-10-02T21:58:42 [DEBUG] engine: Inference: flow_id=1d28ec079d9a2178 risk=0.3334 class=1 latency=0.02ms
2026-10-02T21:58:43 [DEBUG] flow_state: Skipping non-IP packet (55 similar messages suppressed)
2026-10-02T21:58:44 [DEBUG] flow_state: Skipping non-IP packet (55 similar messages suppressed)
2026-10-02T21:58:45 [DEBUG] flow_state: Skipping non-IP packet (65 similar messages suppressed)
2026-10-02T21:58:46 [DEBUG] flow_state: Skipping non-IP packet (57 similar messages suppressed)
2026-10-02T21:58:46 [DEBUG] flow_state: Flow finalized: flow_id=a77c6177eb4312b3 reason=TIMEOUT
2026-10-02T21:58:46 [DEBUG] flow_state: Flow finalized: flow_id=bbb0e44f70c89be6 reason=TIMEOUT
2026-10-02T21:58:46 [DEBUG] engine: Inference: flow_id=a77c6177eb4312b3 risk=0.3334 class=1 latency=1.50ms
2026-10-02T21:58:46 [DEBUG] engine: Inference: flow_id=bbb0e44f70c89be6 risk=0.3334 class=1 latency=0.06ms
2026-10-02T21:58:47 [DEBUG] flow_state: Skipping non-IP packet (55 similar messages suppressed)
2026-10-02T21:58:48 [DEBUG] flow_state: Skipping non-IP packet (71 similar messages suppressed)
2026-10-02T21:58:55 [DEBUG] flow_state: Flow finalized: flow_id=c685f88a724cafb8 reason=TIMEOUT
2026-10-02T21:58:55 [DEBUG] flow_state: Flow finalized: flow_id=d50d308b0191b020 reason=TIMEOUT
2026-10-02T21:58:55 [DEBUG] flow_state: Flow finalized: flow_id=2540871dadfe63f5 reason=TIMEOUT
2026-10-02T21:58:55 [DEBUG] flow_state: Flow finalized: flow_id=f129bd811d9398cc reason=TIMEOUT
2026-10-02T21:58:55 [DEBUG] engine: Inference: flow_id=c685f88a724cafb8 risk=0.3334 class=1 latency=0.13ms
2026-10-02T21:58:55 [DEBUG] engine: Inference: flow_id=d50d308b0191b020 risk=0.3334 class=1 latency=0.04ms
2026-10-02T21:58:55 [DEBUG] engine: Inference: flow_id=2540871dadfe63f5 risk=0.3334 class=1 latency=0.03ms
2026-10-02T21:58:55 [DEBUG] engine: Inference: flow_id=f129bd811d9398cc risk=0.3334 class=1 latency=0.02ms
2026-10-02T21:59:00 [DEBUG] flow_state: Flow finalized: flow_id=906ccfbd082b4431 reason=TIMEOUT
2026-10-02T21:59:00 [DEBUG] engine: Inference: flow_id=906ccfbd082b4431 risk=0.3334 class=1 latency=0.20ms
2026-10-02T21:59:04 [DEBUG] flow_state: Skipping non-IP packet (41 similar messages suppressed)
2026-10-02T21:59:05 [DEBUG] flow_state: Flow finalized: flow_id=1ad32a2218204343 reason=TIMEOUT
2026-10-02T21:59:05 [DEBUG] engine: Inference: flow_id=1ad32a2218204343 risk=0.3334 class=1 latency=0.18ms
2026-10-02T21:59:08 [DEBUG] flow_state: Flow finalized: flow_id=21e68c6b9ea1fcc8 reason=TIMEOUT
2026-10-02T21:59:08 [DEBUG] engine: Inference: flow_id=21e68c6b9ea1fcc8 risk=0.7469 class=1 latency=0.21ms
2026-10-02T21:59:12 [DEBUG] flow_state: Flow finalized: flow_id=f9c93ca725933299 reason=TIMEOUT
2026-10-02T21:59:12 [DEBUG] flow_state: Flow finalized: flow_id=93edc8ead2c70634 reason=TIMEOUT
2026-10-02T21:59:12 [DEBUG] flow_state: Flow finalized: flow_id=b5f71e33998901e1 reason=TIMEOUT
2026-10-02T21:59:12 [DEBUG] flow_state: Flow finalized: flow_id=fa20ebc6e12c6c73 reason=TIMEOUT
2026-10-02T21:59:12 [DEBUG] engine: Inference: flow_id=f9c93ca725933299 risk=0.3334 class=1 latency=0.19ms
2026-10-02T21:59:12 [DEBUG] engine: Inference: flow_id=93edc8ead2c70634 risk=0.3334 class=1 latency=0.05ms
2026-10-02T21:59:12 [DEBUG] engine: Inference: flow_id=b5f71e33998901e1 risk=0.3334 class=1 latency=0.03ms
2026-10-02T21:59:12 [DEBUG] engine: Inference: flow_id=fa20ebc6e12c6c73 risk=0.3334 class=1 latency=0.03ms
2026-10-02T21:59:14 [DEBUG] flow_state: Skipping non-IP packet (3 similar messages suppressed)
2026-10-02T21:59:25 [DEBUG] flow_state: Flow finalized: flow_id=30a39ef20251ae7d reason=TIMEOUT
2026-10-02T21:59:25 [DEBUG] flow_state: Flow finalized: flow_id=37f43b866d4507ae reason=TIMEOUT
2026-10-02T21:59:25 [DEBUG] flow_state: Flow finalized: flow_id=5a9566a0170f5973 reason=TIMEOUT
2026-10-02T21:59:25 [DEBUG] flow_state: Flow finalized: flow_id=9a20efaa7dfeed3d reason=TIMEOUT
2026-10-02T21:59:25 [DEBUG] engine: Inference: flow_id=30a39ef20251ae7d risk=0.3334 class=1 latency=0.14ms
2026-10-02T21:59:25 [DEBUG] engine: Inference: flow_id=37f43b866d4507ae risk=0.3334 class=1 latency=0.23ms
2026-10-02T21:59:25 [DEBUG] engine: Inference: flow_id=5a9566a0170f5973 risk=0.3334 class=1 latency=0.04ms
2026-10-02T21:59:25 [DEBUG] engine: Inference: flow_id=9a20efaa7dfeed3d risk=0.3334 class=1 latency=0.02ms
2026-10-02T21:59:27 [DEBUG] flow_state: Flow finalized: flow_id=e5bbf7de1731199a reason=FIN
2026-10-02T21:59:27 [DEBUG] engine: Inference: flow_id=e5bbf7de1731199a risk=0.3334 class=1 latency=0.14ms
2026-10-02T21:59:27 [DEBUG] flow_state: Flow finalized: flow_id=50a0837f54454534 reason=FIN
2026-10-02T21:59:27 [DEBUG] engine: Inference: flow_id=50a0837f54454534 risk=0.3334 class=1 latency=0.09ms
2026-10-02T21:59:27 [DEBUG] flow_state: Flow finalized: flow_id=c29a5e2e6c833768 reason=FIN
2026-10-02T21:59:27 [DEBUG] engine: Inference: flow_id=c29a5e2e6c833768 risk=0.3334 class=1 latency=0.09ms
2026-10-02T21:59:27 [DEBUG] flow_state: Flow finalized: flow_id=906700c80ab9017b reason=FIN
2026-10-02T21:59:27 [DEBUG] engine: Inference: flow_id=906700c80ab9017b risk=0.3334 class=1 latency=0.08ms
2026-10-02T21:59:27 [DEBUG] flow_state: Flow finalized: flow_id=93da767d4f636361 reason=FIN
2026-10-02T21:59:27 [DEBUG] engine: Inference: flow_id=93da767d4f636361 risk=0.3334 class=1 latency=0.07ms
2026-10-02T21:59:27 [DEBUG] flow_state: Flow finalized: flow_id=36cc697797109203 reason=FIN
2026-10-02T21:59:27 [DEBUG] engine: Inference: flow_id=36cc697797109203 risk=0.3334 class=1 latency=0.07ms
2026-10-02T21:59:27 [DEBUG] flow_state: Flow finalized: flow_id=7cc2d661d3b99330 reason=FIN
2026-10-02T21:59:27 [DEBUG] engine: Inference: flow_id=7cc2d661d3b99330 risk=0.3334 class=1 latency=0.05ms
2026-10-02T21:59:27 [DEBUG] flow_state: Flow finalized: flow_id=fdca6776bd6d4d17 reason=FIN
2026-10-02T21:59:27 [DEBUG] engine: Inference: flow_id=fdca6776bd6d4d17 risk=0.3334 class=1 latency=0.06ms
2026-10-02T21:59:27 [DEBUG] flow_state: Flow finalized: flow_id=3879176044fc6517 reason=FIN
2026-10-02T21:59:27 [DEBUG] engine: Inference: flow_id=3879176044fc6517 risk=0.3334 class=1 latency=0.06ms
2026-10-02T21:59:27 [DEBUG] flow_state: Flow finalized: flow_id=61e1a9aa7395a493 reason=FIN
2026-10-02T21:59:27 [DEBUG] engine: Inference: flow_id=61e1a9aa7395a493 risk=0.3334 class=1 latency=0.05ms
2026-10-02T21:59:27 [DEBUG] flow_state: Flow finalized: flow_id=af3effbec88636df reason=FIN
2026-10-02T21:59:27 [DEBUG] engine: Inference: flow_id=af3effbec88636df risk=0.3334 class=1 latency=0.04ms
2026-10-02T21:59:27 [DEBUG] flow_state: Flow finalized: flow_id=0ea7e2f91a01a975 reason=FIN
2026-10-02T21:59:27 [DEBUG] engine: Inference: flow_id=0ea7e2f91a01a975 risk=0.3334 class=1 latency=0.06ms
2026-10-02T21:59:27 [DEBUG] flow_state: Flow finalized: flow_id=a5a9f4901895dfba reason=FIN
2026-10-02T21:59:27 [DEBUG] engine: Inference: flow_id=a5a9f4901895dfba risk=0.3334 class=1 latency=0.05ms
2026-10-02T21:59:27 [DEBUG] flow_state: Flow finalized: flow_id=9f1a61135b626797 reason=FIN
2026-10-02T21:59:27 [DEBUG] engine: Inference: flow_id=9f1a61135b626797 risk=0.3334 class=1 latency=0.05ms
2026-10-02T21:59:27 [DEBUG] flow_state: Flow finalized: flow_id=eb592c26b87205a5 reason=FIN
2026-10-02T21:59:27 [DEBUG] engine: Inference: flow_id=eb592c26b87205a5 risk=0.3334 class=1 latency=0.05ms
2026-10-02T21:59:27 [DEBUG] flow_state: Flow finalized: flow_id=b3bb779ec12abeaa reason=FIN
2026-10-02T21:59:27 [DEBUG] engine: Inference: flow_id=b3bb779ec12abeaa risk=0.3334 class=1 latency=0.05ms
2026-10-02T21:59:27 [DEBUG] flow_state: Flow finalized: flow_id=046dbf64282fe6fa reason=FIN
2026-10-02T21:59:27 [DEBUG] engine: Inference: flow_id=046dbf64282fe6fa risk=0.3334 class=1 latency=0.04ms
2026-10-02T21:59:28 [DEBUG] flow_state: Flow finalized: flow_id=87ff6282d2af3e09 reason=FIN
2026-10-02T21:59:28 [DEBUG] engine: Inference: flow_id=87ff6282d2af3e09 risk=0.3334 class=1 latency=0.04ms
2026-10-02T21:59:28 [DEBUG] flow_state: Flow finalized: flow_id=4eb4baf3ae4db92d reason=FIN
2026-10-02T21:59:28 [DEBUG] engine: Inference: flow_id=4eb4baf3ae4db92d risk=0.3334 class=1 latency=0.03ms
2026-10-02T21:59:28 [DEBUG] flow_state: Flow finalized: flow_id=cdf9437d5d5676aa reason=FIN
2026-10-02T21:59:28 [DEBUG] engine: Inference: flow_id=cdf9437d5d5676aa risk=0.3334 class=1 latency=0.04ms
2026-10-02T21:59:28 [DEBUG] flow_state: Flow finalized: flow_id=623a0d90228b04ce reason=FIN
2026-10-02T21:59:28 [DEBUG] engine: Inference: flow_id=623a0d90228b04ce risk=0.3334 class=1 latency=0.03ms
2026-10-02T21:59:28 [DEBUG] flow_state: Flow finalized: flow_id=d801034fb6b763b6 reason=FIN
2026-10-02T21:59:28 [DEBUG] engine: Inference: flow_id=d801034fb6b763b6 risk=0.3334 class=1 latency=0.04ms
2026-10-02T21:59:28 [DEBUG] flow_state: Flow finalized: flow_id=5694c3f75b372020 reason=FIN
2026-10-02T21:59:28 [DEBUG] engine: Inference: flow_id=5694c3f75b372020 risk=0.3334 class=1 latency=0.06ms
2026-10-02T21:59:28 [DEBUG] flow_state: Flow finalized: flow_id=124d37dd8b364d71 reason=FIN
2026-10-02T21:59:28 [DEBUG] engine: Inference: flow_id=124d37dd8b364d71 risk=0.3334 class=1 latency=0.06ms
2026-10-02T21:59:28 [DEBUG] flow_state: Flow finalized: flow_id=b342d4c1540bab42 reason=FIN
2026-10-02T21:59:28 [DEBUG] engine: Inference: flow_id=b342d4c1540bab42 risk=0.3334 class=1 latency=0.05ms
2026-10-02T21:59:28 [DEBUG] flow_state: Flow finalized: flow_id=dd8c6b7e13273f87 reason=FIN
2026-10-02T21:59:28 [DEBUG] engine: Inference: flow_id=dd8c6b7e13273f87 risk=0.3334 class=1 latency=0.05ms
2026-10-02T21:59:28 [DEBUG] flow_state: Flow finalized: flow_id=d07f402569c140cf reason=FIN
2026-10-02T21:59:28 [DEBUG] engine: Inference: flow_id=d07f402569c140cf risk=0.3334 class=1 latency=0.06ms
2026-10-02T21:59:28 [DEBUG] flow_state: Flow finalized: flow_id=16801a19cfec6a51 reason=FIN
2026-10-02T21:59:28 [DEBUG] engine: Inference: flow_id=16801a19cfec6a51 risk=0.3334 class=1 latency=0.05ms
2026-10-02T21:59:28 [DEBUG] flow_state: Flow finalized: flow_id=de097b643294d4d1 reason=FIN
2026-10-02T21:59:28 [DEBUG] engine: Inference: flow_id=de097b643294d4d1 risk=0.3334 class=1 latency=0.05ms
2026-10-02T21:59:28 [DEBUG] flow_state: Flow finalized: flow_id=932b97b8cc4772ce reason=FIN
2026-10-02T21:59:28 [DEBUG] engine: Inference: flow_id=932b97b8cc4772ce risk=0.3334 class=1 latency=0.04ms
2026-10-02T21:59:28 [DEBUG] flow_state: Flow finalized: flow_id=0f394ed4c423456f reason=FIN
2026-10-02T21:59:28 [DEBUG] engine: Inference: flow_id=0f394ed4c423456f risk=0.3334 class=1 latency=0.03ms
2026-10-02T21:59:28 [DEBUG] flow_state: Flow finalized: flow_id=933e45f3d57aa21c reason=FIN
2026-10-02T21:59:28 [DEBUG] engine: Inference: flow_id=933e45f3d57aa21c risk=0.3334 class=1 latency=0.04ms
2026-10-02T21:59:28 [DEBUG] flow_state: Flow finalized: flow_id=c55ceed558eb523c reason=FIN
2026-10-02T21:59:28 [DEBUG] engine: Inference: flow_id=c55ceed558eb523c risk=0.3334 class=1 latency=0.04ms
2026-10-02T21:59:28 [DEBUG] flow_state: Flow finalized: flow_id=6032d6271f448a9f reason=FIN
2026-10-02T21:59:28 [DEBUG] engine: Inference: flow_id=6032d6271f448a9f risk=0.3334 class=1 latency=0.03ms
2026-10-02T21:59:28 [INFO] engine: Drift detected: features=['fwd_packets_per_sec'] at flow_id=6032d6271f448a9f
2026-10-02T21:59:28 [INFO] optimizer: Retrain cycle started: retrain_id=01b051bb trigger=fwd_packets_per_sec
2026-10-02T21:59:28 [INFO] optimizer: Training window extracted: 383 records (requested 2000), ts range [1788513862.2, 1790958568.6]
2026-10-02T21:59:28 [DEBUG] flow_state: Flow finalized: flow_id=380fc3efe2a04d97 reason=FIN
2026-10-02T21:59:28 [DEBUG] engine: Inference: flow_id=380fc3efe2a04d97 risk=0.3334 class=1 latency=0.05ms
2026-10-02T21:59:28 [DEBUG] flow_state: Flow finalized: flow_id=6fbe2ae7b0d63897 reason=FIN
2026-10-02T21:59:28 [DEBUG] engine: Inference: flow_id=6fbe2ae7b0d63897 risk=0.3334 class=1 latency=0.05ms
2026-10-02T21:59:28 [DEBUG] flow_state: Flow finalized: flow_id=e9a490be61e411db reason=FIN
2026-10-02T21:59:28 [DEBUG] engine: Inference: flow_id=e9a490be61e411db risk=0.3334 class=1 latency=0.04ms
2026-10-02T21:59:28 [DEBUG] flow_state: Flow finalized: flow_id=c3a1d5890a9269b8 reason=FIN
2026-10-02T21:59:28 [DEBUG] engine: Inference: flow_id=c3a1d5890a9269b8 risk=0.3334 class=1 latency=0.06ms
2026-10-02T21:59:28 [DEBUG] flow_state: Flow finalized: flow_id=56d6a275509b5d16 reason=FIN
2026-10-02T21:59:28 [DEBUG] engine: Inference: flow_id=56d6a275509b5d16 risk=0.3334 class=1 latency=0.04ms
2026-10-02T21:59:28 [INFO] optimizer: Optuna sweep complete: 3/3 trials in 0.2s, best_value=0.0000, params={'n_estimators': 82, 'learning_rate': 0.05815047276520784, 'num_leaves': 16, 'max_depth': 4, 'min_child_samples': 15}
2026-10-02T21:59:28 [INFO] optimizer: Warm-start fit complete: 0.0s, 82 boosting rounds
2026-10-02T21:59:28 [INFO] golden_holdout: Golden holdout evaluation: accuracy=0.5000 (100/200 correct)
2026-10-02T21:59:28 [INFO] optimizer: Lineage recorded: retrain_id=01b051bb status=FAIL accuracy=0.5000
2026-10-02T21:59:28 [INFO] optimizer: Retrain cycle FAILED (gate): retrain_id=01b051bb accuracy=0.5000 < threshold=0.9500, duration=0.2s
2026-10-02T21:59:28 [DEBUG] flow_state: Flow finalized: flow_id=406302d46040ac53 reason=FIN
2026-10-02T21:59:28 [DEBUG] engine: Inference: flow_id=406302d46040ac53 risk=0.3334 class=1 latency=0.06ms
2026-10-02T21:59:28 [DEBUG] flow_state: Flow finalized: flow_id=04f96a71ec357129 reason=FIN
2026-10-02T21:59:28 [DEBUG] engine: Inference: flow_id=04f96a71ec357129 risk=0.3334 class=1 latency=0.05ms
2026-10-02T21:59:28 [DEBUG] flow_state: Flow finalized: flow_id=79467c43f54e9139 reason=FIN
2026-10-02T21:59:28 [DEBUG] engine: Inference: flow_id=79467c43f54e9139 risk=0.3334 class=1 latency=0.04ms
2026-10-02T21:59:28 [DEBUG] flow_state: Flow finalized: flow_id=07d08139abcde097 reason=FIN
2026-10-02T21:59:28 [DEBUG] engine: Inference: flow_id=07d08139abcde097 risk=0.3334 class=1 latency=0.05ms
2026-10-02T21:59:28 [DEBUG] flow_state: Flow finalized: flow_id=447009fd8eaaf5bf reason=FIN
2026-10-02T21:59:28 [DEBUG] engine: Inference: flow_id=447009fd8eaaf5bf risk=0.3334 class=1 latency=0.04ms
2026-10-02T21:59:28 [DEBUG] flow_state: Flow finalized: flow_id=e23c64335bc8a86d reason=FIN
2026-10-02T21:59:28 [DEBUG] engine: Inference: flow_id=e23c64335bc8a86d risk=0.3334 class=1 latency=0.04ms
2026-10-02T21:59:29 [DEBUG] flow_state: Flow finalized: flow_id=2089e5a382e2151d reason=FIN
2026-10-02T21:59:29 [DEBUG] engine: Inference: flow_id=2089e5a382e2151d risk=0.3334 class=1 latency=0.03ms
2026-10-02T21:59:29 [DEBUG] flow_state: Flow finalized: flow_id=ac1a38c68b9ed8e5 reason=FIN
2026-10-02T21:59:29 [DEBUG] engine: Inference: flow_id=ac1a38c68b9ed8e5 risk=0.3334 class=1 latency=0.05ms
2026-10-02T21:59:29 [DEBUG] flow_state: Flow finalized: flow_id=bf47e29c7663b895 reason=FIN
2026-10-02T21:59:29 [DEBUG] engine: Inference: flow_id=bf47e29c7663b895 risk=0.3334 class=1 latency=0.04ms
2026-10-02T21:59:29 [DEBUG] flow_state: Flow finalized: flow_id=7feaa359acc2c785 reason=FIN
2026-10-02T21:59:29 [DEBUG] engine: Inference: flow_id=7feaa359acc2c785 risk=0.3334 class=1 latency=0.04ms
2026-10-02T21:59:29 [DEBUG] flow_state: Flow finalized: flow_id=7a19ad24480d61c9 reason=FIN
2026-10-02T21:59:29 [DEBUG] engine: Inference: flow_id=7a19ad24480d61c9 risk=0.3334 class=1 latency=0.05ms
2026-10-02T21:59:29 [DEBUG] flow_state: Flow finalized: flow_id=ab50180a753b083d reason=FIN
2026-10-02T21:59:29 [DEBUG] engine: Inference: flow_id=ab50180a753b083d risk=0.3334 class=1 latency=0.04ms
2026-10-02T21:59:29 [DEBUG] flow_state: Flow finalized: flow_id=e16bfd0c216a82db reason=FIN
2026-10-02T21:59:29 [DEBUG] engine: Inference: flow_id=e16bfd0c216a82db risk=0.3334 class=1 latency=0.05ms
2026-10-02T21:59:29 [DEBUG] flow_state: Flow finalized: flow_id=48837e6e7b6c884a reason=FIN
2026-10-02T21:59:29 [DEBUG] engine: Inference: flow_id=48837e6e7b6c884a risk=0.3334 class=1 latency=0.04ms
2026-10-02T21:59:29 [DEBUG] flow_state: Flow finalized: flow_id=c2459ba9308adbb4 reason=FIN
2026-10-02T21:59:29 [DEBUG] engine: Inference: flow_id=c2459ba9308adbb4 risk=0.3334 class=1 latency=0.03ms
2026-10-02T21:59:29 [DEBUG] flow_state: Flow finalized: flow_id=938e36db59aeb4b1 reason=FIN
2026-10-02T21:59:29 [DEBUG] engine: Inference: flow_id=938e36db59aeb4b1 risk=0.3334 class=1 latency=0.03ms
2026-10-02T21:59:29 [DEBUG] flow_state: Flow finalized: flow_id=6a55d1fe2d7af160 reason=FIN
2026-10-02T21:59:29 [DEBUG] engine: Inference: flow_id=6a55d1fe2d7af160 risk=0.3334 class=1 latency=0.04ms
2026-10-02T21:59:29 [DEBUG] flow_state: Flow finalized: flow_id=9f0dca3555e30b6f reason=FIN
2026-10-02T21:59:29 [DEBUG] engine: Inference: flow_id=9f0dca3555e30b6f risk=0.3334 class=1 latency=0.03ms
2026-10-02T21:59:29 [DEBUG] flow_state: Flow finalized: flow_id=68f1582d9ea7fd05 reason=FIN
2026-10-02T21:59:29 [DEBUG] engine: Inference: flow_id=68f1582d9ea7fd05 risk=0.3334 class=1 latency=0.02ms
2026-10-02T21:59:29 [DEBUG] flow_state: Flow finalized: flow_id=94b22a8736c6f6bf reason=FIN
2026-10-02T21:59:29 [DEBUG] engine: Inference: flow_id=94b22a8736c6f6bf risk=0.3334 class=1 latency=0.04ms
2026-10-02T21:59:29 [DEBUG] flow_state: Flow finalized: flow_id=5f09593680fb6468 reason=FIN
2026-10-02T21:59:29 [DEBUG] engine: Inference: flow_id=5f09593680fb6468 risk=0.3334 class=1 latency=0.03ms
2026-10-02T21:59:29 [DEBUG] flow_state: Flow finalized: flow_id=6078a7293160e2f5 reason=FIN
2026-10-02T21:59:29 [DEBUG] engine: Inference: flow_id=6078a7293160e2f5 risk=0.3334 class=1 latency=0.03ms
2026-10-02T21:59:29 [DEBUG] flow_state: Flow finalized: flow_id=8cc6d6d9a67b495a reason=FIN
2026-10-02T21:59:29 [DEBUG] engine: Inference: flow_id=8cc6d6d9a67b495a risk=0.3334 class=1 latency=0.03ms
2026-10-02T21:59:29 [DEBUG] flow_state: Flow finalized: flow_id=efe11e53196b1ccd reason=FIN
2026-10-02T21:59:29 [DEBUG] engine: Inference: flow_id=efe11e53196b1ccd risk=0.3334 class=1 latency=0.06ms
2026-10-02T21:59:29 [DEBUG] flow_state: Flow finalized: flow_id=ae2d1d906b688235 reason=FIN
2026-10-02T21:59:29 [DEBUG] engine: Inference: flow_id=ae2d1d906b688235 risk=0.3334 class=1 latency=0.03ms
2026-10-02T21:59:29 [DEBUG] flow_state: Flow finalized: flow_id=518e7b30524fad2d reason=FIN
2026-10-02T21:59:29 [DEBUG] engine: Inference: flow_id=518e7b30524fad2d risk=0.3334 class=1 latency=0.02ms
2026-10-02T21:59:29 [DEBUG] flow_state: Flow finalized: flow_id=38d0b81927d78bd0 reason=FIN
2026-10-02T21:59:29 [DEBUG] engine: Inference: flow_id=38d0b81927d78bd0 risk=0.3334 class=1 latency=0.03ms
2026-10-02T21:59:29 [DEBUG] flow_state: Flow finalized: flow_id=849dcb066dcab382 reason=FIN
2026-10-02T21:59:29 [DEBUG] engine: Inference: flow_id=849dcb066dcab382 risk=0.3334 class=1 latency=0.04ms
2026-10-02T21:59:29 [DEBUG] flow_state: Flow finalized: flow_id=5a26e2125b5fa223 reason=FIN
2026-10-02T21:59:29 [DEBUG] engine: Inference: flow_id=5a26e2125b5fa223 risk=0.3334 class=1 latency=0.03ms
2026-10-02T21:59:29 [DEBUG] flow_state: Flow finalized: flow_id=365a7056c2927778 reason=FIN
2026-10-02T21:59:29 [DEBUG] engine: Inference: flow_id=365a7056c2927778 risk=0.3334 class=1 latency=0.04ms
2026-10-02T21:59:29 [DEBUG] flow_state: Flow finalized: flow_id=60f008561bd71b34 reason=FIN
2026-10-02T21:59:29 [DEBUG] engine: Inference: flow_id=60f008561bd71b34 risk=0.3334 class=1 latency=0.03ms
2026-10-02T21:59:29 [DEBUG] flow_state: Flow finalized: flow_id=a8c9597385d3d017 reason=FIN
2026-10-02T21:59:29 [DEBUG] engine: Inference: flow_id=a8c9597385d3d017 risk=0.3334 class=1 latency=0.04ms
2026-10-02T21:59:29 [DEBUG] flow_state: Flow finalized: flow_id=bbe6d7a04e7fb3c8 reason=FIN
2026-10-02T21:59:29 [DEBUG] engine: Inference: flow_id=bbe6d7a04e7fb3c8 risk=0.3334 class=1 latency=0.03ms
2026-10-02T21:59:29 [DEBUG] flow_state: Flow finalized: flow_id=87a0d5ebb06b557e reason=FIN
2026-10-02T21:59:29 [DEBUG] engine: Inference: flow_id=87a0d5ebb06b557e risk=0.3334 class=1 latency=0.02ms
2026-10-02T21:59:29 [DEBUG] flow_state: Flow finalized: flow_id=2b33ef9f88a364ac reason=FIN
2026-10-02T21:59:29 [DEBUG] engine: Inference: flow_id=2b33ef9f88a364ac risk=0.3334 class=1 latency=0.03ms
2026-10-02T21:59:29 [DEBUG] flow_state: Flow finalized: flow_id=4a2b39ccb58eaf3e reason=FIN
2026-10-02T21:59:29 [DEBUG] engine: Inference: flow_id=4a2b39ccb58eaf3e risk=0.3334 class=1 latency=0.02ms
2026-10-02T21:59:29 [DEBUG] flow_state: Flow finalized: flow_id=2e227f136326a895 reason=FIN
2026-10-02T21:59:29 [DEBUG] engine: Inference: flow_id=2e227f136326a895 risk=0.3334 class=1 latency=0.02ms
2026-10-02T21:59:29 [DEBUG] flow_state: Flow finalized: flow_id=134f022a1d18fc56 reason=FIN
2026-10-02T21:59:29 [DEBUG] engine: Inference: flow_id=134f022a1d18fc56 risk=0.3334 class=1 latency=0.02ms
2026-10-02T21:59:29 [DEBUG] flow_state: Flow finalized: flow_id=781230539af00b47 reason=FIN
2026-10-02T21:59:29 [DEBUG] engine: Inference: flow_id=781230539af00b47 risk=0.3334 class=1 latency=0.03ms
2026-10-02T21:59:29 [DEBUG] flow_state: Flow finalized: flow_id=0a96b7e44820c98f reason=FIN
2026-10-02T21:59:29 [DEBUG] engine: Inference: flow_id=0a96b7e44820c98f risk=0.3334 class=1 latency=0.03ms
2026-10-02T21:59:29 [DEBUG] flow_state: Flow finalized: flow_id=36f08e8aaeb2cd24 reason=FIN
2026-10-02T21:59:29 [DEBUG] engine: Inference: flow_id=36f08e8aaeb2cd24 risk=0.3334 class=1 latency=0.03ms
2026-10-02T21:59:29 [DEBUG] flow_state: Flow finalized: flow_id=a13e895f0a43ab72 reason=FIN
2026-10-02T21:59:29 [DEBUG] engine: Inference: flow_id=a13e895f0a43ab72 risk=0.3334 class=1 latency=0.04ms
2026-10-02T21:59:29 [DEBUG] flow_state: Flow finalized: flow_id=5a5d1c55e2519e1a reason=FIN
2026-10-02T21:59:29 [DEBUG] engine: Inference: flow_id=5a5d1c55e2519e1a risk=0.3334 class=1 latency=0.03ms
2026-10-02T21:59:29 [DEBUG] flow_state: Flow finalized: flow_id=f1f5c3bc56e818dc reason=FIN
2026-10-02T21:59:29 [DEBUG] engine: Inference: flow_id=f1f5c3bc56e818dc risk=0.3334 class=1 latency=0.03ms
2026-10-02T21:59:29 [DEBUG] flow_state: Flow finalized: flow_id=54345a52d26f2cef reason=FIN
2026-10-02T21:59:29 [DEBUG] engine: Inference: flow_id=54345a52d26f2cef risk=0.3334 class=1 latency=0.03ms
2026-10-02T21:59:29 [DEBUG] flow_state: Flow finalized: flow_id=8a81c21e94fbc09a reason=FIN
2026-10-02T21:59:29 [DEBUG] engine: Inference: flow_id=8a81c21e94fbc09a risk=0.3334 class=1 latency=0.03ms
2026-10-02T21:59:29 [DEBUG] flow_state: Flow finalized: flow_id=2fa08962346e1f77 reason=FIN
2026-10-02T21:59:29 [DEBUG] engine: Inference: flow_id=2fa08962346e1f77 risk=0.3334 class=1 latency=0.03ms
2026-10-02T21:59:29 [DEBUG] flow_state: Flow finalized: flow_id=2139987d7b4992e7 reason=FIN
2026-10-02T21:59:29 [DEBUG] engine: Inference: flow_id=2139987d7b4992e7 risk=0.3334 class=1 latency=0.02ms
2026-10-02T21:59:29 [DEBUG] flow_state: Flow finalized: flow_id=e919093dd066e42f reason=FIN
2026-10-02T21:59:29 [DEBUG] engine: Inference: flow_id=e919093dd066e42f risk=0.3334 class=1 latency=0.02ms
2026-10-02T21:59:29 [DEBUG] flow_state: Flow finalized: flow_id=debafcca9e574909 reason=FIN
2026-10-02T21:59:29 [DEBUG] engine: Inference: flow_id=debafcca9e574909 risk=0.3334 class=1 latency=0.03ms
2026-10-02T21:59:29 [DEBUG] flow_state: Flow finalized: flow_id=5862755290703ee8 reason=FIN
2026-10-02T21:59:29 [DEBUG] engine: Inference: flow_id=5862755290703ee8 risk=0.3334 class=1 latency=0.02ms
2026-10-02T21:59:29 [DEBUG] flow_state: Flow finalized: flow_id=9a677450ba167142 reason=FIN
2026-10-02T21:59:29 [DEBUG] engine: Inference: flow_id=9a677450ba167142 risk=0.3334 class=1 latency=0.02ms
2026-10-02T21:59:29 [DEBUG] flow_state: Flow finalized: flow_id=f263668757db8c23 reason=FIN
2026-10-02T21:59:29 [DEBUG] engine: Inference: flow_id=f263668757db8c23 risk=0.3334 class=1 latency=0.03ms
2026-10-02T21:59:29 [DEBUG] flow_state: Flow finalized: flow_id=3eff4c316e00948a reason=FIN
2026-10-02T21:59:29 [DEBUG] engine: Inference: flow_id=3eff4c316e00948a risk=0.3334 class=1 latency=0.04ms
2026-10-02T21:59:29 [DEBUG] flow_state: Flow finalized: flow_id=677ed996e607669c reason=FIN
2026-10-02T21:59:29 [DEBUG] engine: Inference: flow_id=677ed996e607669c risk=0.3334 class=1 latency=0.03ms
2026-10-02T21:59:29 [DEBUG] flow_state: Flow finalized: flow_id=64e30aa1a4e5bf87 reason=FIN
2026-10-02T21:59:29 [DEBUG] engine: Inference: flow_id=64e30aa1a4e5bf87 risk=0.3334 class=1 latency=0.03ms
2026-10-02T21:59:29 [DEBUG] flow_state: Flow finalized: flow_id=c9a874a99e425134 reason=FIN
2026-10-02T21:59:29 [DEBUG] engine: Inference: flow_id=c9a874a99e425134 risk=0.3334 class=1 latency=0.02ms
2026-10-02T21:59:29 [DEBUG] flow_state: Flow finalized: flow_id=b3c5bee971f85a87 reason=FIN
2026-10-02T21:59:29 [DEBUG] engine: Inference: flow_id=b3c5bee971f85a87 risk=0.3334 class=1 latency=0.03ms
2026-10-02T21:59:29 [DEBUG] flow_state: Flow finalized: flow_id=47b7dc4dfabbf39d reason=FIN
2026-10-02T21:59:29 [DEBUG] engine: Inference: flow_id=47b7dc4dfabbf39d risk=0.3334 class=1 latency=0.02ms
2026-10-02T21:59:29 [DEBUG] flow_state: Flow finalized: flow_id=14d182958f371fa0 reason=FIN
2026-10-02T21:59:29 [DEBUG] engine: Inference: flow_id=14d182958f371fa0 risk=0.3334 class=1 latency=0.03ms
2026-10-02T21:59:29 [DEBUG] flow_state: Flow finalized: flow_id=d1510ff09cfc30e2 reason=FIN
2026-10-02T21:59:29 [DEBUG] engine: Inference: flow_id=d1510ff09cfc30e2 risk=0.3334 class=1 latency=0.02ms
2026-10-02T21:59:30 [DEBUG] flow_state: Flow finalized: flow_id=c3acc0eda4b4416c reason=TIMEOUT
2026-10-02T21:59:30 [DEBUG] engine: Inference: flow_id=c3acc0eda4b4416c risk=0.3334 class=1 latency=0.16ms
2026-10-02T21:59:34 [DEBUG] flow_state: Skipping non-IP packet (63 similar messages suppressed)
2026-10-02T21:59:35 [DEBUG] flow_state: Flow finalized: flow_id=c5d2b104d5fa61c4 reason=TIMEOUT
2026-10-02T21:59:35 [DEBUG] engine: Inference: flow_id=c5d2b104d5fa61c4 risk=0.3334 class=1 latency=0.17ms
2026-10-02T21:59:41 [DEBUG] flow_state: Flow finalized: flow_id=91a6d2f948f6a452 reason=TIMEOUT
2026-10-02T21:59:41 [DEBUG] flow_state: Flow finalized: flow_id=b34cd0219e5af49c reason=TIMEOUT
2026-10-02T21:59:41 [DEBUG] flow_state: Flow finalized: flow_id=fb5d5aedc59635ac reason=TIMEOUT
2026-10-02T21:59:41 [DEBUG] flow_state: Flow finalized: flow_id=43f82db6684d10bd reason=TIMEOUT
2026-10-02T21:59:41 [DEBUG] engine: Inference: flow_id=91a6d2f948f6a452 risk=0.3334 class=1 latency=0.12ms
2026-10-02T21:59:41 [DEBUG] engine: Inference: flow_id=b34cd0219e5af49c risk=0.3334 class=1 latency=0.03ms
2026-10-02T21:59:41 [DEBUG] engine: Inference: flow_id=fb5d5aedc59635ac risk=0.3334 class=1 latency=0.02ms
2026-10-02T21:59:41 [DEBUG] engine: Inference: flow_id=43f82db6684d10bd risk=0.3334 class=1 latency=0.02ms
2026-10-02T21:59:42 [DEBUG] flow_state: Flow finalized: flow_id=360045b46c23f577 reason=TIMEOUT
2026-10-02T21:59:42 [DEBUG] flow_state: Flow finalized: flow_id=84ddc0ccedcf31c9 reason=TIMEOUT
2026-10-02T21:59:42 [DEBUG] flow_state: Flow finalized: flow_id=b6112bd21bd84ecd reason=TIMEOUT
2026-10-02T21:59:42 [DEBUG] flow_state: Flow finalized: flow_id=ad26d5c96be8727b reason=TIMEOUT
2026-10-02T21:59:42 [DEBUG] flow_state: Flow finalized: flow_id=556309ece1ca0420 reason=TIMEOUT
2026-10-02T21:59:42 [DEBUG] flow_state: Flow finalized: flow_id=3e9912d063c1ba6d reason=TIMEOUT
2026-10-02T21:59:42 [DEBUG] flow_state: Flow finalized: flow_id=13517a773d5fa077 reason=TIMEOUT
2026-10-02T21:59:42 [DEBUG] flow_state: Flow finalized: flow_id=8dedad7bfc83e73d reason=TIMEOUT
2026-10-02T21:59:42 [DEBUG] flow_state: Flow finalized: flow_id=51f17345f7c38317 reason=TIMEOUT
2026-10-02T21:59:42 [DEBUG] flow_state: Flow finalized: flow_id=59ba27c93df76061 reason=TIMEOUT
2026-10-02T21:59:42 [DEBUG] flow_state: Flow finalized: flow_id=8e94f1e5eedb8276 reason=TIMEOUT
2026-10-02T21:59:42 [DEBUG] flow_state: Flow finalized: flow_id=cc85e631a52ca2cd reason=TIMEOUT
2026-10-02T21:59:42 [DEBUG] flow_state: Flow finalized: flow_id=eb3fd95a313f65c9 reason=TIMEOUT
2026-10-02T21:59:42 [DEBUG] flow_state: Flow finalized: flow_id=d9b246ce456cd33d reason=TIMEOUT
2026-10-02T21:59:42 [DEBUG] flow_state: Flow finalized: flow_id=23548414e516bf98 reason=TIMEOUT
2026-10-02T21:59:42 [DEBUG] flow_state: Flow finalized: flow_id=26c7b3cd9dfda738 reason=TIMEOUT
2026-10-02T21:59:42 [DEBUG] flow_state: Flow finalized: flow_id=29ec66f2d85ef21c reason=TIMEOUT
2026-10-02T21:59:42 [DEBUG] flow_state: Flow finalized: flow_id=bf728dbeba5a8217 reason=TIMEOUT
2026-10-02T21:59:42 [DEBUG] engine: Inference: flow_id=360045b46c23f577 risk=0.3334 class=1 latency=0.12ms
2026-10-02T21:59:42 [DEBUG] engine: Inference: flow_id=84ddc0ccedcf31c9 risk=0.3334 class=1 latency=0.03ms
2026-10-02T21:59:42 [DEBUG] engine: Inference: flow_id=b6112bd21bd84ecd risk=0.3334 class=1 latency=0.02ms
2026-10-02T21:59:42 [DEBUG] engine: Inference: flow_id=ad26d5c96be8727b risk=0.3334 class=1 latency=0.02ms
2026-10-02T21:59:42 [DEBUG] engine: Inference: flow_id=556309ece1ca0420 risk=0.3334 class=1 latency=0.02ms
2026-10-02T21:59:42 [DEBUG] engine: Inference: flow_id=3e9912d063c1ba6d risk=0.3334 class=1 latency=0.03ms
2026-10-02T21:59:42 [DEBUG] engine: Inference: flow_id=13517a773d5fa077 risk=0.3334 class=1 latency=0.03ms
2026-10-02T21:59:42 [DEBUG] engine: Inference: flow_id=8dedad7bfc83e73d risk=0.3334 class=1 latency=0.02ms
2026-10-02T21:59:42 [DEBUG] engine: Inference: flow_id=51f17345f7c38317 risk=0.3334 class=1 latency=0.02ms
2026-10-02T21:59:42 [DEBUG] engine: Inference: flow_id=59ba27c93df76061 risk=0.3334 class=1 latency=0.02ms
2026-10-02T21:59:42 [DEBUG] engine: Inference: flow_id=8e94f1e5eedb8276 risk=0.3334 class=1 latency=0.02ms
2026-10-02T21:59:42 [DEBUG] engine: Inference: flow_id=cc85e631a52ca2cd risk=0.3334 class=1 latency=0.02ms
2026-10-02T21:59:42 [DEBUG] engine: Inference: flow_id=eb3fd95a313f65c9 risk=0.3334 class=1 latency=0.02ms
2026-10-02T21:59:42 [DEBUG] engine: Inference: flow_id=d9b246ce456cd33d risk=0.3334 class=1 latency=0.02ms
2026-10-02T21:59:42 [DEBUG] engine: Inference: flow_id=23548414e516bf98 risk=0.3334 class=1 latency=0.02ms
2026-10-02T21:59:42 [DEBUG] engine: Inference: flow_id=26c7b3cd9dfda738 risk=0.3334 class=1 latency=0.02ms
2026-10-02T21:59:42 [DEBUG] engine: Inference: flow_id=29ec66f2d85ef21c risk=0.3334 class=1 latency=0.02ms
2026-10-02T21:59:42 [DEBUG] engine: Inference: flow_id=bf728dbeba5a8217 risk=0.3334 class=1 latency=0.02ms
2026-10-02T21:59:43 [DEBUG] flow_state: Skipping non-IP packet (3 similar messages suppressed)
2026-10-02T21:59:43 [DEBUG] flow_state: Flow finalized: flow_id=6f66ff83ca006b80 reason=TIMEOUT
2026-10-02T21:59:43 [DEBUG] flow_state: Flow finalized: flow_id=a481c81119b1abc1 reason=TIMEOUT
2026-10-02T21:59:43 [DEBUG] flow_state: Flow finalized: flow_id=c7a344c2b7c9c431 reason=TIMEOUT
2026-10-02T21:59:43 [DEBUG] flow_state: Flow finalized: flow_id=1e342533aefee6f3 reason=TIMEOUT
2026-10-02T21:59:43 [DEBUG] flow_state: Flow finalized: flow_id=648efe3c94697a3c reason=TIMEOUT
2026-10-02T21:59:43 [DEBUG] flow_state: Flow finalized: flow_id=71de9313f37a8f8c reason=TIMEOUT
2026-10-02T21:59:43 [DEBUG] flow_state: Flow finalized: flow_id=a66b48fa205e0aa3 reason=TIMEOUT
2026-10-02T21:59:43 [DEBUG] flow_state: Flow finalized: flow_id=5d41b23671de8296 reason=TIMEOUT
2026-10-02T21:59:43 [DEBUG] flow_state: Flow finalized: flow_id=919120fee5b18077 reason=TIMEOUT
2026-10-02T21:59:43 [DEBUG] flow_state: Flow finalized: flow_id=ad65e44a4b97eab6 reason=TIMEOUT
2026-10-02T21:59:43 [DEBUG] flow_state: Flow finalized: flow_id=6cfeef46538d2822 reason=TIMEOUT
2026-10-02T21:59:43 [DEBUG] flow_state: Flow finalized: flow_id=27ac5241074cbff6 reason=TIMEOUT
2026-10-02T21:59:43 [DEBUG] flow_state: Flow finalized: flow_id=c50733b63b914184 reason=TIMEOUT
2026-10-02T21:59:43 [DEBUG] flow_state: Flow finalized: flow_id=6a46960c4a27205a reason=TIMEOUT
2026-10-02T21:59:43 [DEBUG] engine: Inference: flow_id=6f66ff83ca006b80 risk=0.3334 class=1 latency=0.10ms
2026-10-02T21:59:43 [DEBUG] engine: Inference: flow_id=a481c81119b1abc1 risk=0.3334 class=1 latency=0.03ms
2026-10-02T21:59:43 [DEBUG] engine: Inference: flow_id=c7a344c2b7c9c431 risk=0.3334 class=1 latency=0.02ms
2026-10-02T21:59:43 [DEBUG] engine: Inference: flow_id=1e342533aefee6f3 risk=0.3334 class=1 latency=0.02ms
2026-10-02T21:59:43 [DEBUG] engine: Inference: flow_id=648efe3c94697a3c risk=0.3334 class=1 latency=0.02ms
2026-10-02T21:59:43 [DEBUG] engine: Inference: flow_id=71de9313f37a8f8c risk=0.3334 class=1 latency=0.01ms
2026-10-02T21:59:43 [DEBUG] engine: Inference: flow_id=a66b48fa205e0aa3 risk=0.3334 class=1 latency=0.01ms
2026-10-02T21:59:43 [DEBUG] engine: Inference: flow_id=5d41b23671de8296 risk=0.3334 class=1 latency=0.01ms
2026-10-02T21:59:43 [DEBUG] engine: Inference: flow_id=919120fee5b18077 risk=0.3334 class=1 latency=0.01ms
2026-10-02T21:59:43 [DEBUG] engine: Inference: flow_id=ad65e44a4b97eab6 risk=0.3334 class=1 latency=0.06ms
2026-10-02T21:59:43 [DEBUG] engine: Inference: flow_id=6cfeef46538d2822 risk=0.3334 class=1 latency=0.03ms
2026-10-02T21:59:43 [DEBUG] engine: Inference: flow_id=27ac5241074cbff6 risk=0.3334 class=1 latency=0.02ms
2026-10-02T21:59:43 [DEBUG] engine: Inference: flow_id=c50733b63b914184 risk=0.3334 class=1 latency=0.02ms
2026-10-02T21:59:43 [DEBUG] engine: Inference: flow_id=6a46960c4a27205a risk=0.3334 class=1 latency=0.02ms
2026-10-02T21:59:45 [DEBUG] flow_state: Skipping non-IP packet (203 similar messages suppressed)
2026-10-02T21:59:45 [DEBUG] flow_state: Flow finalized: flow_id=afa7b78012e0e7a2 reason=TIMEOUT
2026-10-02T21:59:45 [DEBUG] flow_state: Flow finalized: flow_id=18ab2b8ca3c3a5a1 reason=TIMEOUT
2026-10-02T21:59:45 [DEBUG] flow_state: Flow finalized: flow_id=3e06c659941fca9c reason=TIMEOUT
2026-10-02T21:59:45 [DEBUG] flow_state: Flow finalized: flow_id=16eb969ae7203d2a reason=TIMEOUT
2026-10-02T21:59:45 [DEBUG] flow_state: Flow finalized: flow_id=9bc71a776432f724 reason=TIMEOUT
2026-10-02T21:59:45 [DEBUG] flow_state: Flow finalized: flow_id=69e775738d182a03 reason=TIMEOUT
2026-10-02T21:59:45 [DEBUG] flow_state: Flow finalized: flow_id=8d1604e808592b52 reason=TIMEOUT
2026-10-02T21:59:45 [DEBUG] flow_state: Flow finalized: flow_id=1636f3a3704c1368 reason=TIMEOUT
2026-10-02T21:59:45 [DEBUG] flow_state: Flow finalized: flow_id=013d0b48ff1004ed reason=TIMEOUT
2026-10-02T21:59:45 [DEBUG] flow_state: Flow finalized: flow_id=754727e7b99d5721 reason=TIMEOUT
2026-10-02T21:59:45 [DEBUG] flow_state: Flow finalized: flow_id=1a06813c682532ed reason=TIMEOUT
2026-10-02T21:59:45 [DEBUG] flow_state: Flow finalized: flow_id=fa462030648b782e reason=TIMEOUT
2026-10-02T21:59:45 [DEBUG] flow_state: Flow finalized: flow_id=c52bc3e5637ae81a reason=TIMEOUT
2026-10-02T21:59:45 [DEBUG] flow_state: Flow finalized: flow_id=5c9503e1757d0eb2 reason=TIMEOUT
2026-10-02T21:59:45 [DEBUG] flow_state: Flow finalized: flow_id=133c8224e05a6a4a reason=TIMEOUT
2026-10-02T21:59:45 [DEBUG] flow_state: Flow finalized: flow_id=cb4030f39cba0633 reason=TIMEOUT
2026-10-02T21:59:45 [DEBUG] flow_state: Flow finalized: flow_id=1748066bb2bb632e reason=TIMEOUT
2026-10-02T21:59:45 [DEBUG] flow_state: Flow finalized: flow_id=3ee5381115d6a1ed reason=TIMEOUT
2026-10-02T21:59:45 [DEBUG] flow_state: Flow finalized: flow_id=a5be8904343520f6 reason=TIMEOUT
2026-10-02T21:59:45 [DEBUG] flow_state: Flow finalized: flow_id=9594e37d5f3a25b2 reason=TIMEOUT
2026-10-02T21:59:45 [DEBUG] flow_state: Flow finalized: flow_id=abb04181588a0c51 reason=TIMEOUT
2026-10-02T21:59:45 [DEBUG] flow_state: Flow finalized: flow_id=35dc502a536b31ab reason=TIMEOUT
2026-10-02T21:59:45 [DEBUG] flow_state: Flow finalized: flow_id=5120f707c46cde38 reason=TIMEOUT
2026-10-02T21:59:45 [DEBUG] flow_state: Flow finalized: flow_id=a5138d7acc69b1da reason=TIMEOUT
2026-10-02T21:59:45 [DEBUG] flow_state: Flow finalized: flow_id=cc7d2819b6a69f7f reason=TIMEOUT
2026-10-02T21:59:45 [DEBUG] flow_state: Flow finalized: flow_id=34327ac47b0f1052 reason=TIMEOUT
2026-10-02T21:59:45 [DEBUG] flow_state: Flow finalized: flow_id=726310a16bb804eb reason=TIMEOUT
2026-10-02T21:59:45 [DEBUG] flow_state: Flow finalized: flow_id=0e70da389adb3063 reason=TIMEOUT
2026-10-02T21:59:45 [DEBUG] engine: Inference: flow_id=afa7b78012e0e7a2 risk=0.3334 class=1 latency=1.25ms
2026-10-02T21:59:45 [DEBUG] engine: Inference: flow_id=18ab2b8ca3c3a5a1 risk=0.3334 class=1 latency=0.07ms
2026-10-02T21:59:45 [DEBUG] engine: Inference: flow_id=3e06c659941fca9c risk=0.3334 class=1 latency=0.05ms
2026-10-02T21:59:45 [DEBUG] engine: Inference: flow_id=16eb969ae7203d2a risk=0.3334 class=1 latency=0.03ms
2026-10-02T21:59:45 [DEBUG] engine: Inference: flow_id=9bc71a776432f724 risk=0.3334 class=1 latency=0.03ms
2026-10-02T21:59:45 [DEBUG] engine: Inference: flow_id=69e775738d182a03 risk=0.3334 class=1 latency=0.03ms
2026-10-02T21:59:45 [DEBUG] engine: Inference: flow_id=8d1604e808592b52 risk=0.3334 class=1 latency=0.02ms
2026-10-02T21:59:45 [DEBUG] engine: Inference: flow_id=1636f3a3704c1368 risk=0.3334 class=1 latency=0.02ms
2026-10-02T21:59:45 [DEBUG] engine: Inference: flow_id=013d0b48ff1004ed risk=0.3334 class=1 latency=0.02ms
2026-10-02T21:59:45 [DEBUG] engine: Inference: flow_id=754727e7b99d5721 risk=0.3334 class=1 latency=0.02ms
2026-10-02T21:59:45 [DEBUG] engine: Inference: flow_id=1a06813c682532ed risk=0.3334 class=1 latency=0.02ms
2026-10-02T21:59:45 [DEBUG] engine: Inference: flow_id=fa462030648b782e risk=0.3334 class=1 latency=0.02ms
2026-10-02T21:59:45 [DEBUG] engine: Inference: flow_id=c52bc3e5637ae81a risk=0.3334 class=1 latency=0.02ms
2026-10-02T21:59:45 [DEBUG] engine: Inference: flow_id=5c9503e1757d0eb2 risk=0.3334 class=1 latency=0.02ms
2026-10-02T21:59:45 [DEBUG] engine: Inference: flow_id=133c8224e05a6a4a risk=0.3334 class=1 latency=0.05ms
2026-10-02T21:59:45 [DEBUG] engine: Inference: flow_id=cb4030f39cba0633 risk=0.3334 class=1 latency=0.03ms
2026-10-02T21:59:45 [DEBUG] engine: Inference: flow_id=1748066bb2bb632e risk=0.3334 class=1 latency=0.03ms
2026-10-02T21:59:45 [DEBUG] engine: Inference: flow_id=3ee5381115d6a1ed risk=0.3334 class=1 latency=0.02ms
2026-10-02T21:59:45 [DEBUG] engine: Inference: flow_id=a5be8904343520f6 risk=0.3334 class=1 latency=0.05ms
2026-10-02T21:59:45 [DEBUG] engine: Inference: flow_id=9594e37d5f3a25b2 risk=0.3334 class=1 latency=0.02ms
2026-10-02T21:59:45 [DEBUG] engine: Inference: flow_id=abb04181588a0c51 risk=0.3334 class=1 latency=0.02ms
2026-10-02T21:59:45 [DEBUG] engine: Inference: flow_id=35dc502a536b31ab risk=0.3334 class=1 latency=0.02ms
2026-10-02T21:59:45 [DEBUG] engine: Inference: flow_id=5120f707c46cde38 risk=0.3334 class=1 latency=0.02ms
2026-10-02T21:59:45 [DEBUG] engine: Inference: flow_id=a5138d7acc69b1da risk=0.3334 class=1 latency=0.02ms
2026-10-02T21:59:45 [DEBUG] engine: Inference: flow_id=cc7d2819b6a69f7f risk=0.3334 class=1 latency=0.02ms
2026-10-02T21:59:45 [DEBUG] engine: Inference: flow_id=34327ac47b0f1052 risk=0.3334 class=1 latency=0.02ms
2026-10-02T21:59:45 [DEBUG] engine: Inference: flow_id=726310a16bb804eb risk=0.3334 class=1 latency=0.02ms
2026-10-02T21:59:45 [DEBUG] engine: Inference: flow_id=0e70da389adb3063 risk=0.3334 class=1 latency=0.02ms
2026-10-02T21:59:46 [DEBUG] flow_state: Skipping non-IP packet (122 similar messages suppressed)
2026-10-02T21:59:47 [DEBUG] flow_state: Skipping non-IP packet (129 similar messages suppressed)
2026-10-02T21:59:48 [DEBUG] flow_state: Skipping non-IP packet (131 similar messages suppressed)
2026-10-02T21:59:49 [DEBUG] flow_state: Skipping non-IP packet (133 similar messages suppressed)
2026-10-02T21:59:50 [DEBUG] flow_state: Skipping non-IP packet (152 similar messages suppressed)
2026-10-02T21:59:51 [DEBUG] flow_state: Skipping non-IP packet (154 similar messages suppressed)
2026-10-02T21:59:52 [DEBUG] flow_state: Skipping non-IP packet (148 similar messages suppressed)
2026-10-02T21:59:53 [DEBUG] flow_state: Skipping non-IP packet (160 similar messages suppressed)
2026-10-02T21:59:54 [DEBUG] flow_state: Skipping non-IP packet (118 similar messages suppressed)
2026-10-02T21:59:55 [DEBUG] flow_state: Skipping non-IP packet (119 similar messages suppressed)
2026-10-02T21:59:55 [DEBUG] flow_state: Flow finalized: flow_id=f35cd556b6cdfecb reason=TIMEOUT
2026-10-02T21:59:55 [DEBUG] flow_state: Flow finalized: flow_id=0d2879e97f90f206 reason=TIMEOUT
2026-10-02T21:59:55 [DEBUG] flow_state: Flow finalized: flow_id=e481ea854ffabaa8 reason=TIMEOUT
2026-10-02T21:59:55 [DEBUG] flow_state: Flow finalized: flow_id=c15588ea8dbf6e22 reason=TIMEOUT
2026-10-02T21:59:55 [DEBUG] engine: Inference: flow_id=f35cd556b6cdfecb risk=0.3334 class=1 latency=0.08ms
2026-10-02T21:59:55 [DEBUG] engine: Inference: flow_id=0d2879e97f90f206 risk=0.3334 class=1 latency=0.03ms
2026-10-02T21:59:55 [DEBUG] engine: Inference: flow_id=e481ea854ffabaa8 risk=0.3334 class=1 latency=0.02ms
2026-10-02T21:59:55 [DEBUG] engine: Inference: flow_id=c15588ea8dbf6e22 risk=0.3334 class=1 latency=0.02ms
2026-10-02T21:59:56 [DEBUG] flow_state: Skipping non-IP packet (146 similar messages suppressed)
2026-10-02T21:59:57 [DEBUG] flow_state: Skipping non-IP packet (118 similar messages suppressed)
2026-10-02T21:59:58 [DEBUG] flow_state: Skipping non-IP packet (116 similar messages suppressed)
2026-10-02T21:59:59 [DEBUG] flow_state: Skipping non-IP packet (128 similar messages suppressed)
2026-10-02T22:00:00 [DEBUG] flow_state: Skipping non-IP packet (97 similar messages suppressed)
2026-10-02T22:00:00 [DEBUG] flow_state: Flow finalized: flow_id=8d1cb67971024bb6 reason=TIMEOUT
2026-10-02T22:00:00 [DEBUG] engine: Inference: flow_id=8d1cb67971024bb6 risk=0.3334 class=1 latency=0.51ms
2026-10-02T22:00:01 [DEBUG] flow_state: Skipping non-IP packet (62 similar messages suppressed)
2026-10-02T22:00:02 [DEBUG] flow_state: Skipping non-IP packet (52 similar messages suppressed)
2026-10-02T22:00:03 [DEBUG] flow_state: Skipping non-IP packet (60 similar messages suppressed)
2026-10-02T22:00:04 [DEBUG] flow_state: Skipping non-IP packet (60 similar messages suppressed)
2026-10-02T22:00:05 [DEBUG] flow_state: Skipping non-IP packet (67 similar messages suppressed)
2026-10-02T22:00:05 [DEBUG] flow_state: Flow finalized: flow_id=f7c04e29afc66460 reason=TIMEOUT
2026-10-02T22:00:05 [DEBUG] engine: Inference: flow_id=f7c04e29afc66460 risk=0.3334 class=1 latency=0.27ms
2026-10-02T22:00:06 [DEBUG] flow_state: Skipping non-IP packet (53 similar messages suppressed)
2026-10-02T22:00:07 [DEBUG] flow_state: Skipping non-IP packet (53 similar messages suppressed)
2026-10-02T22:00:08 [DEBUG] flow_state: Skipping non-IP packet (64 similar messages suppressed)
2026-10-02T22:00:09 [DEBUG] flow_state: Skipping non-IP packet (57 similar messages suppressed)
2026-10-02T22:00:10 [DEBUG] flow_state: Skipping non-IP packet (55 similar messages suppressed)
2026-10-02T22:00:12 [DEBUG] flow_state: Skipping non-IP packet (97 similar messages suppressed)
2026-10-02T22:00:12 [DEBUG] flow_state: Flow finalized: flow_id=7ed23752bad40347 reason=TIMEOUT
2026-10-02T22:00:12 [DEBUG] flow_state: Flow finalized: flow_id=ecce5ce642461c3e reason=TIMEOUT
2026-10-02T22:00:12 [DEBUG] flow_state: Flow finalized: flow_id=44502390602105c0 reason=TIMEOUT
2026-10-02T22:00:12 [DEBUG] flow_state: Flow finalized: flow_id=cea25504403b7db5 reason=TIMEOUT
2026-10-02T22:00:12 [DEBUG] engine: Inference: flow_id=7ed23752bad40347 risk=0.3334 class=1 latency=0.16ms
2026-10-02T22:00:12 [DEBUG] engine: Inference: flow_id=ecce5ce642461c3e risk=0.3334 class=1 latency=0.03ms
2026-10-02T22:00:12 [DEBUG] engine: Inference: flow_id=44502390602105c0 risk=0.3334 class=1 latency=0.02ms
2026-10-02T22:00:12 [DEBUG] engine: Inference: flow_id=cea25504403b7db5 risk=0.3334 class=1 latency=0.02ms
2026-10-02T22:00:13 [DEBUG] flow_state: Skipping non-IP packet (55 similar messages suppressed)
2026-10-02T22:00:14 [DEBUG] flow_state: Skipping non-IP packet (60 similar messages suppressed)
2026-10-02T22:00:15 [DEBUG] flow_state: Skipping non-IP packet (55 similar messages suppressed)
2026-10-02T22:00:16 [DEBUG] flow_state: Skipping non-IP packet (56 similar messages suppressed)
2026-10-02T22:00:17 [DEBUG] flow_state: Skipping non-IP packet (51 similar messages suppressed)
2026-10-02T22:00:18 [DEBUG] flow_state: Skipping non-IP packet (58 similar messages suppressed)
2026-10-02T22:00:19 [DEBUG] flow_state: Skipping non-IP packet (55 similar messages suppressed)
2026-10-02T22:00:20 [DEBUG] flow_state: Skipping non-IP packet (55 similar messages suppressed)
2026-10-02T22:00:21 [DEBUG] flow_state: Skipping non-IP packet (51 similar messages suppressed)
2026-10-02T22:00:22 [DEBUG] flow_state: Skipping non-IP packet (55 similar messages suppressed)
2026-10-02T22:00:23 [DEBUG] flow_state: Skipping non-IP packet (53 similar messages suppressed)
2026-10-02T22:00:24 [DEBUG] flow_state: Skipping non-IP packet (52 similar messages suppressed)
2026-10-02T22:00:25 [DEBUG] flow_state: Flow finalized: flow_id=5fe8e720f3cc2186 reason=TIMEOUT
2026-10-02T22:00:25 [DEBUG] flow_state: Flow finalized: flow_id=0327b4418f7f95db reason=TIMEOUT
2026-10-02T22:00:25 [DEBUG] flow_state: Flow finalized: flow_id=d979a0acbe16cbcd reason=TIMEOUT
2026-10-02T22:00:25 [DEBUG] flow_state: Flow finalized: flow_id=e93fec88ef6083a2 reason=TIMEOUT
2026-10-02T22:00:25 [DEBUG] engine: Inference: flow_id=5fe8e720f3cc2186 risk=0.3334 class=1 latency=0.20ms
2026-10-02T22:00:25 [DEBUG] engine: Inference: flow_id=0327b4418f7f95db risk=0.3334 class=1 latency=0.06ms
2026-10-02T22:00:25 [DEBUG] engine: Inference: flow_id=d979a0acbe16cbcd risk=0.3334 class=1 latency=0.03ms
2026-10-02T22:00:25 [DEBUG] engine: Inference: flow_id=e93fec88ef6083a2 risk=0.3334 class=1 latency=0.03ms
2026-10-02T22:00:25 [DEBUG] flow_state: Skipping non-IP packet (53 similar messages suppressed)
2026-10-02T22:00:26 [DEBUG] flow_state: Skipping non-IP packet (59 similar messages suppressed)
2026-10-02T22:00:27 [DEBUG] flow_state: Skipping non-IP packet (69 similar messages suppressed)
2026-10-02T22:00:28 [DEBUG] flow_state: Skipping non-IP packet (160 similar messages suppressed)
2026-10-02T22:00:29 [DEBUG] flow_state: Skipping non-IP packet (171 similar messages suppressed)
2026-10-02T22:00:30 [DEBUG] flow_state: Skipping non-IP packet (140 similar messages suppressed)
2026-10-02T22:00:31 [DEBUG] flow_state: Flow finalized: flow_id=68f64c712f78832c reason=TIMEOUT
2026-10-02T22:00:31 [DEBUG] engine: Inference: flow_id=68f64c712f78832c risk=0.3334 class=1 latency=0.23ms
2026-10-02T22:00:31 [DEBUG] flow_state: Skipping non-IP packet (128 similar messages suppressed)
2026-10-02T22:00:32 [DEBUG] flow_state: Skipping non-IP packet (130 similar messages suppressed)
2026-10-02T22:00:33 [DEBUG] flow_state: Skipping non-IP packet (145 similar messages suppressed)
2026-10-02T22:00:34 [DEBUG] flow_state: Skipping non-IP packet (145 similar messages suppressed)
2026-10-02T22:00:36 [DEBUG] flow_state: Skipping non-IP packet (145 similar messages suppressed)
2026-10-02T22:00:36 [DEBUG] flow_state: Flow finalized: flow_id=e5f138c18cfd5187 reason=TIMEOUT
2026-10-02T22:00:36 [DEBUG] engine: Inference: flow_id=e5f138c18cfd5187 risk=0.3334 class=1 latency=0.18ms
2026-10-02T22:00:37 [DEBUG] flow_state: Skipping non-IP packet (124 similar messages suppressed)
2026-10-02T22:00:38 [DEBUG] flow_state: Skipping non-IP packet (143 similar messages suppressed)
2026-10-02T22:00:39 [DEBUG] flow_state: Skipping non-IP packet (139 similar messages suppressed)
2026-10-02T22:00:40 [DEBUG] flow_state: Skipping non-IP packet (109 similar messages suppressed)
2026-10-02T22:00:41 [DEBUG] flow_state: Skipping non-IP packet (57 similar messages suppressed)
2026-10-02T22:00:42 [DEBUG] flow_state: Skipping non-IP packet (52 similar messages suppressed)
2026-10-02T22:00:43 [DEBUG] flow_state: Flow finalized: flow_id=4d047ab3e986fd60 reason=TIMEOUT
2026-10-02T22:00:43 [DEBUG] flow_state: Flow finalized: flow_id=fd46b7363f63f0bd reason=TIMEOUT
2026-10-02T22:00:43 [DEBUG] flow_state: Flow finalized: flow_id=9162a6f959e1a4da reason=TIMEOUT
2026-10-02T22:00:43 [DEBUG] flow_state: Flow finalized: flow_id=d90c40610ed76dbf reason=TIMEOUT
2026-10-02T22:00:43 [DEBUG] engine: Inference: flow_id=4d047ab3e986fd60 risk=0.3334 class=1 latency=0.19ms
2026-10-02T22:00:43 [DEBUG] engine: Inference: flow_id=fd46b7363f63f0bd risk=0.3334 class=1 latency=0.07ms
2026-10-02T22:00:43 [DEBUG] engine: Inference: flow_id=9162a6f959e1a4da risk=0.3334 class=1 latency=0.03ms
2026-10-02T22:00:43 [DEBUG] engine: Inference: flow_id=d90c40610ed76dbf risk=0.3334 class=1 latency=0.03ms
2026-10-02T22:00:43 [DEBUG] flow_state: Skipping non-IP packet (61 similar messages suppressed)
2026-10-02T22:00:44 [DEBUG] flow_state: Skipping non-IP packet (53 similar messages suppressed)
2026-10-02T22:00:45 [DEBUG] flow_state: Skipping non-IP packet (61 similar messages suppressed)
2026-10-02T22:00:46 [DEBUG] flow_state: Skipping non-IP packet (139 similar messages suppressed)
2026-10-02T22:00:47 [DEBUG] flow_state: Skipping non-IP packet (132 similar messages suppressed)
2026-10-02T22:00:48 [DEBUG] flow_state: Skipping non-IP packet (150 similar messages suppressed)
2026-10-02T22:00:49 [DEBUG] flow_state: Skipping non-IP packet (140 similar messages suppressed)
2026-10-02T22:00:50 [DEBUG] flow_state: Skipping non-IP packet (127 similar messages suppressed)
2026-10-02T22:00:51 [DEBUG] flow_state: Skipping non-IP packet (130 similar messages suppressed)
2026-10-02T22:00:52 [DEBUG] flow_state: Skipping non-IP packet (118 similar messages suppressed)
2026-10-02T22:00:53 [DEBUG] flow_state: Skipping non-IP packet (135 similar messages suppressed)
2026-10-02T22:00:54 [DEBUG] flow_state: Skipping non-IP packet (49 similar messages suppressed)
2026-10-02T22:00:55 [DEBUG] flow_state: Flow finalized: flow_id=2479a9491b5eaa34 reason=TIMEOUT
2026-10-02T22:00:55 [DEBUG] flow_state: Flow finalized: flow_id=166ca2a44cab9fbe reason=TIMEOUT
2026-10-02T22:00:55 [DEBUG] flow_state: Flow finalized: flow_id=cfa4c1439eca32a4 reason=TIMEOUT
2026-10-02T22:00:55 [DEBUG] flow_state: Flow finalized: flow_id=ef410da495f67bc9 reason=TIMEOUT
2026-10-02T22:00:55 [DEBUG] engine: Inference: flow_id=2479a9491b5eaa34 risk=0.3334 class=1 latency=0.19ms
2026-10-02T22:00:55 [DEBUG] engine: Inference: flow_id=166ca2a44cab9fbe risk=0.3334 class=1 latency=0.05ms
2026-10-02T22:00:55 [DEBUG] engine: Inference: flow_id=cfa4c1439eca32a4 risk=0.3334 class=1 latency=0.03ms
2026-10-02T22:00:55 [DEBUG] engine: Inference: flow_id=ef410da495f67bc9 risk=0.3334 class=1 latency=0.02ms
2026-10-02T22:00:55 [DEBUG] flow_state: Skipping non-IP packet (54 similar messages suppressed)
2026-10-02T22:00:56 [DEBUG] flow_state: Skipping non-IP packet (62 similar messages suppressed)
2026-10-02T22:00:57 [DEBUG] flow_state: Skipping non-IP packet (56 similar messages suppressed)
2026-10-02T22:00:58 [DEBUG] flow_state: Skipping non-IP packet (57 similar messages suppressed)
2026-10-02T22:00:59 [DEBUG] flow_state: Skipping non-IP packet (58 similar messages suppressed)
2026-10-02T22:01:00 [DEBUG] flow_state: Flow finalized: flow_id=6e3184ae85b6cd2b reason=TIMEOUT
2026-10-02T22:01:00 [DEBUG] engine: Inference: flow_id=6e3184ae85b6cd2b risk=0.3334 class=1 latency=2.04ms
2026-10-02T22:01:01 [DEBUG] flow_state: Skipping non-IP packet (88 similar messages suppressed)
2026-10-02T22:01:02 [DEBUG] flow_state: Skipping non-IP packet (60 similar messages suppressed)
2026-10-02T22:01:03 [DEBUG] flow_state: Skipping non-IP packet (60 similar messages suppressed)
2026-10-02T22:01:04 [DEBUG] flow_state: Skipping non-IP packet (53 similar messages suppressed)
2026-10-02T22:01:05 [DEBUG] flow_state: Skipping non-IP packet (71 similar messages suppressed)
2026-10-02T22:01:06 [DEBUG] flow_state: Flow finalized: flow_id=3ceeb793f8462721 reason=TIMEOUT
2026-10-02T22:01:06 [DEBUG] engine: Inference: flow_id=3ceeb793f8462721 risk=0.3334 class=1 latency=2.26ms
2026-10-02T22:01:06 [DEBUG] flow_state: Skipping non-IP packet (63 similar messages suppressed)
2026-10-02T22:01:07 [DEBUG] flow_state: Skipping non-IP packet (61 similar messages suppressed)
2026-10-02T22:01:08 [DEBUG] flow_state: Skipping non-IP packet (69 similar messages suppressed)
2026-10-02T22:01:09 [DEBUG] flow_state: Skipping non-IP packet (61 similar messages suppressed)
2026-10-02T22:01:11 [DEBUG] flow_state: Skipping non-IP packet (109 similar messages suppressed)
2026-10-02T22:01:12 [DEBUG] flow_state: Flow finalized: flow_id=22f652f124b92421 reason=TIMEOUT
2026-10-02T22:01:12 [DEBUG] flow_state: Flow finalized: flow_id=836953957c1c901b reason=TIMEOUT
2026-10-02T22:01:12 [DEBUG] flow_state: Flow finalized: flow_id=fc3f28f2917b2e3b reason=TIMEOUT
2026-10-02T22:01:12 [DEBUG] flow_state: Flow finalized: flow_id=7091641bbd00722f reason=TIMEOUT
2026-10-02T22:01:12 [DEBUG] engine: Inference: flow_id=22f652f124b92421 risk=0.3334 class=1 latency=0.16ms
2026-10-02T22:01:12 [DEBUG] engine: Inference: flow_id=836953957c1c901b risk=0.3334 class=1 latency=0.03ms
2026-10-02T22:01:12 [INFO] engine: Drift detected: features=['fwd_packets_per_sec'] at flow_id=836953957c1c901b
2026-10-02T22:01:12 [INFO] optimizer: Retrain cycle started: retrain_id=586d2bd9 trigger=fwd_packets_per_sec
2026-10-02T22:01:12 [DEBUG] engine: Inference: flow_id=fc3f28f2917b2e3b risk=0.3334 class=1 latency=0.06ms
2026-10-02T22:01:12 [DEBUG] engine: Inference: flow_id=7091641bbd00722f risk=0.3334 class=1 latency=0.05ms
2026-10-02T22:01:12 [INFO] optimizer: Training window extracted: 544 records (requested 2000), ts range [1788513862.2, 1790958672.3]
2026-10-02T22:01:12 [INFO] optimizer: Optuna sweep complete: 3/3 trials in 0.2s, best_value=0.0000, params={'n_estimators': 142, 'learning_rate': 0.03100540384974758, 'num_leaves': 52, 'max_depth': 4, 'min_child_samples': 27}
2026-10-02T22:01:12 [INFO] optimizer: Warm-start fit complete: 0.0s, 142 boosting rounds
2026-10-02T22:01:12 [INFO] golden_holdout: Golden holdout evaluation: accuracy=0.5000 (100/200 correct)
2026-10-02T22:01:12 [INFO] optimizer: Lineage recorded: retrain_id=586d2bd9 status=FAIL accuracy=0.5000
2026-10-02T22:01:12 [INFO] optimizer: Retrain cycle FAILED (gate): retrain_id=586d2bd9 accuracy=0.5000 < threshold=0.9500, duration=0.2s
2026-10-02T22:01:12 [DEBUG] flow_state: Skipping non-IP packet (57 similar messages suppressed)
2026-10-02T22:01:13 [DEBUG] flow_state: Skipping non-IP packet (55 similar messages suppressed)
2026-10-02T22:01:14 [DEBUG] flow_state: Skipping non-IP packet (174 similar messages suppressed)
2026-10-02T22:01:15 [DEBUG] flow_state: Skipping non-IP packet (150 similar messages suppressed)
2026-10-02T22:01:16 [DEBUG] flow_state: Skipping non-IP packet (135 similar messages suppressed)
2026-10-02T22:01:17 [DEBUG] flow_state: Skipping non-IP packet (159 similar messages suppressed)
2026-10-02T22:01:18 [DEBUG] flow_state: Skipping non-IP packet (121 similar messages suppressed)
2026-10-02T22:01:19 [DEBUG] flow_state: Skipping non-IP packet (122 similar messages suppressed)
2026-10-02T22:01:20 [DEBUG] flow_state: Skipping non-IP packet (134 similar messages suppressed)
2026-10-02T22:01:21 [DEBUG] flow_state: Skipping non-IP packet (127 similar messages suppressed)
2026-10-02T22:01:22 [DEBUG] flow_state: Skipping non-IP packet (191 similar messages suppressed)
2026-10-02T22:01:23 [DEBUG] flow_state: Skipping non-IP packet (124 similar messages suppressed)
2026-10-02T22:01:24 [DEBUG] flow_state: Skipping non-IP packet (134 similar messages suppressed)
2026-10-02T22:01:25 [DEBUG] flow_state: Flow finalized: flow_id=e7b316c85f486eb0 reason=TIMEOUT
2026-10-02T22:01:25 [DEBUG] flow_state: Flow finalized: flow_id=d75ebca55dfef5cb reason=TIMEOUT
2026-10-02T22:01:25 [DEBUG] flow_state: Flow finalized: flow_id=b34d4617f36baba0 reason=TIMEOUT
2026-10-02T22:01:25 [DEBUG] flow_state: Flow finalized: flow_id=197f22549999a077 reason=TIMEOUT
2026-10-02T22:01:25 [DEBUG] engine: Inference: flow_id=e7b316c85f486eb0 risk=0.3334 class=1 latency=1.42ms
2026-10-02T22:01:25 [DEBUG] engine: Inference: flow_id=d75ebca55dfef5cb risk=0.3334 class=1 latency=0.12ms
2026-10-02T22:01:25 [DEBUG] engine: Inference: flow_id=b34d4617f36baba0 risk=0.3334 class=1 latency=0.04ms
2026-10-02T22:01:25 [DEBUG] engine: Inference: flow_id=197f22549999a077 risk=0.3334 class=1 latency=0.05ms
2026-10-02T22:01:25 [DEBUG] flow_state: Skipping non-IP packet (135 similar messages suppressed)
2026-10-02T22:01:26 [DEBUG] flow_state: Skipping non-IP packet (67 similar messages suppressed)
2026-10-02T22:01:27 [DEBUG] flow_state: Skipping non-IP packet (56 similar messages suppressed)
2026-10-02T22:01:28 [DEBUG] flow_state: Skipping non-IP packet (32 similar messages suppressed)
2026-10-02T22:01:29 [DEBUG] flow_state: Skipping non-IP packet (61 similar messages suppressed)
2026-10-02T22:01:30 [DEBUG] flow_state: Flow finalized: flow_id=e1ce8f158ed0e5ec reason=TIMEOUT
2026-10-02T22:01:30 [DEBUG] engine: Inference: flow_id=e1ce8f158ed0e5ec risk=0.3334 class=1 latency=0.18ms
2026-10-02T22:01:30 [DEBUG] flow_state: Skipping non-IP packet (60 similar messages suppressed)
2026-10-02T22:01:32 [DEBUG] flow_state: Skipping non-IP packet (98 similar messages suppressed)
2026-10-02T22:01:33 [DEBUG] flow_state: Skipping non-IP packet (62 similar messages suppressed)
2026-10-02T22:01:34 [DEBUG] flow_state: Skipping non-IP packet (63 similar messages suppressed)
2026-10-02T22:01:35 [DEBUG] flow_state: Skipping non-IP packet (58 similar messages suppressed)
2026-10-02T22:01:36 [DEBUG] flow_state: Flow finalized: flow_id=b07b25ecbb1dee0a reason=TIMEOUT
2026-10-02T22:01:36 [DEBUG] engine: Inference: flow_id=b07b25ecbb1dee0a risk=0.3334 class=1 latency=0.20ms
2026-10-02T22:01:36 [DEBUG] flow_state: Skipping non-IP packet (56 similar messages suppressed)
2026-10-02T22:01:37 [DEBUG] flow_state: Skipping non-IP packet (59 similar messages suppressed)
2026-10-02T22:01:38 [DEBUG] flow_state: Skipping non-IP packet (64 similar messages suppressed)
2026-10-02T22:01:39 [DEBUG] flow_state: Skipping non-IP packet (63 similar messages suppressed)
2026-10-02T22:01:40 [DEBUG] flow_state: Skipping non-IP packet (65 similar messages suppressed)
2026-10-02T22:01:41 [DEBUG] flow_state: Skipping non-IP packet (65 similar messages suppressed)
2026-10-02T22:01:42 [DEBUG] flow_state: Flow finalized: flow_id=6ef8f0a077f14ae2 reason=TIMEOUT
2026-10-02T22:01:42 [DEBUG] flow_state: Flow finalized: flow_id=6e95e768a846fbb9 reason=TIMEOUT
2026-10-02T22:01:42 [DEBUG] flow_state: Flow finalized: flow_id=c66895635c9892de reason=TIMEOUT
2026-10-02T22:01:42 [DEBUG] flow_state: Flow finalized: flow_id=88059778dead36b2 reason=TIMEOUT
2026-10-02T22:01:42 [DEBUG] engine: Inference: flow_id=6ef8f0a077f14ae2 risk=0.3334 class=1 latency=0.20ms
2026-10-02T22:01:42 [DEBUG] engine: Inference: flow_id=6e95e768a846fbb9 risk=0.3334 class=1 latency=0.06ms
2026-10-02T22:01:42 [DEBUG] engine: Inference: flow_id=c66895635c9892de risk=0.3334 class=1 latency=0.03ms
2026-10-02T22:01:42 [DEBUG] engine: Inference: flow_id=88059778dead36b2 risk=0.3334 class=1 latency=0.02ms
2026-10-02T22:01:42 [DEBUG] flow_state: Skipping non-IP packet (53 similar messages suppressed)
2026-10-02T22:01:43 [DEBUG] flow_state: Skipping non-IP packet (55 similar messages suppressed)
2026-10-02T22:01:44 [DEBUG] flow_state: Skipping non-IP packet (61 similar messages suppressed)
2026-10-02T22:01:45 [DEBUG] flow_state: Skipping non-IP packet (57 similar messages suppressed)
2026-10-02T22:01:46 [DEBUG] flow_state: Skipping non-IP packet (67 similar messages suppressed)
2026-10-02T22:01:48 [DEBUG] flow_state: Skipping non-IP packet (103 similar messages suppressed)
2026-10-02T22:01:49 [DEBUG] flow_state: Skipping non-IP packet (63 similar messages suppressed)
2026-10-02T22:01:50 [DEBUG] flow_state: Skipping non-IP packet (57 similar messages suppressed)
2026-10-02T22:01:51 [DEBUG] flow_state: Skipping non-IP packet (60 similar messages suppressed)
2026-10-02T22:01:52 [DEBUG] flow_state: Skipping non-IP packet (56 similar messages suppressed)
2026-10-02T22:01:53 [DEBUG] flow_state: Skipping non-IP packet (64 similar messages suppressed)
2026-10-02T22:01:54 [DEBUG] flow_state: Skipping non-IP packet (58 similar messages suppressed)
2026-10-02T22:01:55 [DEBUG] flow_state: Flow finalized: flow_id=545a7ff2e5a71184 reason=TIMEOUT
2026-10-02T22:01:55 [DEBUG] flow_state: Flow finalized: flow_id=66d2f532f35bed57 reason=TIMEOUT
2026-10-02T22:01:55 [DEBUG] flow_state: Flow finalized: flow_id=daac22195aac0e26 reason=TIMEOUT
2026-10-02T22:01:55 [DEBUG] flow_state: Flow finalized: flow_id=b3e91d7dcf8d5c5b reason=TIMEOUT
2026-10-02T22:01:55 [DEBUG] engine: Inference: flow_id=545a7ff2e5a71184 risk=0.3334 class=1 latency=0.19ms
2026-10-02T22:01:55 [DEBUG] engine: Inference: flow_id=66d2f532f35bed57 risk=0.3334 class=1 latency=0.05ms
2026-10-02T22:01:55 [DEBUG] engine: Inference: flow_id=daac22195aac0e26 risk=0.3334 class=1 latency=0.03ms
2026-10-02T22:01:55 [DEBUG] engine: Inference: flow_id=b3e91d7dcf8d5c5b risk=0.3334 class=1 latency=0.03ms
2026-10-02T22:01:55 [DEBUG] flow_state: Skipping non-IP packet (65 similar messages suppressed)
2026-10-02T22:01:56 [DEBUG] flow_state: Skipping non-IP packet (67 similar messages suppressed)
2026-10-02T22:01:57 [DEBUG] flow_state: Skipping non-IP packet (55 similar messages suppressed)
2026-10-02T22:01:59 [DEBUG] flow_state: Skipping non-IP packet (103 similar messages suppressed)
2026-10-02T22:02:00 [DEBUG] flow_state: Flow finalized: flow_id=2e06cd5d7da0303f reason=TIMEOUT
2026-10-02T22:02:00 [DEBUG] engine: Inference: flow_id=2e06cd5d7da0303f risk=0.3334 class=1 latency=0.20ms
2026-10-02T22:02:00 [DEBUG] flow_state: Skipping non-IP packet (55 similar messages suppressed)
2026-10-02T22:02:01 [DEBUG] flow_state: Skipping non-IP packet (57 similar messages suppressed)
2026-10-02T22:02:02 [DEBUG] flow_state: Skipping non-IP packet (64 similar messages suppressed)
2026-10-02T22:02:03 [DEBUG] flow_state: Skipping non-IP packet (55 similar messages suppressed)
2026-10-02T22:02:04 [DEBUG] flow_state: Skipping non-IP packet (64 similar messages suppressed)
2026-10-02T22:02:05 [DEBUG] flow_state: Skipping non-IP packet (63 similar messages suppressed)
2026-10-02T22:02:06 [DEBUG] flow_state: Flow finalized: flow_id=7562666ce38cd241 reason=TIMEOUT
2026-10-02T22:02:06 [DEBUG] engine: Inference: flow_id=7562666ce38cd241 risk=0.3334 class=1 latency=0.20ms
2026-10-02T22:02:06 [DEBUG] flow_state: Skipping non-IP packet (64 similar messages suppressed)
2026-10-02T22:02:07 [DEBUG] flow_state: Skipping non-IP packet (61 similar messages suppressed)
2026-10-02T22:02:08 [DEBUG] flow_state: Skipping non-IP packet (61 similar messages suppressed)
2026-10-02T22:02:09 [DEBUG] flow_state: Skipping non-IP packet (68 similar messages suppressed)
2026-10-02T22:02:10 [DEBUG] flow_state: Skipping non-IP packet (65 similar messages suppressed)
2026-10-02T22:02:12 [DEBUG] flow_state: Flow finalized: flow_id=fc835f98d7b19de7 reason=TIMEOUT
2026-10-02T22:02:12 [DEBUG] flow_state: Flow finalized: flow_id=a28db17652aa0b3a reason=TIMEOUT
2026-10-02T22:02:12 [DEBUG] flow_state: Flow finalized: flow_id=630959428263d861 reason=TIMEOUT
2026-10-02T22:02:12 [DEBUG] flow_state: Flow finalized: flow_id=ba7046a27be1643d reason=TIMEOUT
2026-10-02T22:02:12 [DEBUG] engine: Inference: flow_id=fc835f98d7b19de7 risk=0.3334 class=1 latency=0.18ms
2026-10-02T22:02:12 [DEBUG] engine: Inference: flow_id=a28db17652aa0b3a risk=0.3334 class=1 latency=0.07ms
2026-10-02T22:02:12 [DEBUG] engine: Inference: flow_id=630959428263d861 risk=0.3334 class=1 latency=0.04ms
2026-10-02T22:02:12 [DEBUG] engine: Inference: flow_id=ba7046a27be1643d risk=0.3334 class=1 latency=0.03ms
2026-10-02T22:02:12 [DEBUG] flow_state: Skipping non-IP packet (111 similar messages suppressed)
2026-10-02T22:02:13 [DEBUG] flow_state: Skipping non-IP packet (64 similar messages suppressed)
2026-10-02T22:02:14 [DEBUG] flow_state: Skipping non-IP packet (58 similar messages suppressed)
2026-10-02T22:02:15 [DEBUG] flow_state: Skipping non-IP packet (59 similar messages suppressed)
2026-10-02T22:02:16 [DEBUG] flow_state: Skipping non-IP packet (56 similar messages suppressed)
2026-10-02T22:02:17 [DEBUG] flow_state: Skipping non-IP packet (65 similar messages suppressed)
2026-10-02T22:02:18 [DEBUG] flow_state: Skipping non-IP packet (63 similar messages suppressed)
2026-10-02T22:02:19 [DEBUG] flow_state: Skipping non-IP packet (54 similar messages suppressed)
2026-10-02T22:02:20 [DEBUG] flow_state: Skipping non-IP packet (56 similar messages suppressed)
2026-10-02T22:02:21 [DEBUG] flow_state: Skipping non-IP packet (56 similar messages suppressed)
2026-10-02T22:02:22 [DEBUG] flow_state: Skipping non-IP packet (59 similar messages suppressed)
2026-10-02T22:02:23 [DEBUG] flow_state: Skipping non-IP packet (65 similar messages suppressed)
2026-10-02T22:02:24 [DEBUG] flow_state: Skipping non-IP packet (53 similar messages suppressed)
2026-10-02T22:02:25 [DEBUG] flow_state: Flow finalized: flow_id=fd751431d3fe3afa reason=TIMEOUT
2026-10-02T22:02:25 [DEBUG] flow_state: Flow finalized: flow_id=b7ad17dfab525ac1 reason=TIMEOUT
2026-10-02T22:02:25 [DEBUG] flow_state: Flow finalized: flow_id=fbfb322879b1cd64 reason=TIMEOUT
2026-10-02T22:02:25 [DEBUG] flow_state: Flow finalized: flow_id=98a717025ef34bb2 reason=TIMEOUT
2026-10-02T22:02:25 [DEBUG] engine: Inference: flow_id=fd751431d3fe3afa risk=0.3334 class=1 latency=0.22ms
2026-10-02T22:02:25 [DEBUG] engine: Inference: flow_id=b7ad17dfab525ac1 risk=0.3334 class=1 latency=0.06ms
2026-10-02T22:02:25 [DEBUG] engine: Inference: flow_id=fbfb322879b1cd64 risk=0.3334 class=1 latency=0.07ms
2026-10-02T22:02:25 [DEBUG] engine: Inference: flow_id=98a717025ef34bb2 risk=0.3334 class=1 latency=0.05ms
2026-10-02T22:02:30 [DEBUG] flow_state: Flow finalized: flow_id=ab97934c5b6b7eed reason=TIMEOUT
2026-10-02T22:02:30 [DEBUG] engine: Inference: flow_id=ab97934c5b6b7eed risk=0.3334 class=1 latency=0.23ms
2026-10-02T22:02:34 [DEBUG] flow_state: Skipping non-IP packet (109 similar messages suppressed)
2026-10-02T22:02:36 [DEBUG] flow_state: Flow finalized: flow_id=7a6379a143fd722f reason=TIMEOUT
2026-10-02T22:02:36 [DEBUG] engine: Inference: flow_id=7a6379a143fd722f risk=0.3334 class=1 latency=0.20ms
2026-10-02T22:02:42 [DEBUG] flow_state: Flow finalized: flow_id=bba1147f5d12ad15 reason=TIMEOUT
2026-10-02T22:02:42 [DEBUG] flow_state: Flow finalized: flow_id=2b2cbc3b4ab157f0 reason=TIMEOUT
2026-10-02T22:02:42 [DEBUG] flow_state: Flow finalized: flow_id=dda4a20135a31519 reason=TIMEOUT
2026-10-02T22:02:42 [DEBUG] flow_state: Flow finalized: flow_id=cf9e9e6561605c23 reason=TIMEOUT
2026-10-02T22:02:42 [DEBUG] engine: Inference: flow_id=bba1147f5d12ad15 risk=0.3334 class=1 latency=0.18ms
2026-10-02T22:02:42 [DEBUG] engine: Inference: flow_id=2b2cbc3b4ab157f0 risk=0.3334 class=1 latency=0.05ms
2026-10-02T22:02:42 [DEBUG] engine: Inference: flow_id=dda4a20135a31519 risk=0.3334 class=1 latency=0.03ms
2026-10-02T22:02:42 [DEBUG] engine: Inference: flow_id=cf9e9e6561605c23 risk=0.3334 class=1 latency=0.02ms
2026-10-02T22:02:42 [DEBUG] flow_state: Skipping non-IP packet (3 similar messages suppressed)
2026-10-02T22:02:43 [DEBUG] flow_state: Skipping non-IP packet (225 similar messages suppressed)
2026-10-02T22:02:44 [DEBUG] flow_state: Skipping non-IP packet (134 similar messages suppressed)
2026-10-02T22:02:46 [DEBUG] flow_state: Skipping non-IP packet (63 similar messages suppressed)
2026-10-02T22:02:47 [DEBUG] flow_state: Skipping non-IP packet (53 similar messages suppressed)
2026-10-02T22:02:48 [DEBUG] flow_state: Skipping non-IP packet (64 similar messages suppressed)
2026-10-02T22:02:49 [DEBUG] flow_state: Skipping non-IP packet (53 similar messages suppressed)
2026-10-02T22:02:50 [DEBUG] flow_state: Skipping non-IP packet (52 similar messages suppressed)
2026-10-02T22:02:51 [DEBUG] flow_state: Skipping non-IP packet (53 similar messages suppressed)
2026-10-02T22:02:52 [DEBUG] flow_state: Skipping non-IP packet (55 similar messages suppressed)
2026-10-02T22:02:53 [DEBUG] flow_state: Skipping non-IP packet (53 similar messages suppressed)
2026-10-02T22:02:54 [DEBUG] flow_state: Skipping non-IP packet (60 similar messages suppressed)
2026-10-02T22:02:55 [DEBUG] flow_state: Skipping non-IP packet (53 similar messages suppressed)
2026-10-02T22:02:55 [DEBUG] flow_state: Flow finalized: flow_id=76e3d81b4baede57 reason=TIMEOUT
2026-10-02T22:02:55 [DEBUG] flow_state: Flow finalized: flow_id=8162b9d15fc55806 reason=TIMEOUT
2026-10-02T22:02:55 [DEBUG] flow_state: Flow finalized: flow_id=4da84cf68949409c reason=TIMEOUT
2026-10-02T22:02:55 [DEBUG] flow_state: Flow finalized: flow_id=6732e5140758691f reason=TIMEOUT
2026-10-02T22:02:55 [DEBUG] engine: Inference: flow_id=76e3d81b4baede57 risk=0.3334 class=1 latency=0.12ms
2026-10-02T22:02:55 [DEBUG] engine: Inference: flow_id=8162b9d15fc55806 risk=0.3334 class=1 latency=0.06ms
2026-10-02T22:02:55 [DEBUG] engine: Inference: flow_id=4da84cf68949409c risk=0.3334 class=1 latency=0.03ms
2026-10-02T22:02:55 [DEBUG] engine: Inference: flow_id=6732e5140758691f risk=0.3334 class=1 latency=0.02ms
2026-10-02T22:02:56 [DEBUG] flow_state: Skipping non-IP packet (64 similar messages suppressed)
2026-10-02T22:02:57 [DEBUG] flow_state: Skipping non-IP packet (59 similar messages suppressed)
2026-10-02T22:02:58 [DEBUG] flow_state: Skipping non-IP packet (59 similar messages suppressed)
2026-10-02T22:02:59 [DEBUG] flow_state: Skipping non-IP packet (55 similar messages suppressed)
2026-10-02T22:03:00 [DEBUG] flow_state: Skipping non-IP packet (57 similar messages suppressed)
2026-10-02T22:03:00 [DEBUG] flow_state: Flow finalized: flow_id=aea09e6087e8c43d reason=TIMEOUT
2026-10-02T22:03:00 [DEBUG] engine: Inference: flow_id=aea09e6087e8c43d risk=0.3334 class=1 latency=0.08ms
2026-10-02T22:03:01 [DEBUG] flow_state: Skipping non-IP packet (61 similar messages suppressed)
2026-10-02T22:03:03 [DEBUG] flow_state: Skipping non-IP packet (99 similar messages suppressed)
2026-10-02T22:03:04 [DEBUG] flow_state: Skipping non-IP packet (54 similar messages suppressed)
2026-10-02T22:03:05 [DEBUG] flow_state: Skipping non-IP packet (58 similar messages suppressed)
2026-10-02T22:03:05 [DEBUG] flow_state: Flow finalized: flow_id=c839bb2c6c0d857c reason=TIMEOUT
2026-10-02T22:03:05 [DEBUG] engine: Inference: flow_id=c839bb2c6c0d857c risk=0.3334 class=1 latency=1.16ms
2026-10-02T22:03:06 [DEBUG] flow_state: Skipping non-IP packet (60 similar messages suppressed)
2026-10-02T22:03:07 [DEBUG] flow_state: Skipping non-IP packet (58 similar messages suppressed)
2026-10-02T22:03:08 [DEBUG] flow_state: Skipping non-IP packet (57 similar messages suppressed)
2026-10-02T22:03:09 [DEBUG] flow_state: Skipping non-IP packet (57 similar messages suppressed)
2026-10-02T22:03:10 [DEBUG] flow_state: Skipping non-IP packet (53 similar messages suppressed)
2026-10-02T22:03:11 [DEBUG] flow_state: Skipping non-IP packet (69 similar messages suppressed)
2026-10-02T22:03:12 [DEBUG] flow_state: Skipping non-IP packet (101 similar messages suppressed)
2026-10-02T22:03:12 [DEBUG] flow_state: Flow finalized: flow_id=27c350e49e9a56fc reason=TIMEOUT
2026-10-02T22:03:12 [DEBUG] flow_state: Flow finalized: flow_id=ee623913a90c4ecd reason=TIMEOUT
2026-10-02T22:03:12 [DEBUG] flow_state: Flow finalized: flow_id=9886cc20f87ad522 reason=TIMEOUT
2026-10-02T22:03:12 [DEBUG] flow_state: Flow finalized: flow_id=4bd346d9480548ed reason=TIMEOUT
2026-10-02T22:03:12 [DEBUG] engine: Inference: flow_id=27c350e49e9a56fc risk=0.3334 class=1 latency=0.19ms
2026-10-02T22:03:12 [DEBUG] engine: Inference: flow_id=ee623913a90c4ecd risk=0.3334 class=1 latency=0.05ms
2026-10-02T22:03:12 [DEBUG] engine: Inference: flow_id=9886cc20f87ad522 risk=0.3334 class=1 latency=0.02ms
2026-10-02T22:03:12 [DEBUG] engine: Inference: flow_id=4bd346d9480548ed risk=0.3334 class=1 latency=0.02ms
2026-10-02T22:03:13 [DEBUG] flow_state: Skipping non-IP packet (25 similar messages suppressed)
2026-10-02T22:03:14 [DEBUG] flow_state: Skipping non-IP packet (63 similar messages suppressed)
2026-10-02T22:03:15 [DEBUG] flow_state: Skipping non-IP packet (85 similar messages suppressed)
2026-10-02T22:03:16 [DEBUG] flow_state: Skipping non-IP packet (17 similar messages suppressed)
2026-10-02T22:03:17 [DEBUG] flow_state: Skipping non-IP packet (110 similar messages suppressed)
2026-10-02T22:03:18 [DEBUG] flow_state: Skipping non-IP packet (39 similar messages suppressed)
2026-10-02T22:03:20 [DEBUG] flow_state: Skipping non-IP packet (66 similar messages suppressed)
2026-10-02T22:03:21 [DEBUG] flow_state: Skipping non-IP packet (58 similar messages suppressed)
2026-10-02T22:03:22 [DEBUG] flow_state: Skipping non-IP packet (63 similar messages suppressed)
2026-10-02T22:03:23 [DEBUG] flow_state: Skipping non-IP packet (54 similar messages suppressed)
2026-10-02T22:03:24 [DEBUG] flow_state: Skipping non-IP packet (56 similar messages suppressed)
2026-10-02T22:03:25 [DEBUG] flow_state: Skipping non-IP packet (53 similar messages suppressed)
2026-10-02T22:03:25 [DEBUG] flow_state: Flow finalized: flow_id=d0e3cf701af6d9e4 reason=TIMEOUT
2026-10-02T22:03:25 [DEBUG] flow_state: Flow finalized: flow_id=371ce67a2ddc0b36 reason=TIMEOUT
2026-10-02T22:03:25 [DEBUG] flow_state: Flow finalized: flow_id=07981196e294dc8b reason=TIMEOUT
2026-10-02T22:03:25 [DEBUG] flow_state: Flow finalized: flow_id=e0262e46e92d2f50 reason=TIMEOUT
2026-10-02T22:03:25 [DEBUG] engine: Inference: flow_id=d0e3cf701af6d9e4 risk=0.3334 class=1 latency=0.19ms
2026-10-02T22:03:25 [DEBUG] engine: Inference: flow_id=371ce67a2ddc0b36 risk=0.3334 class=1 latency=0.05ms
2026-10-02T22:03:25 [DEBUG] engine: Inference: flow_id=07981196e294dc8b risk=0.3334 class=1 latency=0.03ms
2026-10-02T22:03:25 [DEBUG] engine: Inference: flow_id=e0262e46e92d2f50 risk=0.3334 class=1 latency=0.03ms
2026-10-02T22:03:26 [DEBUG] flow_state: Skipping non-IP packet (59 similar messages suppressed)
2026-10-02T22:03:27 [DEBUG] flow_state: Skipping non-IP packet (51 similar messages suppressed)
2026-10-02T22:03:28 [DEBUG] flow_state: Skipping non-IP packet (59 similar messages suppressed)
2026-10-02T22:03:29 [DEBUG] flow_state: Skipping non-IP packet (57 similar messages suppressed)
2026-10-02T22:03:30 [DEBUG] flow_state: Skipping non-IP packet (59 similar messages suppressed)
2026-10-02T22:03:30 [DEBUG] flow_state: Flow finalized: flow_id=bdc48b9ca52add5e reason=TIMEOUT
2026-10-02T22:03:30 [DEBUG] engine: Inference: flow_id=bdc48b9ca52add5e risk=0.3334 class=1 latency=0.18ms
2026-10-02T22:03:31 [DEBUG] flow_state: Skipping non-IP packet (55 similar messages suppressed)
2026-10-02T22:03:32 [DEBUG] flow_state: Skipping non-IP packet (41 similar messages suppressed)
2026-10-02T22:03:34 [DEBUG] flow_state: Skipping non-IP packet (109 similar messages suppressed)
2026-10-02T22:03:35 [DEBUG] flow_state: Skipping non-IP packet (63 similar messages suppressed)
2026-10-02T22:03:35 [DEBUG] flow_state: Flow finalized: flow_id=81c1ec6b2ea3b869 reason=TIMEOUT
2026-10-02T22:03:35 [DEBUG] engine: Inference: flow_id=81c1ec6b2ea3b869 risk=0.3334 class=1 latency=0.19ms
2026-10-02T22:03:36 [DEBUG] flow_state: Skipping non-IP packet (56 similar messages suppressed)
2026-10-02T22:03:37 [DEBUG] flow_state: Skipping non-IP packet (54 similar messages suppressed)
2026-10-02T22:03:38 [DEBUG] flow_state: Skipping non-IP packet (61 similar messages suppressed)
2026-10-02T22:03:39 [DEBUG] flow_state: Skipping non-IP packet (57 similar messages suppressed)
2026-10-02T22:03:40 [DEBUG] flow_state: Skipping non-IP packet (59 similar messages suppressed)
2026-10-02T22:03:41 [DEBUG] flow_state: Skipping non-IP packet (63 similar messages suppressed)
2026-10-02T22:03:42 [DEBUG] flow_state: Skipping non-IP packet (63 similar messages suppressed)
2026-10-02T22:03:43 [DEBUG] flow_state: Flow finalized: flow_id=a7ccada05c71fec0 reason=TIMEOUT
2026-10-02T22:03:43 [DEBUG] flow_state: Flow finalized: flow_id=d90ff50858df4c7c reason=TIMEOUT
2026-10-02T22:03:43 [DEBUG] flow_state: Flow finalized: flow_id=9e0d125f4741f161 reason=TIMEOUT
2026-10-02T22:03:43 [DEBUG] flow_state: Flow finalized: flow_id=79e8dcc6ebe6859a reason=TIMEOUT
2026-10-02T22:03:43 [DEBUG] engine: Inference: flow_id=a7ccada05c71fec0 risk=0.3334 class=1 latency=1.66ms
2026-10-02T22:03:43 [DEBUG] engine: Inference: flow_id=d90ff50858df4c7c risk=0.3334 class=1 latency=0.06ms
2026-10-02T22:03:43 [DEBUG] engine: Inference: flow_id=9e0d125f4741f161 risk=0.3334 class=1 latency=0.03ms
2026-10-02T22:03:43 [DEBUG] engine: Inference: flow_id=79e8dcc6ebe6859a risk=0.3334 class=1 latency=0.02ms
2026-10-02T22:03:43 [DEBUG] flow_state: Skipping non-IP packet (65 similar messages suppressed)
2026-10-02T22:03:44 [DEBUG] flow_state: Skipping non-IP packet (55 similar messages suppressed)
2026-10-02T22:03:48 [DEBUG] flow_state: Skipping non-IP packet (45 similar messages suppressed)
2026-10-02T22:03:56 [DEBUG] flow_state: Flow finalized: flow_id=922c97aaa923b50f reason=TIMEOUT
2026-10-02T22:03:56 [DEBUG] flow_state: Flow finalized: flow_id=ebbd2030e4ed67c2 reason=TIMEOUT
2026-10-02T22:03:56 [DEBUG] flow_state: Flow finalized: flow_id=e19ec00ab5157565 reason=TIMEOUT
2026-10-02T22:03:56 [DEBUG] flow_state: Flow finalized: flow_id=382b13c0455aff73 reason=TIMEOUT
2026-10-02T22:03:56 [DEBUG] engine: Inference: flow_id=922c97aaa923b50f risk=0.3334 class=1 latency=0.21ms
2026-10-02T22:03:56 [DEBUG] engine: Inference: flow_id=ebbd2030e4ed67c2 risk=0.3334 class=1 latency=0.07ms
2026-10-02T22:03:56 [DEBUG] engine: Inference: flow_id=e19ec00ab5157565 risk=0.3334 class=1 latency=0.04ms
2026-10-02T22:03:56 [DEBUG] engine: Inference: flow_id=382b13c0455aff73 risk=0.3334 class=1 latency=0.02ms
2026-10-02T22:04:01 [DEBUG] flow_state: Flow finalized: flow_id=7c696a2081140c93 reason=TIMEOUT
2026-10-02T22:04:01 [DEBUG] engine: Inference: flow_id=7c696a2081140c93 risk=0.3334 class=1 latency=0.19ms
2026-10-02T22:04:03 [DEBUG] flow_state: Flow finalized: flow_id=22cf7e2a2b312176 reason=TIMEOUT
2026-10-02T22:04:03 [DEBUG] flow_state: Flow finalized: flow_id=2133a8cc93aeb2e6 reason=TIMEOUT
2026-10-02T22:04:03 [DEBUG] engine: Inference: flow_id=22cf7e2a2b312176 risk=0.8937 class=1 latency=0.18ms
2026-10-02T22:04:03 [DEBUG] engine: Inference: flow_id=2133a8cc93aeb2e6 risk=0.8937 class=1 latency=0.04ms
2026-10-02T22:04:04 [DEBUG] flow_state: Skipping non-IP packet (1 similar messages suppressed)
2026-10-02T22:04:06 [DEBUG] flow_state: Flow finalized: flow_id=1741f19de137b5ae reason=TIMEOUT
2026-10-02T22:04:06 [DEBUG] engine: Inference: flow_id=1741f19de137b5ae risk=0.3334 class=1 latency=0.19ms
2026-10-02T22:04:12 [DEBUG] flow_state: Flow finalized: flow_id=0af333161e07d2e6 reason=TIMEOUT
2026-10-02T22:04:12 [DEBUG] flow_state: Flow finalized: flow_id=aca2b516e7055324 reason=TIMEOUT
2026-10-02T22:04:12 [DEBUG] flow_state: Flow finalized: flow_id=936b3a2e9cff3080 reason=TIMEOUT
2026-10-02T22:04:12 [DEBUG] flow_state: Flow finalized: flow_id=910275be7a294d75 reason=TIMEOUT
2026-10-02T22:04:12 [DEBUG] engine: Inference: flow_id=0af333161e07d2e6 risk=0.3334 class=1 latency=0.17ms
2026-10-02T22:04:12 [DEBUG] engine: Inference: flow_id=aca2b516e7055324 risk=0.3334 class=1 latency=0.03ms
2026-10-02T22:04:12 [DEBUG] engine: Inference: flow_id=936b3a2e9cff3080 risk=0.3334 class=1 latency=0.02ms
2026-10-02T22:04:12 [DEBUG] engine: Inference: flow_id=910275be7a294d75 risk=0.3334 class=1 latency=0.02ms
2026-10-02T22:04:14 [DEBUG] flow_state: Skipping non-IP packet (3 similar messages suppressed)
2026-10-02T22:04:26 [DEBUG] flow_state: Flow finalized: flow_id=f11e160940017549 reason=TIMEOUT
2026-10-02T22:04:26 [DEBUG] flow_state: Flow finalized: flow_id=7f2ff5040dbe9334 reason=TIMEOUT
2026-10-02T22:04:26 [DEBUG] flow_state: Flow finalized: flow_id=14443483d7d3df83 reason=TIMEOUT
2026-10-02T22:04:26 [DEBUG] flow_state: Flow finalized: flow_id=d56a87cfd04ac317 reason=TIMEOUT
2026-10-02T22:04:26 [DEBUG] engine: Inference: flow_id=f11e160940017549 risk=0.3334 class=1 latency=0.20ms
2026-10-02T22:04:26 [DEBUG] engine: Inference: flow_id=7f2ff5040dbe9334 risk=0.3334 class=1 latency=0.06ms
2026-10-02T22:04:26 [DEBUG] engine: Inference: flow_id=14443483d7d3df83 risk=0.3334 class=1 latency=0.03ms
2026-10-02T22:04:26 [DEBUG] engine: Inference: flow_id=d56a87cfd04ac317 risk=0.3334 class=1 latency=0.02ms
2026-10-02T22:04:31 [DEBUG] flow_state: Flow finalized: flow_id=392b343218f3d146 reason=TIMEOUT
2026-10-02T22:04:31 [DEBUG] engine: Inference: flow_id=392b343218f3d146 risk=0.3334 class=1 latency=0.19ms
2026-10-02T22:04:34 [DEBUG] flow_state: Skipping non-IP packet (57 similar messages suppressed)
2026-10-02T22:04:36 [DEBUG] flow_state: Flow finalized: flow_id=e1dc9134adb91abe reason=TIMEOUT
2026-10-02T22:04:36 [DEBUG] engine: Inference: flow_id=e1dc9134adb91abe risk=0.3334 class=1 latency=0.15ms
2026-10-02T22:04:43 [DEBUG] flow_state: Flow finalized: flow_id=65eddddd3905c1f5 reason=TIMEOUT
2026-10-02T22:04:43 [DEBUG] flow_state: Flow finalized: flow_id=3bb5f28f6fcb434a reason=TIMEOUT
2026-10-02T22:04:43 [DEBUG] flow_state: Flow finalized: flow_id=de61f2fc4b0bbe84 reason=TIMEOUT
2026-10-02T22:04:43 [DEBUG] flow_state: Flow finalized: flow_id=255164b833e50998 reason=TIMEOUT
2026-10-02T22:04:43 [DEBUG] engine: Inference: flow_id=65eddddd3905c1f5 risk=0.3334 class=1 latency=0.21ms
2026-10-02T22:04:43 [DEBUG] engine: Inference: flow_id=3bb5f28f6fcb434a risk=0.3334 class=1 latency=0.07ms
2026-10-02T22:04:43 [DEBUG] engine: Inference: flow_id=de61f2fc4b0bbe84 risk=0.3334 class=1 latency=0.16ms
2026-10-02T22:04:43 [DEBUG] engine: Inference: flow_id=255164b833e50998 risk=0.3334 class=1 latency=0.04ms
2026-10-02T22:04:56 [DEBUG] flow_state: Flow finalized: flow_id=21b5e2cec27f00a4 reason=TIMEOUT
2026-10-02T22:04:56 [DEBUG] flow_state: Flow finalized: flow_id=4fdedd2ec882d32a reason=TIMEOUT
2026-10-02T22:04:56 [DEBUG] flow_state: Flow finalized: flow_id=0801d535f16b7578 reason=TIMEOUT
2026-10-02T22:04:56 [DEBUG] flow_state: Flow finalized: flow_id=dd02882e86679165 reason=TIMEOUT
2026-10-02T22:04:56 [DEBUG] engine: Inference: flow_id=21b5e2cec27f00a4 risk=0.3334 class=1 latency=0.19ms
2026-10-02T22:04:56 [DEBUG] engine: Inference: flow_id=4fdedd2ec882d32a risk=0.3334 class=1 latency=0.06ms
2026-10-02T22:04:56 [DEBUG] engine: Inference: flow_id=0801d535f16b7578 risk=0.3334 class=1 latency=0.03ms
2026-10-02T22:04:56 [DEBUG] engine: Inference: flow_id=dd02882e86679165 risk=0.3334 class=1 latency=0.02ms
2026-10-02T22:05:01 [DEBUG] flow_state: Flow finalized: flow_id=e55c4dce361c83c7 reason=TIMEOUT
2026-10-02T22:05:01 [DEBUG] engine: Inference: flow_id=e55c4dce361c83c7 risk=0.3334 class=1 latency=0.18ms
2026-10-02T22:05:04 [DEBUG] flow_state: Skipping non-IP packet (3 similar messages suppressed)
2026-10-02T22:05:06 [DEBUG] flow_state: Flow finalized: flow_id=3d7e9a9433ee8232 reason=TIMEOUT
2026-10-02T22:05:06 [DEBUG] engine: Inference: flow_id=3d7e9a9433ee8232 risk=0.3334 class=1 latency=0.21ms
2026-10-02T22:05:13 [DEBUG] flow_state: Flow finalized: flow_id=eecfcad3c096a18e reason=TIMEOUT
2026-10-02T22:05:13 [DEBUG] flow_state: Flow finalized: flow_id=0fb7d3e6a8ddea8b reason=TIMEOUT
2026-10-02T22:05:13 [DEBUG] flow_state: Flow finalized: flow_id=b130f340cf1303f4 reason=TIMEOUT
2026-10-02T22:05:13 [DEBUG] flow_state: Flow finalized: flow_id=f245f344b1f85bfa reason=TIMEOUT
2026-10-02T22:05:13 [DEBUG] engine: Inference: flow_id=eecfcad3c096a18e risk=0.3334 class=1 latency=0.21ms
2026-10-02T22:05:13 [DEBUG] engine: Inference: flow_id=0fb7d3e6a8ddea8b risk=0.3334 class=1 latency=0.06ms
2026-10-02T22:05:13 [DEBUG] engine: Inference: flow_id=b130f340cf1303f4 risk=0.3334 class=1 latency=0.03ms
2026-10-02T22:05:13 [DEBUG] engine: Inference: flow_id=f245f344b1f85bfa risk=0.3334 class=1 latency=0.02ms
2026-10-02T22:05:14 [DEBUG] flow_state: Skipping non-IP packet (3 similar messages suppressed)
2026-10-02T22:05:26 [DEBUG] flow_state: Flow finalized: flow_id=c5b3e63e181341a6 reason=TIMEOUT
2026-10-02T22:05:26 [DEBUG] flow_state: Flow finalized: flow_id=4052487e04313a6b reason=TIMEOUT
2026-10-02T22:05:26 [DEBUG] flow_state: Flow finalized: flow_id=21f39f93204645a4 reason=TIMEOUT
2026-10-02T22:05:26 [DEBUG] flow_state: Flow finalized: flow_id=c98d1d25c791d1c6 reason=TIMEOUT
2026-10-02T22:05:26 [DEBUG] engine: Inference: flow_id=c5b3e63e181341a6 risk=0.3334 class=1 latency=0.20ms
2026-10-02T22:05:26 [DEBUG] engine: Inference: flow_id=4052487e04313a6b risk=0.3334 class=1 latency=0.06ms
2026-10-02T22:05:26 [DEBUG] engine: Inference: flow_id=21f39f93204645a4 risk=0.3334 class=1 latency=0.03ms
2026-10-02T22:05:26 [DEBUG] engine: Inference: flow_id=c98d1d25c791d1c6 risk=0.3334 class=1 latency=0.03ms
2026-10-02T22:05:30 [DEBUG] flow_state: Flow finalized: flow_id=505d50f8de0ca0ee reason=TIMEOUT
2026-10-02T22:05:30 [DEBUG] engine: Inference: flow_id=505d50f8de0ca0ee risk=0.3334 class=1 latency=0.14ms
2026-10-02T22:05:34 [DEBUG] flow_state: Skipping non-IP packet (57 similar messages suppressed)
2026-10-02T22:05:36 [DEBUG] flow_state: Flow finalized: flow_id=fa8dbf231802a33a reason=TIMEOUT
2026-10-02T22:05:36 [DEBUG] engine: Inference: flow_id=fa8dbf231802a33a risk=0.3334 class=1 latency=0.19ms
2026-10-02T22:05:42 [DEBUG] flow_state: Flow finalized: flow_id=b92eaf40aa74a26e reason=TIMEOUT
2026-10-02T22:05:42 [DEBUG] flow_state: Flow finalized: flow_id=de91f520d175b4d5 reason=TIMEOUT
2026-10-02T22:05:42 [DEBUG] flow_state: Flow finalized: flow_id=846b1f9627093033 reason=TIMEOUT
2026-10-02T22:05:42 [DEBUG] flow_state: Flow finalized: flow_id=e3e410cf02d3622e reason=TIMEOUT
2026-10-02T22:05:42 [DEBUG] engine: Inference: flow_id=b92eaf40aa74a26e risk=0.3334 class=1 latency=0.20ms
2026-10-02T22:05:42 [DEBUG] engine: Inference: flow_id=de91f520d175b4d5 risk=0.3334 class=1 latency=0.04ms
2026-10-02T22:05:42 [DEBUG] engine: Inference: flow_id=846b1f9627093033 risk=0.3334 class=1 latency=0.02ms
2026-10-02T22:05:42 [DEBUG] engine: Inference: flow_id=e3e410cf02d3622e risk=0.3334 class=1 latency=0.02ms
2026-10-02T22:05:55 [DEBUG] flow_state: Flow finalized: flow_id=faa52a673bdfe6dd reason=TIMEOUT
2026-10-02T22:05:55 [DEBUG] flow_state: Flow finalized: flow_id=d6e5a8e85d9bc982 reason=TIMEOUT
2026-10-02T22:05:55 [DEBUG] flow_state: Flow finalized: flow_id=9dee07ed12b940bf reason=TIMEOUT
2026-10-02T22:05:55 [DEBUG] flow_state: Flow finalized: flow_id=cdc71eea32bdda2a reason=TIMEOUT
2026-10-02T22:05:55 [DEBUG] engine: Inference: flow_id=faa52a673bdfe6dd risk=0.3334 class=1 latency=0.21ms
2026-10-02T22:05:55 [DEBUG] engine: Inference: flow_id=d6e5a8e85d9bc982 risk=0.3334 class=1 latency=0.08ms
2026-10-02T22:05:55 [INFO] engine: Drift detected: features=['fwd_packets_per_sec'] at flow_id=d6e5a8e85d9bc982
2026-10-02T22:05:55 [INFO] optimizer: Retrain cycle started: retrain_id=aeb0db59 trigger=fwd_packets_per_sec
2026-10-02T22:05:55 [DEBUG] engine: Inference: flow_id=9dee07ed12b940bf risk=0.3334 class=1 latency=0.08ms
2026-10-02T22:05:55 [DEBUG] engine: Inference: flow_id=cdc71eea32bdda2a risk=0.3334 class=1 latency=0.09ms
2026-10-02T22:05:55 [INFO] optimizer: Training window extracted: 641 records (requested 2000), ts range [1788513862.2, 1790958955.6]
2026-10-02T22:05:55 [INFO] optimizer: Optuna sweep complete: 3/3 trials in 0.1s, best_value=0.0000, params={'n_estimators': 99, 'learning_rate': 0.025358859119366275, 'num_leaves': 18, 'max_depth': 3, 'min_child_samples': 12}
2026-10-02T22:05:55 [INFO] optimizer: Warm-start fit complete: 0.0s, 99 boosting rounds
2026-10-02T22:05:55 [INFO] golden_holdout: Golden holdout evaluation: accuracy=0.5000 (100/200 correct)
2026-10-02T22:05:55 [INFO] optimizer: Lineage recorded: retrain_id=aeb0db59 status=FAIL accuracy=0.5000
2026-10-02T22:05:55 [INFO] optimizer: Retrain cycle FAILED (gate): retrain_id=aeb0db59 accuracy=0.5000 < threshold=0.9500, duration=0.1s
2026-10-02T22:06:00 [DEBUG] flow_state: Flow finalized: flow_id=0fd39df3853d1aeb reason=TIMEOUT
2026-10-02T22:06:00 [DEBUG] engine: Inference: flow_id=0fd39df3853d1aeb risk=0.3334 class=1 latency=0.20ms
2026-10-02T22:06:04 [DEBUG] flow_state: Skipping non-IP packet (3 similar messages suppressed)
2026-10-02T22:06:06 [DEBUG] flow_state: Flow finalized: flow_id=7e2346cf3a30ca31 reason=TIMEOUT
2026-10-02T22:06:06 [DEBUG] engine: Inference: flow_id=7e2346cf3a30ca31 risk=0.3334 class=1 latency=0.17ms
2026-10-02T22:06:12 [DEBUG] flow_state: Flow finalized: flow_id=360cbe124a4ceddd reason=TIMEOUT
2026-10-02T22:06:12 [DEBUG] flow_state: Flow finalized: flow_id=3e974a999eacd103 reason=TIMEOUT
2026-10-02T22:06:12 [DEBUG] flow_state: Flow finalized: flow_id=65a976a20025ec2b reason=TIMEOUT
2026-10-02T22:06:12 [DEBUG] flow_state: Flow finalized: flow_id=959c4b8592f5e0ad reason=TIMEOUT
2026-10-02T22:06:12 [DEBUG] engine: Inference: flow_id=360cbe124a4ceddd risk=0.3334 class=1 latency=0.16ms
2026-10-02T22:06:12 [DEBUG] engine: Inference: flow_id=3e974a999eacd103 risk=0.3334 class=1 latency=0.04ms
2026-10-02T22:06:12 [DEBUG] engine: Inference: flow_id=65a976a20025ec2b risk=0.3334 class=1 latency=0.03ms
2026-10-02T22:06:12 [DEBUG] engine: Inference: flow_id=959c4b8592f5e0ad risk=0.3334 class=1 latency=0.02ms
2026-10-02T22:06:14 [DEBUG] flow_state: Skipping non-IP packet (3 similar messages suppressed)
2026-10-02T22:06:25 [DEBUG] flow_state: Flow finalized: flow_id=4d33b19a4da398b9 reason=TIMEOUT
2026-10-02T22:06:25 [DEBUG] flow_state: Flow finalized: flow_id=769c5af007b764bd reason=TIMEOUT
2026-10-02T22:06:25 [DEBUG] flow_state: Flow finalized: flow_id=b62565094255a644 reason=TIMEOUT
2026-10-02T22:06:25 [DEBUG] flow_state: Flow finalized: flow_id=101c9c66b76b3849 reason=TIMEOUT
2026-10-02T22:06:25 [DEBUG] engine: Inference: flow_id=4d33b19a4da398b9 risk=0.3334 class=1 latency=0.14ms
2026-10-02T22:06:25 [DEBUG] engine: Inference: flow_id=769c5af007b764bd risk=0.3334 class=1 latency=0.04ms
2026-10-02T22:06:25 [DEBUG] engine: Inference: flow_id=b62565094255a644 risk=0.3334 class=1 latency=0.02ms
2026-10-02T22:06:25 [DEBUG] engine: Inference: flow_id=101c9c66b76b3849 risk=0.3334 class=1 latency=0.02ms
2026-10-02T22:06:30 [DEBUG] flow_state: Flow finalized: flow_id=c0acbe20c6ebdf96 reason=TIMEOUT
2026-10-02T22:06:30 [DEBUG] engine: Inference: flow_id=c0acbe20c6ebdf96 risk=0.3334 class=1 latency=0.19ms
2026-10-02T22:06:34 [DEBUG] flow_state: Skipping non-IP packet (65 similar messages suppressed)
2026-10-02T22:06:36 [DEBUG] flow_state: Flow finalized: flow_id=0ac97a83416152f3 reason=TIMEOUT
2026-10-02T22:06:36 [DEBUG] engine: Inference: flow_id=0ac97a83416152f3 risk=0.3334 class=1 latency=1.35ms
2026-10-02T22:06:42 [DEBUG] flow_state: Flow finalized: flow_id=6a584eb83e7f86d7 reason=TIMEOUT
2026-10-02T22:06:42 [DEBUG] flow_state: Flow finalized: flow_id=d962f17138a9b13f reason=TIMEOUT
2026-10-02T22:06:42 [DEBUG] flow_state: Flow finalized: flow_id=f615572ce7936b3c reason=TIMEOUT
2026-10-02T22:06:42 [DEBUG] flow_state: Flow finalized: flow_id=05f070cbeac9304f reason=TIMEOUT
2026-10-02T22:06:42 [DEBUG] engine: Inference: flow_id=6a584eb83e7f86d7 risk=0.3334 class=1 latency=0.19ms
2026-10-02T22:06:42 [DEBUG] engine: Inference: flow_id=d962f17138a9b13f risk=0.3334 class=1 latency=0.05ms
2026-10-02T22:06:42 [DEBUG] engine: Inference: flow_id=f615572ce7936b3c risk=0.3334 class=1 latency=0.03ms
2026-10-02T22:06:42 [DEBUG] engine: Inference: flow_id=05f070cbeac9304f risk=0.3334 class=1 latency=0.02ms
2026-10-02T22:06:55 [DEBUG] flow_state: Flow finalized: flow_id=896373f2b79c5523 reason=TIMEOUT
2026-10-02T22:06:55 [DEBUG] flow_state: Flow finalized: flow_id=0c6f7d4d0434ba53 reason=TIMEOUT
2026-10-02T22:06:55 [DEBUG] flow_state: Flow finalized: flow_id=79ee53407427ebfa reason=TIMEOUT
2026-10-02T22:06:55 [DEBUG] flow_state: Flow finalized: flow_id=3956c65ab07c62f7 reason=TIMEOUT
2026-10-02T22:06:55 [DEBUG] engine: Inference: flow_id=896373f2b79c5523 risk=0.3334 class=1 latency=0.18ms
2026-10-02T22:06:55 [DEBUG] engine: Inference: flow_id=0c6f7d4d0434ba53 risk=0.3334 class=1 latency=0.05ms
2026-10-02T22:06:55 [DEBUG] engine: Inference: flow_id=79ee53407427ebfa risk=0.3334 class=1 latency=0.03ms
2026-10-02T22:06:55 [DEBUG] engine: Inference: flow_id=3956c65ab07c62f7 risk=0.3334 class=1 latency=0.02ms
2026-10-02T22:07:00 [DEBUG] flow_state: Flow finalized: flow_id=7e3bcc1d4a948794 reason=TIMEOUT
2026-10-02T22:07:00 [DEBUG] engine: Inference: flow_id=7e3bcc1d4a948794 risk=0.3334 class=1 latency=0.20ms
2026-10-02T22:07:04 [DEBUG] flow_state: Skipping non-IP packet (3 similar messages suppressed)
2026-10-02T22:07:06 [DEBUG] flow_state: Flow finalized: flow_id=9746487abecb240f reason=TIMEOUT
2026-10-02T22:07:06 [DEBUG] engine: Inference: flow_id=9746487abecb240f risk=0.3334 class=1 latency=1.25ms
2026-10-02T22:07:12 [DEBUG] flow_state: Flow finalized: flow_id=efbca8fa1aa859a5 reason=TIMEOUT
2026-10-02T22:07:12 [DEBUG] flow_state: Flow finalized: flow_id=9dcc169ea778e2cb reason=TIMEOUT
2026-10-02T22:07:12 [DEBUG] flow_state: Flow finalized: flow_id=8d0cb07de789f007 reason=TIMEOUT
2026-10-02T22:07:12 [DEBUG] flow_state: Flow finalized: flow_id=e9fab0421ee76126 reason=TIMEOUT
2026-10-02T22:07:12 [DEBUG] engine: Inference: flow_id=efbca8fa1aa859a5 risk=0.3334 class=1 latency=0.20ms
2026-10-02T22:07:12 [DEBUG] engine: Inference: flow_id=9dcc169ea778e2cb risk=0.3334 class=1 latency=0.05ms
2026-10-02T22:07:12 [DEBUG] engine: Inference: flow_id=8d0cb07de789f007 risk=0.3334 class=1 latency=0.03ms
2026-10-02T22:07:12 [DEBUG] engine: Inference: flow_id=e9fab0421ee76126 risk=0.3334 class=1 latency=0.02ms
2026-10-02T22:07:14 [DEBUG] flow_state: Skipping non-IP packet (3 similar messages suppressed)
2026-10-02T22:07:25 [DEBUG] flow_state: Flow finalized: flow_id=ded3aff27634e89c reason=TIMEOUT
2026-10-02T22:07:25 [DEBUG] flow_state: Flow finalized: flow_id=108ad5c419f3f8bb reason=TIMEOUT
2026-10-02T22:07:25 [DEBUG] flow_state: Flow finalized: flow_id=b378d86a4fe532fc reason=TIMEOUT
2026-10-02T22:07:25 [DEBUG] flow_state: Flow finalized: flow_id=45b398904f6cd49d reason=TIMEOUT
2026-10-02T22:07:25 [DEBUG] engine: Inference: flow_id=ded3aff27634e89c risk=0.3334 class=1 latency=0.15ms
2026-10-02T22:07:25 [DEBUG] engine: Inference: flow_id=108ad5c419f3f8bb risk=0.3334 class=1 latency=0.06ms
2026-10-02T22:07:25 [DEBUG] engine: Inference: flow_id=b378d86a4fe532fc risk=0.3334 class=1 latency=0.03ms
2026-10-02T22:07:25 [DEBUG] engine: Inference: flow_id=45b398904f6cd49d risk=0.3334 class=1 latency=0.02ms
2026-10-02T22:07:30 [DEBUG] flow_state: Flow finalized: flow_id=06710e8466dc1593 reason=TIMEOUT
2026-10-02T22:07:30 [DEBUG] engine: Inference: flow_id=06710e8466dc1593 risk=0.3334 class=1 latency=0.20ms
2026-10-02T22:07:34 [DEBUG] flow_state: Skipping non-IP packet (57 similar messages suppressed)
2026-10-02T22:07:35 [DEBUG] flow_state: Flow finalized: flow_id=6f1838493d9cda5f reason=TIMEOUT
2026-10-02T22:07:35 [DEBUG] engine: Inference: flow_id=6f1838493d9cda5f risk=0.3334 class=1 latency=0.18ms
2026-10-02T22:07:42 [DEBUG] flow_state: Flow finalized: flow_id=88a9eb8326ab22b8 reason=TIMEOUT
2026-10-02T22:07:42 [DEBUG] flow_state: Flow finalized: flow_id=e892f514875a5bf4 reason=TIMEOUT
2026-10-02T22:07:42 [DEBUG] flow_state: Flow finalized: flow_id=0bd4afd96e081250 reason=TIMEOUT
2026-10-02T22:07:42 [DEBUG] flow_state: Flow finalized: flow_id=9b296272e57c86d8 reason=TIMEOUT
2026-10-02T22:07:42 [DEBUG] engine: Inference: flow_id=88a9eb8326ab22b8 risk=0.3334 class=1 latency=0.19ms
2026-10-02T22:07:42 [DEBUG] engine: Inference: flow_id=e892f514875a5bf4 risk=0.3334 class=1 latency=0.05ms
2026-10-02T22:07:42 [DEBUG] engine: Inference: flow_id=0bd4afd96e081250 risk=0.3334 class=1 latency=0.03ms
2026-10-02T22:07:42 [DEBUG] engine: Inference: flow_id=9b296272e57c86d8 risk=0.3334 class=1 latency=0.02ms
2026-10-02T22:07:56 [DEBUG] flow_state: Flow finalized: flow_id=7fb17e7b61186666 reason=TIMEOUT
2026-10-02T22:07:56 [DEBUG] flow_state: Flow finalized: flow_id=b34cd55f9e46482c reason=TIMEOUT
2026-10-02T22:07:56 [DEBUG] flow_state: Flow finalized: flow_id=288d11439d7f78ef reason=TIMEOUT
2026-10-02T22:07:56 [DEBUG] flow_state: Flow finalized: flow_id=e69d0e2cfe35d883 reason=TIMEOUT
2026-10-02T22:07:56 [DEBUG] engine: Inference: flow_id=7fb17e7b61186666 risk=0.3334 class=1 latency=0.19ms
2026-10-02T22:07:56 [DEBUG] engine: Inference: flow_id=b34cd55f9e46482c risk=0.3334 class=1 latency=0.13ms
2026-10-02T22:07:56 [DEBUG] engine: Inference: flow_id=288d11439d7f78ef risk=0.3334 class=1 latency=0.05ms
2026-10-02T22:07:56 [DEBUG] engine: Inference: flow_id=e69d0e2cfe35d883 risk=0.3334 class=1 latency=0.03ms
2026-10-02T22:08:01 [DEBUG] flow_state: Flow finalized: flow_id=8d6f9958d253d2f3 reason=TIMEOUT
2026-10-02T22:08:01 [DEBUG] engine: Inference: flow_id=8d6f9958d253d2f3 risk=0.3334 class=1 latency=0.15ms
2026-10-02T22:08:04 [DEBUG] flow_state: Skipping non-IP packet (3 similar messages suppressed)
2026-10-02T22:08:06 [DEBUG] flow_state: Flow finalized: flow_id=af24fc92fd68dc9c reason=TIMEOUT
2026-10-02T22:08:06 [DEBUG] engine: Inference: flow_id=af24fc92fd68dc9c risk=0.3334 class=1 latency=0.19ms
2026-10-02T22:08:13 [DEBUG] flow_state: Flow finalized: flow_id=166feef7e022c2d5 reason=TIMEOUT
2026-10-02T22:08:13 [DEBUG] flow_state: Flow finalized: flow_id=c2789f3f16d402cc reason=TIMEOUT
2026-10-02T22:08:13 [DEBUG] flow_state: Flow finalized: flow_id=292f7f2842a9e4b8 reason=TIMEOUT
2026-10-02T22:08:13 [DEBUG] flow_state: Flow finalized: flow_id=43a40c7bac7a1995 reason=TIMEOUT
2026-10-02T22:08:13 [DEBUG] engine: Inference: flow_id=166feef7e022c2d5 risk=0.3334 class=1 latency=0.18ms
2026-10-02T22:08:13 [DEBUG] engine: Inference: flow_id=c2789f3f16d402cc risk=0.3334 class=1 latency=0.05ms
2026-10-02T22:08:13 [DEBUG] engine: Inference: flow_id=292f7f2842a9e4b8 risk=0.3334 class=1 latency=0.03ms
2026-10-02T22:08:13 [DEBUG] engine: Inference: flow_id=43a40c7bac7a1995 risk=0.3334 class=1 latency=0.02ms
2026-10-02T22:08:14 [DEBUG] flow_state: Skipping non-IP packet (3 similar messages suppressed)
2026-10-02T22:08:26 [DEBUG] flow_state: Flow finalized: flow_id=79b8ffe614883015 reason=TIMEOUT
2026-10-02T22:08:26 [DEBUG] flow_state: Flow finalized: flow_id=1bf8e11ce93441fc reason=TIMEOUT
2026-10-02T22:08:26 [DEBUG] flow_state: Flow finalized: flow_id=d7b1ec2f28d952d3 reason=TIMEOUT
2026-10-02T22:08:26 [DEBUG] flow_state: Flow finalized: flow_id=7c7f62b8833d162a reason=TIMEOUT
2026-10-02T22:08:26 [DEBUG] engine: Inference: flow_id=79b8ffe614883015 risk=0.3334 class=1 latency=0.13ms
2026-10-02T22:08:26 [DEBUG] engine: Inference: flow_id=1bf8e11ce93441fc risk=0.3334 class=1 latency=0.04ms
2026-10-02T22:08:26 [DEBUG] engine: Inference: flow_id=d7b1ec2f28d952d3 risk=0.3334 class=1 latency=0.02ms
2026-10-02T22:08:26 [DEBUG] engine: Inference: flow_id=7c7f62b8833d162a risk=0.3334 class=1 latency=0.02ms
2026-10-02T22:08:31 [DEBUG] flow_state: Flow finalized: flow_id=ebc42ae430b6a9af reason=TIMEOUT
2026-10-02T22:08:31 [DEBUG] engine: Inference: flow_id=ebc42ae430b6a9af risk=0.3334 class=1 latency=0.18ms
2026-10-02T22:08:34 [DEBUG] flow_state: Skipping non-IP packet (57 similar messages suppressed)
2026-10-02T22:08:36 [DEBUG] flow_state: Flow finalized: flow_id=9aec85e03421ef6b reason=TIMEOUT
2026-10-02T22:08:36 [DEBUG] engine: Inference: flow_id=9aec85e03421ef6b risk=0.3334 class=1 latency=0.21ms
2026-10-02T22:08:43 [DEBUG] flow_state: Flow finalized: flow_id=8bde164d86b1a56e reason=TIMEOUT
2026-10-02T22:08:43 [DEBUG] flow_state: Flow finalized: flow_id=0c76de2d1d12eabc reason=TIMEOUT
2026-10-02T22:08:43 [DEBUG] flow_state: Flow finalized: flow_id=30999f7bc7633509 reason=TIMEOUT
2026-10-02T22:08:43 [DEBUG] flow_state: Flow finalized: flow_id=094a9836b22ad0c6 reason=TIMEOUT
2026-10-02T22:08:43 [DEBUG] engine: Inference: flow_id=8bde164d86b1a56e risk=0.3334 class=1 latency=0.19ms
2026-10-02T22:08:43 [DEBUG] engine: Inference: flow_id=0c76de2d1d12eabc risk=0.3334 class=1 latency=0.04ms
2026-10-02T22:08:43 [DEBUG] engine: Inference: flow_id=30999f7bc7633509 risk=0.3334 class=1 latency=0.03ms
2026-10-02T22:08:43 [DEBUG] engine: Inference: flow_id=094a9836b22ad0c6 risk=0.3334 class=1 latency=0.02ms
2026-10-02T22:08:51 [DEBUG] flow_state: Flow finalized: flow_id=c36d66e9cd3aac6f reason=TIMEOUT
2026-10-02T22:08:51 [DEBUG] flow_state: Flow finalized: flow_id=2ea656e7ef789b21 reason=TIMEOUT
2026-10-02T22:08:51 [DEBUG] engine: Inference: flow_id=c36d66e9cd3aac6f risk=0.3334 class=1 latency=0.20ms
2026-10-02T22:08:51 [DEBUG] engine: Inference: flow_id=2ea656e7ef789b21 risk=0.3334 class=1 latency=0.05ms
2026-10-02T22:08:56 [DEBUG] flow_state: Flow finalized: flow_id=a68663c2c0780ebf reason=TIMEOUT
2026-10-02T22:08:56 [DEBUG] flow_state: Flow finalized: flow_id=dbbbe6699193d07e reason=TIMEOUT
2026-10-02T22:08:56 [DEBUG] flow_state: Flow finalized: flow_id=ffa8974ae42ef954 reason=TIMEOUT
2026-10-02T22:08:56 [DEBUG] flow_state: Flow finalized: flow_id=88ab794ba2a35944 reason=TIMEOUT
2026-10-02T22:08:56 [DEBUG] engine: Inference: flow_id=a68663c2c0780ebf risk=0.3334 class=1 latency=0.11ms
2026-10-02T22:08:56 [DEBUG] engine: Inference: flow_id=dbbbe6699193d07e risk=0.3334 class=1 latency=0.04ms
2026-10-02T22:08:56 [DEBUG] engine: Inference: flow_id=ffa8974ae42ef954 risk=0.3334 class=1 latency=0.03ms
2026-10-02T22:08:56 [DEBUG] engine: Inference: flow_id=88ab794ba2a35944 risk=0.3334 class=1 latency=0.02ms
2026-10-02T22:09:01 [DEBUG] flow_state: Flow finalized: flow_id=728a7dc66b1795d6 reason=TIMEOUT
2026-10-02T22:09:01 [DEBUG] engine: Inference: flow_id=728a7dc66b1795d6 risk=0.3334 class=1 latency=0.18ms
2026-10-02T22:09:04 [DEBUG] flow_state: Skipping non-IP packet (7 similar messages suppressed)
2026-10-02T22:09:06 [DEBUG] flow_state: Flow finalized: flow_id=6876cefcde182fce reason=TIMEOUT
2026-10-02T22:09:06 [DEBUG] engine: Inference: flow_id=6876cefcde182fce risk=0.3334 class=1 latency=2.31ms
2026-10-02T22:09:13 [DEBUG] flow_state: Flow finalized: flow_id=a704e19677f22c45 reason=TIMEOUT
2026-10-02T22:09:13 [DEBUG] flow_state: Flow finalized: flow_id=6ba9cbdda5c9ae32 reason=TIMEOUT
2026-10-02T22:09:13 [DEBUG] flow_state: Flow finalized: flow_id=3baec079402d940e reason=TIMEOUT
2026-10-02T22:09:13 [DEBUG] flow_state: Flow finalized: flow_id=643cbaf4809d2606 reason=TIMEOUT
2026-10-02T22:09:13 [DEBUG] engine: Inference: flow_id=a704e19677f22c45 risk=0.3334 class=1 latency=0.18ms
2026-10-02T22:09:13 [DEBUG] engine: Inference: flow_id=6ba9cbdda5c9ae32 risk=0.3334 class=1 latency=0.04ms
2026-10-02T22:09:13 [DEBUG] engine: Inference: flow_id=3baec079402d940e risk=0.3334 class=1 latency=0.03ms
2026-10-02T22:09:13 [DEBUG] engine: Inference: flow_id=643cbaf4809d2606 risk=0.3334 class=1 latency=0.02ms
2026-10-02T22:09:14 [DEBUG] flow_state: Skipping non-IP packet (3 similar messages suppressed)
2026-10-02T22:09:20 [DEBUG] flow_state: Skipping non-IP packet (63 similar messages suppressed)
2026-10-02T22:09:21 [DEBUG] flow_state: Skipping non-IP packet (1 similar messages suppressed)
2026-10-02T22:09:24 [DEBUG] flow_state: Skipping non-IP packet (1 similar messages suppressed)
2026-10-02T22:09:26 [DEBUG] flow_state: Flow finalized: flow_id=1c28cd2e12b9b18e reason=TIMEOUT
2026-10-02T22:09:26 [DEBUG] flow_state: Flow finalized: flow_id=8985f54d291c1bd1 reason=TIMEOUT
2026-10-02T22:09:26 [DEBUG] flow_state: Flow finalized: flow_id=54568fc949486d6b reason=TIMEOUT
2026-10-02T22:09:26 [DEBUG] flow_state: Flow finalized: flow_id=a923ff192eaf0687 reason=TIMEOUT
2026-10-02T22:09:26 [DEBUG] engine: Inference: flow_id=1c28cd2e12b9b18e risk=0.3334 class=1 latency=1.35ms
2026-10-02T22:09:26 [DEBUG] engine: Inference: flow_id=8985f54d291c1bd1 risk=0.3334 class=1 latency=0.05ms
2026-10-02T22:09:26 [DEBUG] engine: Inference: flow_id=54568fc949486d6b risk=0.3334 class=1 latency=0.02ms
2026-10-02T22:09:26 [DEBUG] engine: Inference: flow_id=a923ff192eaf0687 risk=0.3334 class=1 latency=0.02ms
2026-10-02T22:09:31 [DEBUG] flow_state: Flow finalized: flow_id=d85a0657a3ee736f reason=TIMEOUT
2026-10-02T22:09:31 [DEBUG] engine: Inference: flow_id=d85a0657a3ee736f risk=0.3334 class=1 latency=0.21ms
2026-10-02T22:09:33 [DEBUG] flow_state: Skipping non-IP packet (1 similar messages suppressed)
2026-10-02T22:09:34 [DEBUG] flow_state: Skipping non-IP packet (1 similar messages suppressed)
2026-10-02T22:09:35 [DEBUG] flow_state: Flow finalized: flow_id=b99e15bd12e30354 reason=FIN
2026-10-02T22:09:35 [DEBUG] flow_state: Flow finalized: flow_id=f154afc6c44a0210 reason=FIN
2026-10-02T22:09:35 [DEBUG] engine: Inference: flow_id=b99e15bd12e30354 risk=0.7928 class=1 latency=0.29ms
2026-10-02T22:09:35 [DEBUG] engine: Inference: flow_id=f154afc6c44a0210 risk=0.3334 class=1 latency=0.05ms
2026-10-02T22:09:36 [DEBUG] flow_state: Flow finalized: flow_id=445a7b4359d9e6ac reason=TIMEOUT
2026-10-02T22:09:36 [DEBUG] engine: Inference: flow_id=445a7b4359d9e6ac risk=0.3334 class=1 latency=0.15ms
2026-10-02T22:09:43 [DEBUG] flow_state: Flow finalized: flow_id=c89c0569c6e0313b reason=TIMEOUT
2026-10-02T22:09:43 [DEBUG] flow_state: Flow finalized: flow_id=8c7aedc231ab7866 reason=TIMEOUT
2026-10-02T22:09:43 [DEBUG] flow_state: Flow finalized: flow_id=5631521b44a81fbd reason=TIMEOUT
2026-10-02T22:09:43 [DEBUG] flow_state: Flow finalized: flow_id=1eec080a2d453999 reason=TIMEOUT
2026-10-02T22:09:43 [DEBUG] engine: Inference: flow_id=c89c0569c6e0313b risk=0.3334 class=1 latency=0.15ms
2026-10-02T22:09:43 [DEBUG] engine: Inference: flow_id=8c7aedc231ab7866 risk=0.3334 class=1 latency=0.05ms
2026-10-02T22:09:43 [DEBUG] engine: Inference: flow_id=5631521b44a81fbd risk=0.3334 class=1 latency=0.04ms
2026-10-02T22:09:43 [DEBUG] engine: Inference: flow_id=1eec080a2d453999 risk=0.3334 class=1 latency=0.04ms
2026-10-02T22:09:48 [DEBUG] flow_state: Flow finalized: flow_id=4cc748f0d5a79d38 reason=TIMEOUT
2026-10-02T22:09:48 [DEBUG] flow_state: Flow finalized: flow_id=58ada61815296d41 reason=TIMEOUT
2026-10-02T22:09:48 [DEBUG] engine: Inference: flow_id=4cc748f0d5a79d38 risk=0.7469 class=1 latency=0.21ms
2026-10-02T22:09:48 [DEBUG] engine: Inference: flow_id=58ada61815296d41 risk=0.7469 class=1 latency=0.05ms
2026-10-02T22:09:51 [DEBUG] flow_state: Flow finalized: flow_id=153b4d8c6bfb201a reason=TIMEOUT
2026-10-02T22:09:51 [DEBUG] engine: Inference: flow_id=153b4d8c6bfb201a risk=0.3334 class=1 latency=0.19ms
2026-10-02T22:09:51 [DEBUG] flow_state: Flow finalized: flow_id=5fb0a09c5e2bf64a reason=FIN
2026-10-02T22:09:51 [DEBUG] flow_state: Flow finalized: flow_id=a83e46d8f2088c6f reason=FIN
2026-10-02T22:09:51 [DEBUG] engine: Inference: flow_id=5fb0a09c5e2bf64a risk=0.7928 class=1 latency=0.44ms
2026-10-02T22:09:51 [DEBUG] engine: Inference: flow_id=a83e46d8f2088c6f risk=0.3334 class=1 latency=0.07ms
2026-10-02T22:09:56 [DEBUG] flow_state: Flow finalized: flow_id=e8ec62f22dc2d350 reason=TIMEOUT
2026-10-02T22:09:56 [DEBUG] flow_state: Flow finalized: flow_id=9ee2387c58788765 reason=TIMEOUT
2026-10-02T22:09:56 [DEBUG] flow_state: Flow finalized: flow_id=0d715271ed6a71a3 reason=TIMEOUT
2026-10-02T22:09:56 [DEBUG] flow_state: Flow finalized: flow_id=87e00b7cfc0ce60e reason=TIMEOUT
2026-10-02T22:09:56 [DEBUG] engine: Inference: flow_id=e8ec62f22dc2d350 risk=0.3334 class=1 latency=0.20ms
2026-10-02T22:09:56 [DEBUG] engine: Inference: flow_id=9ee2387c58788765 risk=0.3334 class=1 latency=0.06ms
2026-10-02T22:09:56 [DEBUG] engine: Inference: flow_id=0d715271ed6a71a3 risk=0.3334 class=1 latency=0.03ms
2026-10-02T22:09:56 [DEBUG] engine: Inference: flow_id=87e00b7cfc0ce60e risk=0.3334 class=1 latency=0.02ms
2026-10-02T22:10:00 [DEBUG] flow_state: Skipping non-IP packet (3 similar messages suppressed)
2026-10-02T22:10:01 [DEBUG] flow_state: Flow finalized: flow_id=1055ecae9709b212 reason=TIMEOUT
2026-10-02T22:10:01 [DEBUG] engine: Inference: flow_id=1055ecae9709b212 risk=0.3334 class=1 latency=0.19ms
2026-10-02T22:10:04 [DEBUG] flow_state: Skipping non-IP packet (1 similar messages suppressed)
2026-10-02T22:10:05 [DEBUG] flow_state: Flow finalized: flow_id=b8ab5abd2da504ed reason=FIN
2026-10-02T22:10:05 [DEBUG] flow_state: Flow finalized: flow_id=3656674879d68e85 reason=FIN
2026-10-02T22:10:05 [DEBUG] engine: Inference: flow_id=b8ab5abd2da504ed risk=0.7928 class=1 latency=0.30ms
2026-10-02T22:10:05 [DEBUG] engine: Inference: flow_id=3656674879d68e85 risk=0.3334 class=1 latency=0.05ms
2026-10-02T22:10:06 [DEBUG] flow_state: Flow finalized: flow_id=13a470cffddeb232 reason=TIMEOUT
2026-10-02T22:10:06 [DEBUG] engine: Inference: flow_id=13a470cffddeb232 risk=0.3334 class=1 latency=1.60ms
2026-10-02T22:10:07 [DEBUG] flow_state: Flow finalized: flow_id=e85b11153277c509 reason=TIMEOUT
2026-10-02T22:10:07 [DEBUG] engine: Inference: flow_id=e85b11153277c509 risk=0.3334 class=1 latency=1.46ms
2026-10-02T22:10:13 [DEBUG] flow_state: Flow finalized: flow_id=9310a514138f7c2b reason=TIMEOUT
2026-10-02T22:10:13 [DEBUG] flow_state: Flow finalized: flow_id=9a74773c67eeaeab reason=TIMEOUT
2026-10-02T22:10:13 [DEBUG] flow_state: Flow finalized: flow_id=bbd3794c82fbccdc reason=TIMEOUT
2026-10-02T22:10:13 [DEBUG] flow_state: Flow finalized: flow_id=0cf91afe336323d7 reason=TIMEOUT
2026-10-02T22:10:13 [DEBUG] engine: Inference: flow_id=9310a514138f7c2b risk=0.3334 class=1 latency=0.13ms
2026-10-02T22:10:13 [DEBUG] engine: Inference: flow_id=9a74773c67eeaeab risk=0.3334 class=1 latency=0.04ms
2026-10-02T22:10:13 [DEBUG] engine: Inference: flow_id=bbd3794c82fbccdc risk=0.3334 class=1 latency=0.02ms
2026-10-02T22:10:13 [DEBUG] engine: Inference: flow_id=0cf91afe336323d7 risk=0.3334 class=1 latency=0.02ms
2026-10-02T22:10:14 [DEBUG] flow_state: Skipping non-IP packet (3 similar messages suppressed)
2026-10-02T22:10:15 [DEBUG] flow_state: Flow finalized: flow_id=e67da43ad582a870 reason=TIMEOUT
2026-10-02T22:10:15 [DEBUG] flow_state: Flow finalized: flow_id=0f5bf6ee85e2e4c1 reason=TIMEOUT
2026-10-02T22:10:15 [DEBUG] engine: Inference: flow_id=e67da43ad582a870 risk=0.3334 class=1 latency=0.22ms
2026-10-02T22:10:15 [DEBUG] engine: Inference: flow_id=0f5bf6ee85e2e4c1 risk=0.3334 class=1 latency=0.13ms
2026-10-02T22:10:15 [DEBUG] flow_state: Flow finalized: flow_id=ec64771099aafd38 reason=FIN
2026-10-02T22:10:15 [DEBUG] flow_state: Flow finalized: flow_id=07a9eface5faf16b reason=FIN
2026-10-02T22:10:15 [DEBUG] engine: Inference: flow_id=ec64771099aafd38 risk=0.7928 class=1 latency=0.57ms
2026-10-02T22:10:15 [DEBUG] engine: Inference: flow_id=07a9eface5faf16b risk=0.3334 class=1 latency=0.07ms
2026-10-02T22:10:21 [DEBUG] flow_state: Flow finalized: flow_id=4280e9ed032a2cdf reason=TIMEOUT
2026-10-02T22:10:21 [DEBUG] engine: Inference: flow_id=4280e9ed032a2cdf risk=0.3334 class=1 latency=1.35ms
2026-10-02T22:10:26 [DEBUG] flow_state: Flow finalized: flow_id=577b7dd5b710a53e reason=TIMEOUT
2026-10-02T22:10:26 [DEBUG] flow_state: Flow finalized: flow_id=4593fdd53ca076c3 reason=TIMEOUT
2026-10-02T22:10:26 [DEBUG] flow_state: Flow finalized: flow_id=97134f43f8991618 reason=TIMEOUT
2026-10-02T22:10:26 [DEBUG] flow_state: Flow finalized: flow_id=043e762401689480 reason=TIMEOUT
2026-10-02T22:10:26 [DEBUG] engine: Inference: flow_id=577b7dd5b710a53e risk=0.3334 class=1 latency=0.09ms
2026-10-02T22:10:26 [DEBUG] engine: Inference: flow_id=4593fdd53ca076c3 risk=0.3334 class=1 latency=0.03ms
2026-10-02T22:10:26 [DEBUG] engine: Inference: flow_id=97134f43f8991618 risk=0.3334 class=1 latency=0.02ms
2026-10-02T22:10:26 [DEBUG] engine: Inference: flow_id=043e762401689480 risk=0.3334 class=1 latency=0.02ms
2026-10-02T22:10:30 [DEBUG] flow_state: Flow finalized: flow_id=659c8a70b63fc4e8 reason=TIMEOUT
2026-10-02T22:10:30 [DEBUG] flow_state: Flow finalized: flow_id=258d578e843df97a reason=TIMEOUT
2026-10-02T22:10:30 [DEBUG] engine: Inference: flow_id=659c8a70b63fc4e8 risk=0.3334 class=1 latency=0.19ms
2026-10-02T22:10:30 [DEBUG] engine: Inference: flow_id=258d578e843df97a risk=0.3334 class=1 latency=0.05ms
2026-10-02T22:10:33 [DEBUG] flow_state: Flow finalized: flow_id=9da8c765fb45341a reason=FIN
2026-10-02T22:10:33 [DEBUG] flow_state: Flow finalized: flow_id=203d06cf118c1741 reason=FIN
2026-10-02T22:10:33 [DEBUG] engine: Inference: flow_id=9da8c765fb45341a risk=0.7928 class=1 latency=0.58ms
2026-10-02T22:10:33 [DEBUG] engine: Inference: flow_id=203d06cf118c1741 risk=0.3334 class=1 latency=0.07ms
2026-10-02T22:10:34 [DEBUG] flow_state: Skipping non-IP packet (57 similar messages suppressed)
2026-10-02T22:10:36 [DEBUG] flow_state: Flow finalized: flow_id=1cd5d0bb213f5a29 reason=TIMEOUT
2026-10-02T22:10:36 [DEBUG] engine: Inference: flow_id=1cd5d0bb213f5a29 risk=0.3334 class=1 latency=0.19ms
2026-10-02T22:10:43 [DEBUG] flow_state: Flow finalized: flow_id=5d105ad5a3a3021f reason=FIN
2026-10-02T22:10:43 [DEBUG] flow_state: Flow finalized: flow_id=999efaf86eba8b0e reason=FIN
2026-10-02T22:10:43 [DEBUG] engine: Inference: flow_id=5d105ad5a3a3021f risk=0.7928 class=1 latency=0.40ms
2026-10-02T22:10:43 [DEBUG] engine: Inference: flow_id=999efaf86eba8b0e risk=0.3334 class=1 latency=0.05ms
2026-10-02T22:10:43 [DEBUG] flow_state: Flow finalized: flow_id=986ef70617ffee3a reason=TIMEOUT
2026-10-02T22:10:43 [DEBUG] flow_state: Flow finalized: flow_id=94e88f3cfe495a15 reason=TIMEOUT
2026-10-02T22:10:43 [DEBUG] flow_state: Flow finalized: flow_id=796b769e62e4619b reason=TIMEOUT
2026-10-02T22:10:43 [DEBUG] flow_state: Flow finalized: flow_id=32822480ad838276 reason=TIMEOUT
2026-10-02T22:10:43 [DEBUG] engine: Inference: flow_id=986ef70617ffee3a risk=0.3334 class=1 latency=0.15ms
2026-10-02T22:10:43 [DEBUG] engine: Inference: flow_id=94e88f3cfe495a15 risk=0.3334 class=1 latency=0.04ms
2026-10-02T22:10:43 [DEBUG] engine: Inference: flow_id=796b769e62e4619b risk=0.3334 class=1 latency=0.03ms
2026-10-02T22:10:43 [DEBUG] engine: Inference: flow_id=32822480ad838276 risk=0.3334 class=1 latency=0.02ms
2026-10-02T22:10:48 [DEBUG] flow_state: Flow finalized: flow_id=e7595ef664d137ca reason=TIMEOUT
2026-10-02T22:10:48 [DEBUG] engine: Inference: flow_id=e7595ef664d137ca risk=0.3334 class=1 latency=2.50ms
2026-10-02T22:10:52 [DEBUG] flow_state: Flow finalized: flow_id=ce56830103a5aa3a reason=TIMEOUT
2026-10-02T22:10:52 [DEBUG] engine: Inference: flow_id=ce56830103a5aa3a risk=0.6459 class=1 latency=1.14ms
2026-10-02T22:10:56 [DEBUG] flow_state: Flow finalized: flow_id=9410a4b33d33b7bd reason=TIMEOUT
2026-10-02T22:10:56 [DEBUG] flow_state: Flow finalized: flow_id=20ef641e243bef06 reason=TIMEOUT
2026-10-02T22:10:56 [DEBUG] flow_state: Flow finalized: flow_id=7795315ef322fbf4 reason=TIMEOUT
2026-10-02T22:10:56 [DEBUG] flow_state: Flow finalized: flow_id=737a13502b0804ee reason=TIMEOUT
2026-10-02T22:10:56 [DEBUG] engine: Inference: flow_id=9410a4b33d33b7bd risk=0.3334 class=1 latency=0.17ms
2026-10-02T22:10:56 [DEBUG] engine: Inference: flow_id=20ef641e243bef06 risk=0.3334 class=1 latency=0.05ms
2026-10-02T22:10:56 [DEBUG] engine: Inference: flow_id=7795315ef322fbf4 risk=0.3334 class=1 latency=0.03ms
2026-10-02T22:10:56 [DEBUG] engine: Inference: flow_id=737a13502b0804ee risk=0.3334 class=1 latency=0.02ms
2026-10-02T22:10:58 [DEBUG] flow_state: Flow finalized: flow_id=8abcbbb1f9b8b54e reason=TIMEOUT
2026-10-02T22:10:58 [DEBUG] engine: Inference: flow_id=8abcbbb1f9b8b54e risk=0.3334 class=1 latency=0.18ms
2026-10-02T22:11:00 [DEBUG] flow_state: Flow finalized: flow_id=ba2390db2ffd19b7 reason=TIMEOUT
2026-10-02T22:11:00 [DEBUG] engine: Inference: flow_id=ba2390db2ffd19b7 risk=0.3334 class=1 latency=0.19ms
2026-10-02T22:11:00 [INFO] engine: Drift detected: features=['flow_duration'] at flow_id=ba2390db2ffd19b7
2026-10-02T22:11:00 [INFO] optimizer: Retrain cycle started: retrain_id=c7d7bd30 trigger=flow_duration
2026-10-02T22:11:00 [INFO] optimizer: Training window extracted: 767 records (requested 2000), ts range [1788513862.2, 1790959260.8]
2026-10-02T22:11:00 [INFO] optimizer: Optuna sweep complete: 3/3 trials in 0.2s, best_value=0.0000, params={'n_estimators': 137, 'learning_rate': 0.012985406800650221, 'num_leaves': 30, 'max_depth': 8, 'min_child_samples': 5}
2026-10-02T22:11:00 [INFO] optimizer: Warm-start fit complete: 0.0s, 137 boosting rounds
2026-10-02T22:11:00 [INFO] golden_holdout: Golden holdout evaluation: accuracy=0.5000 (100/200 correct)
2026-10-02T22:11:00 [INFO] optimizer: Lineage recorded: retrain_id=c7d7bd30 status=FAIL accuracy=0.5000
2026-10-02T22:11:00 [INFO] optimizer: Retrain cycle FAILED (gate): retrain_id=c7d7bd30 accuracy=0.5000 < threshold=0.9500, duration=0.2s
2026-10-02T22:11:04 [DEBUG] flow_state: Skipping non-IP packet (3 similar messages suppressed)
2026-10-02T22:11:06 [DEBUG] flow_state: Flow finalized: flow_id=e8ec7333681b0964 reason=TIMEOUT
2026-10-02T22:11:06 [DEBUG] engine: Inference: flow_id=e8ec7333681b0964 risk=0.3334 class=1 latency=0.19ms
2026-10-02T22:11:13 [DEBUG] flow_state: Flow finalized: flow_id=29a6d66267d5330f reason=TIMEOUT
2026-10-02T22:11:13 [DEBUG] flow_state: Flow finalized: flow_id=1dc5f8e0b73c05c5 reason=TIMEOUT
2026-10-02T22:11:13 [DEBUG] flow_state: Flow finalized: flow_id=f7e675ede9227f11 reason=TIMEOUT
2026-10-02T22:11:13 [DEBUG] flow_state: Flow finalized: flow_id=5baada3bf6c40dd7 reason=TIMEOUT
2026-10-02T22:11:13 [DEBUG] engine: Inference: flow_id=29a6d66267d5330f risk=0.3334 class=1 latency=0.18ms
2026-10-02T22:11:13 [DEBUG] engine: Inference: flow_id=1dc5f8e0b73c05c5 risk=0.3334 class=1 latency=0.05ms
2026-10-02T22:11:13 [DEBUG] engine: Inference: flow_id=f7e675ede9227f11 risk=0.3334 class=1 latency=0.06ms
2026-10-02T22:11:13 [DEBUG] engine: Inference: flow_id=5baada3bf6c40dd7 risk=0.3334 class=1 latency=0.03ms
2026-10-02T22:11:14 [DEBUG] flow_state: Skipping non-IP packet (3 similar messages suppressed)
2026-10-02T22:11:16 [DEBUG] flow_state: Flow finalized: flow_id=2793668d67d998e6 reason=FIN
2026-10-02T22:11:16 [DEBUG] flow_state: Flow finalized: flow_id=87e0723d65642cf2 reason=FIN
2026-10-02T22:11:16 [DEBUG] engine: Inference: flow_id=2793668d67d998e6 risk=0.7928 class=1 latency=0.25ms
2026-10-02T22:11:16 [DEBUG] engine: Inference: flow_id=87e0723d65642cf2 risk=0.3334 class=1 latency=0.07ms
2026-10-02T22:11:21 [DEBUG] flow_state: Skipping non-IP packet (65 similar messages suppressed)
2026-10-02T22:11:26 [DEBUG] flow_state: Flow finalized: flow_id=7caddd4fc0b90fb2 reason=TIMEOUT
2026-10-02T22:11:26 [DEBUG] flow_state: Flow finalized: flow_id=2fef6f44135b0b21 reason=TIMEOUT
2026-10-02T22:11:26 [DEBUG] flow_state: Flow finalized: flow_id=6823f9312398d7d5 reason=TIMEOUT
2026-10-02T22:11:26 [DEBUG] flow_state: Flow finalized: flow_id=2ea2a11162267c19 reason=TIMEOUT
2026-10-02T22:11:26 [DEBUG] engine: Inference: flow_id=7caddd4fc0b90fb2 risk=0.3334 class=1 latency=0.20ms
2026-10-02T22:11:26 [DEBUG] engine: Inference: flow_id=2fef6f44135b0b21 risk=0.3334 class=1 latency=0.05ms
2026-10-02T22:11:26 [DEBUG] engine: Inference: flow_id=6823f9312398d7d5 risk=0.3334 class=1 latency=0.03ms
2026-10-02T22:11:26 [DEBUG] engine: Inference: flow_id=2ea2a11162267c19 risk=0.3334 class=1 latency=0.02ms
2026-10-02T22:11:30 [DEBUG] flow_state: Flow finalized: flow_id=1598da5923120a58 reason=TIMEOUT
2026-10-02T22:11:30 [DEBUG] engine: Inference: flow_id=1598da5923120a58 risk=0.3334 class=1 latency=0.21ms
2026-10-02T22:11:31 [DEBUG] flow_state: Flow finalized: flow_id=c1d82c41859c9a87 reason=TIMEOUT
2026-10-02T22:11:31 [DEBUG] engine: Inference: flow_id=c1d82c41859c9a87 risk=0.3334 class=1 latency=0.21ms
2026-10-02T22:11:34 [DEBUG] flow_state: Skipping non-IP packet (1 similar messages suppressed)
2026-10-02T22:11:36 [DEBUG] flow_state: Flow finalized: flow_id=90921c13b83a559a reason=TIMEOUT
2026-10-02T22:11:36 [DEBUG] flow_state: Flow finalized: flow_id=58d1be9b61bf6e23 reason=TIMEOUT
2026-10-02T22:11:36 [DEBUG] flow_state: Flow finalized: flow_id=5f0aad8d7fadedaf reason=TIMEOUT
2026-10-02T22:11:36 [DEBUG] engine: Inference: flow_id=90921c13b83a559a risk=0.3334 class=1 latency=0.18ms
2026-10-02T22:11:36 [DEBUG] engine: Inference: flow_id=58d1be9b61bf6e23 risk=0.3334 class=1 latency=0.05ms
2026-10-02T22:11:36 [DEBUG] engine: Inference: flow_id=5f0aad8d7fadedaf risk=0.3334 class=1 latency=0.03ms
2026-10-02T22:11:43 [DEBUG] flow_state: Flow finalized: flow_id=53e1e64abb93ea11 reason=TIMEOUT
2026-10-02T22:11:43 [DEBUG] flow_state: Flow finalized: flow_id=27b285fff40857cb reason=TIMEOUT
2026-10-02T22:11:43 [DEBUG] flow_state: Flow finalized: flow_id=145b022044deee75 reason=TIMEOUT
2026-10-02T22:11:43 [DEBUG] flow_state: Flow finalized: flow_id=253cfc6cb5c74962 reason=TIMEOUT
2026-10-02T22:11:43 [DEBUG] engine: Inference: flow_id=53e1e64abb93ea11 risk=0.3334 class=1 latency=0.20ms
2026-10-02T22:11:43 [DEBUG] engine: Inference: flow_id=27b285fff40857cb risk=0.3334 class=1 latency=0.06ms
2026-10-02T22:11:43 [DEBUG] engine: Inference: flow_id=145b022044deee75 risk=0.3334 class=1 latency=0.03ms
2026-10-02T22:11:43 [DEBUG] engine: Inference: flow_id=253cfc6cb5c74962 risk=0.3334 class=1 latency=0.02ms
2026-10-02T22:11:57 [DEBUG] flow_state: Flow finalized: flow_id=8801b55d72c12200 reason=TIMEOUT
2026-10-02T22:11:57 [DEBUG] flow_state: Flow finalized: flow_id=0b238ff6d95655e7 reason=TIMEOUT
2026-10-02T22:11:57 [DEBUG] flow_state: Flow finalized: flow_id=3733e572498f5f35 reason=TIMEOUT
2026-10-02T22:11:57 [DEBUG] flow_state: Flow finalized: flow_id=c9eb2f22b5bf0151 reason=TIMEOUT
2026-10-02T22:11:57 [DEBUG] engine: Inference: flow_id=8801b55d72c12200 risk=0.3334 class=1 latency=0.19ms
2026-10-02T22:11:57 [DEBUG] engine: Inference: flow_id=0b238ff6d95655e7 risk=0.3334 class=1 latency=0.05ms
2026-10-02T22:11:57 [DEBUG] engine: Inference: flow_id=3733e572498f5f35 risk=0.3334 class=1 latency=0.03ms
2026-10-02T22:11:57 [DEBUG] engine: Inference: flow_id=c9eb2f22b5bf0151 risk=0.3334 class=1 latency=0.02ms
2026-10-02T22:12:01 [DEBUG] flow_state: Flow finalized: flow_id=6e83cde3f7d4de94 reason=TIMEOUT
2026-10-02T22:12:01 [DEBUG] engine: Inference: flow_id=6e83cde3f7d4de94 risk=0.3334 class=1 latency=0.20ms
2026-10-02T22:12:04 [DEBUG] flow_state: Skipping non-IP packet (3 similar messages suppressed)
2026-10-02T22:12:07 [DEBUG] flow_state: Flow finalized: flow_id=5182c90941a1c19a reason=TIMEOUT
2026-10-02T22:12:07 [DEBUG] engine: Inference: flow_id=5182c90941a1c19a risk=0.3334 class=1 latency=0.20ms
2026-10-02T22:12:14 [DEBUG] flow_state: Flow finalized: flow_id=8b3af48465c2d63e reason=TIMEOUT
2026-10-02T22:12:14 [DEBUG] flow_state: Flow finalized: flow_id=dedf6e0bd3da7f93 reason=TIMEOUT
2026-10-02T22:12:14 [DEBUG] flow_state: Flow finalized: flow_id=b97df63bf2a65052 reason=TIMEOUT
2026-10-02T22:12:14 [DEBUG] flow_state: Flow finalized: flow_id=ef9f1ecb6f71cbbe reason=TIMEOUT
2026-10-02T22:12:14 [DEBUG] engine: Inference: flow_id=8b3af48465c2d63e risk=0.3334 class=1 latency=0.14ms
2026-10-02T22:12:14 [DEBUG] engine: Inference: flow_id=dedf6e0bd3da7f93 risk=0.3334 class=1 latency=0.04ms
2026-10-02T22:12:14 [DEBUG] engine: Inference: flow_id=b97df63bf2a65052 risk=0.3334 class=1 latency=0.03ms
2026-10-02T22:12:14 [DEBUG] engine: Inference: flow_id=ef9f1ecb6f71cbbe risk=0.3334 class=1 latency=0.02ms
2026-10-02T22:12:14 [DEBUG] flow_state: Skipping non-IP packet (3 similar messages suppressed)
2026-10-02T22:12:26 [DEBUG] flow_state: Flow finalized: flow_id=13960838c7fc6351 reason=TIMEOUT
2026-10-02T22:12:26 [DEBUG] flow_state: Flow finalized: flow_id=05b2c572be2b5578 reason=TIMEOUT
2026-10-02T22:12:26 [DEBUG] flow_state: Flow finalized: flow_id=de446294dfa5aa4b reason=TIMEOUT
2026-10-02T22:12:26 [DEBUG] flow_state: Flow finalized: flow_id=fcec41ace96cc527 reason=TIMEOUT
2026-10-02T22:12:26 [DEBUG] engine: Inference: flow_id=13960838c7fc6351 risk=0.3334 class=1 latency=0.19ms
2026-10-02T22:12:26 [DEBUG] engine: Inference: flow_id=05b2c572be2b5578 risk=0.3334 class=1 latency=0.06ms
2026-10-02T22:12:26 [DEBUG] engine: Inference: flow_id=de446294dfa5aa4b risk=0.3334 class=1 latency=0.03ms
2026-10-02T22:12:26 [DEBUG] engine: Inference: flow_id=fcec41ace96cc527 risk=0.3334 class=1 latency=0.02ms
2026-10-02T22:12:31 [DEBUG] flow_state: Flow finalized: flow_id=4e49ee7c021a0313 reason=TIMEOUT
2026-10-02T22:12:31 [DEBUG] engine: Inference: flow_id=4e49ee7c021a0313 risk=0.3334 class=1 latency=0.20ms
2026-10-02T22:12:34 [DEBUG] flow_state: Skipping non-IP packet (63 similar messages suppressed)
2026-10-02T22:12:37 [DEBUG] flow_state: Flow finalized: flow_id=949678f9fd8cd5da reason=TIMEOUT
2026-10-02T22:12:37 [DEBUG] engine: Inference: flow_id=949678f9fd8cd5da risk=0.3334 class=1 latency=0.27ms
2026-10-02T22:12:44 [DEBUG] flow_state: Flow finalized: flow_id=091819643a129603 reason=TIMEOUT
2026-10-02T22:12:44 [DEBUG] flow_state: Flow finalized: flow_id=f14c997bd693c808 reason=TIMEOUT
2026-10-02T22:12:44 [DEBUG] flow_state: Flow finalized: flow_id=f5a85852435eb49b reason=TIMEOUT
2026-10-02T22:12:44 [DEBUG] flow_state: Flow finalized: flow_id=6951389e0a2f9f00 reason=TIMEOUT
2026-10-02T22:12:44 [DEBUG] engine: Inference: flow_id=091819643a129603 risk=0.3334 class=1 latency=0.19ms
2026-10-02T22:12:44 [DEBUG] engine: Inference: flow_id=f14c997bd693c808 risk=0.3334 class=1 latency=0.04ms
2026-10-02T22:12:44 [DEBUG] engine: Inference: flow_id=f5a85852435eb49b risk=0.3334 class=1 latency=0.03ms
2026-10-02T22:12:44 [DEBUG] engine: Inference: flow_id=6951389e0a2f9f00 risk=0.3334 class=1 latency=0.02ms
2026-10-02T22:12:56 [DEBUG] flow_state: Flow finalized: flow_id=64be54f3863de616 reason=TIMEOUT
2026-10-02T22:12:56 [DEBUG] flow_state: Flow finalized: flow_id=53e21dd1c3d00f86 reason=TIMEOUT
2026-10-02T22:12:56 [DEBUG] flow_state: Flow finalized: flow_id=ffadfbc095ae1ca8 reason=TIMEOUT
2026-10-02T22:12:56 [DEBUG] flow_state: Flow finalized: flow_id=708202d1a5c7ae9d reason=TIMEOUT
2026-10-02T22:12:56 [DEBUG] engine: Inference: flow_id=64be54f3863de616 risk=0.3334 class=1 latency=0.18ms
2026-10-02T22:12:56 [DEBUG] engine: Inference: flow_id=53e21dd1c3d00f86 risk=0.3334 class=1 latency=0.05ms
2026-10-02T22:12:56 [DEBUG] engine: Inference: flow_id=ffadfbc095ae1ca8 risk=0.3334 class=1 latency=0.03ms
2026-10-02T22:12:56 [DEBUG] engine: Inference: flow_id=708202d1a5c7ae9d risk=0.3334 class=1 latency=0.02ms
2026-10-02T22:13:00 [DEBUG] flow_state: Flow finalized: flow_id=736af165e891093e reason=TIMEOUT
2026-10-02T22:13:00 [DEBUG] engine: Inference: flow_id=736af165e891093e risk=0.6459 class=1 latency=1.77ms
2026-10-02T22:13:01 [DEBUG] flow_state: Flow finalized: flow_id=15c00e03eec1092a reason=TIMEOUT
2026-10-02T22:13:01 [DEBUG] engine: Inference: flow_id=15c00e03eec1092a risk=0.3334 class=1 latency=0.21ms
2026-10-02T22:13:04 [DEBUG] flow_state: Skipping non-IP packet (3 similar messages suppressed)
2026-10-02T22:13:07 [DEBUG] flow_state: Flow finalized: flow_id=d944e299f8c45ff9 reason=TIMEOUT
2026-10-02T22:13:07 [DEBUG] engine: Inference: flow_id=d944e299f8c45ff9 risk=0.3334 class=1 latency=0.19ms
2026-10-02T22:13:14 [DEBUG] flow_state: Flow finalized: flow_id=db5c70d04b3d40be reason=TIMEOUT
2026-10-02T22:13:14 [DEBUG] flow_state: Flow finalized: flow_id=5f76867d92b9ac65 reason=TIMEOUT
2026-10-02T22:13:14 [DEBUG] flow_state: Flow finalized: flow_id=6f3a6a73e72582dd reason=TIMEOUT
2026-10-02T22:13:14 [DEBUG] flow_state: Flow finalized: flow_id=76153db207702daa reason=TIMEOUT
2026-10-02T22:13:14 [DEBUG] engine: Inference: flow_id=db5c70d04b3d40be risk=0.3334 class=1 latency=0.20ms
2026-10-02T22:13:14 [DEBUG] engine: Inference: flow_id=5f76867d92b9ac65 risk=0.3334 class=1 latency=0.05ms
2026-10-02T22:13:14 [DEBUG] engine: Inference: flow_id=6f3a6a73e72582dd risk=0.3334 class=1 latency=0.03ms
2026-10-02T22:13:14 [DEBUG] engine: Inference: flow_id=76153db207702daa risk=0.3334 class=1 latency=0.02ms
2026-10-02T22:13:14 [DEBUG] flow_state: Skipping non-IP packet (3 similar messages suppressed)
2026-10-02T22:13:15 [DEBUG] flow_state: Flow finalized: flow_id=25f29852ccaa25c0 reason=TIMEOUT
2026-10-02T22:13:15 [DEBUG] engine: Inference: flow_id=25f29852ccaa25c0 risk=0.3334 class=1 latency=0.24ms
2026-10-02T22:13:26 [DEBUG] flow_state: Flow finalized: flow_id=7e8293399f0fdfbc reason=TIMEOUT
2026-10-02T22:13:26 [DEBUG] flow_state: Flow finalized: flow_id=063c826e8edc25f0 reason=TIMEOUT
2026-10-02T22:13:26 [DEBUG] flow_state: Flow finalized: flow_id=7cf76b3fb22742e4 reason=TIMEOUT
2026-10-02T22:13:26 [DEBUG] flow_state: Flow finalized: flow_id=2f28dac043a4a17b reason=TIMEOUT
2026-10-02T22:13:26 [DEBUG] engine: Inference: flow_id=7e8293399f0fdfbc risk=0.3334 class=1 latency=0.19ms
2026-10-02T22:13:26 [DEBUG] engine: Inference: flow_id=063c826e8edc25f0 risk=0.3334 class=1 latency=0.04ms
2026-10-02T22:13:26 [DEBUG] engine: Inference: flow_id=7cf76b3fb22742e4 risk=0.3334 class=1 latency=0.03ms
2026-10-02T22:13:26 [DEBUG] engine: Inference: flow_id=2f28dac043a4a17b risk=0.3334 class=1 latency=0.02ms
2026-10-02T22:13:30 [DEBUG] flow_state: Flow finalized: flow_id=1a23cf5d83033b0f reason=TIMEOUT
2026-10-02T22:13:30 [DEBUG] engine: Inference: flow_id=1a23cf5d83033b0f risk=0.3334 class=1 latency=0.20ms
2026-10-02T22:13:31 [DEBUG] flow_state: Flow finalized: flow_id=3cea9b17fa3f6357 reason=TIMEOUT
2026-10-02T22:13:31 [DEBUG] engine: Inference: flow_id=3cea9b17fa3f6357 risk=0.3334 class=1 latency=0.20ms
2026-10-02T22:13:34 [DEBUG] flow_state: Skipping non-IP packet (65 similar messages suppressed)
2026-10-02T22:13:37 [DEBUG] flow_state: Flow finalized: flow_id=b7a412335172dab7 reason=TIMEOUT
2026-10-02T22:13:37 [DEBUG] engine: Inference: flow_id=b7a412335172dab7 risk=0.3334 class=1 latency=0.18ms
2026-10-02T22:13:44 [DEBUG] flow_state: Flow finalized: flow_id=296cdeacdde2709f reason=TIMEOUT
2026-10-02T22:13:44 [DEBUG] flow_state: Flow finalized: flow_id=f043f964ae25df82 reason=TIMEOUT
2026-10-02T22:13:44 [DEBUG] flow_state: Flow finalized: flow_id=7bdfcd575e34bcaf reason=TIMEOUT
2026-10-02T22:13:44 [DEBUG] flow_state: Flow finalized: flow_id=e8110bcf22b684e5 reason=TIMEOUT
2026-10-02T22:13:44 [DEBUG] engine: Inference: flow_id=296cdeacdde2709f risk=0.3334 class=1 latency=0.18ms
2026-10-02T22:13:44 [DEBUG] engine: Inference: flow_id=f043f964ae25df82 risk=0.3334 class=1 latency=0.04ms
2026-10-02T22:13:44 [DEBUG] engine: Inference: flow_id=7bdfcd575e34bcaf risk=0.3334 class=1 latency=0.03ms
2026-10-02T22:13:44 [DEBUG] engine: Inference: flow_id=e8110bcf22b684e5 risk=0.3334 class=1 latency=0.02ms
2026-10-02T22:13:45 [DEBUG] flow_state: Flow finalized: flow_id=97e4b8c6f05542ea reason=TIMEOUT
2026-10-02T22:13:45 [DEBUG] engine: Inference: flow_id=97e4b8c6f05542ea risk=0.3334 class=1 latency=0.21ms
2026-10-02T22:13:56 [DEBUG] flow_state: Flow finalized: flow_id=7c59c3750888fe4d reason=TIMEOUT
2026-10-02T22:13:56 [DEBUG] flow_state: Flow finalized: flow_id=fc5c29675cdf087a reason=TIMEOUT
2026-10-02T22:13:56 [DEBUG] flow_state: Flow finalized: flow_id=59af85ae719064b3 reason=TIMEOUT
2026-10-02T22:13:56 [DEBUG] flow_state: Flow finalized: flow_id=8458b97dc84d3979 reason=TIMEOUT
2026-10-02T22:13:56 [DEBUG] engine: Inference: flow_id=7c59c3750888fe4d risk=0.3334 class=1 latency=0.19ms
2026-10-02T22:13:56 [DEBUG] engine: Inference: flow_id=fc5c29675cdf087a risk=0.3334 class=1 latency=0.05ms
2026-10-02T22:13:56 [DEBUG] engine: Inference: flow_id=59af85ae719064b3 risk=0.3334 class=1 latency=0.07ms
2026-10-02T22:13:56 [DEBUG] engine: Inference: flow_id=8458b97dc84d3979 risk=0.3334 class=1 latency=0.04ms
2026-10-02T22:14:01 [DEBUG] flow_state: Flow finalized: flow_id=f1fc1be946c5a1b4 reason=TIMEOUT
2026-10-02T22:14:01 [DEBUG] engine: Inference: flow_id=f1fc1be946c5a1b4 risk=0.3334 class=1 latency=2.10ms
2026-10-02T22:14:04 [DEBUG] flow_state: Skipping non-IP packet (3 similar messages suppressed)
2026-10-02T22:14:07 [DEBUG] flow_state: Flow finalized: flow_id=8c98d74de7e35640 reason=TIMEOUT
2026-10-02T22:14:07 [DEBUG] engine: Inference: flow_id=8c98d74de7e35640 risk=0.3334 class=1 latency=0.13ms
2026-10-02T22:14:13 [DEBUG] flow_state: Flow finalized: flow_id=e283d2c0e0f0721d reason=TIMEOUT
2026-10-02T22:14:13 [DEBUG] flow_state: Flow finalized: flow_id=7b5dac2105efef2f reason=TIMEOUT
2026-10-02T22:14:13 [DEBUG] flow_state: Flow finalized: flow_id=16cabd736e060701 reason=TIMEOUT
2026-10-02T22:14:13 [DEBUG] flow_state: Flow finalized: flow_id=6cd11a2d829565bd reason=TIMEOUT
2026-10-02T22:14:13 [DEBUG] engine: Inference: flow_id=e283d2c0e0f0721d risk=0.3334 class=1 latency=0.19ms
2026-10-02T22:14:13 [DEBUG] engine: Inference: flow_id=7b5dac2105efef2f risk=0.3334 class=1 latency=0.05ms
2026-10-02T22:14:13 [DEBUG] engine: Inference: flow_id=16cabd736e060701 risk=0.3334 class=1 latency=0.03ms
2026-10-02T22:14:13 [DEBUG] engine: Inference: flow_id=6cd11a2d829565bd risk=0.3334 class=1 latency=0.02ms
2026-10-02T22:14:14 [DEBUG] flow_state: Skipping non-IP packet (3 similar messages suppressed)
2026-10-02T22:14:26 [DEBUG] flow_state: Flow finalized: flow_id=a5087e2e3160154b reason=TIMEOUT
2026-10-02T22:14:26 [DEBUG] flow_state: Flow finalized: flow_id=32b2f459fd4766d9 reason=TIMEOUT
2026-10-02T22:14:26 [DEBUG] flow_state: Flow finalized: flow_id=af69affcff3b74be reason=TIMEOUT
2026-10-02T22:14:26 [DEBUG] flow_state: Flow finalized: flow_id=fe9129e7566e63c8 reason=TIMEOUT
2026-10-02T22:14:26 [DEBUG] engine: Inference: flow_id=a5087e2e3160154b risk=0.3334 class=1 latency=0.18ms
2026-10-02T22:14:26 [DEBUG] engine: Inference: flow_id=32b2f459fd4766d9 risk=0.3334 class=1 latency=0.05ms
2026-10-02T22:14:26 [DEBUG] engine: Inference: flow_id=af69affcff3b74be risk=0.3334 class=1 latency=0.03ms
2026-10-02T22:14:26 [DEBUG] engine: Inference: flow_id=fe9129e7566e63c8 risk=0.3334 class=1 latency=0.02ms
2026-10-02T22:14:31 [DEBUG] flow_state: Flow finalized: flow_id=68600da261918f80 reason=TIMEOUT
2026-10-02T22:14:31 [DEBUG] engine: Inference: flow_id=68600da261918f80 risk=0.3334 class=1 latency=0.24ms
2026-10-02T22:14:34 [DEBUG] flow_state: Skipping non-IP packet (57 similar messages suppressed)
2026-10-02T22:14:37 [DEBUG] flow_state: Flow finalized: flow_id=313038184666934a reason=TIMEOUT
2026-10-02T22:14:37 [DEBUG] engine: Inference: flow_id=313038184666934a risk=0.3334 class=1 latency=1.28ms
2026-10-02T22:14:43 [DEBUG] flow_state: Flow finalized: flow_id=d1ff57589b042d6b reason=FIN
2026-10-02T22:14:43 [DEBUG] flow_state: Flow finalized: flow_id=529977aee04d77aa reason=FIN
2026-10-02T22:14:43 [DEBUG] engine: Inference: flow_id=d1ff57589b042d6b risk=0.7928 class=1 latency=0.56ms
2026-10-02T22:14:43 [DEBUG] engine: Inference: flow_id=529977aee04d77aa risk=0.3334 class=1 latency=0.11ms
2026-10-02T22:14:43 [DEBUG] flow_state: Flow finalized: flow_id=9acd48cc8c45edd5 reason=TIMEOUT
2026-10-02T22:14:43 [DEBUG] flow_state: Flow finalized: flow_id=0a5695030551d221 reason=TIMEOUT
2026-10-02T22:14:43 [DEBUG] flow_state: Flow finalized: flow_id=49d7e1b33b93f7a4 reason=TIMEOUT
2026-10-02T22:14:43 [DEBUG] flow_state: Flow finalized: flow_id=b7f42fef3f4f5122 reason=TIMEOUT
2026-10-02T22:14:43 [DEBUG] engine: Inference: flow_id=9acd48cc8c45edd5 risk=0.3334 class=1 latency=0.15ms
2026-10-02T22:14:43 [DEBUG] engine: Inference: flow_id=0a5695030551d221 risk=0.3334 class=1 latency=0.05ms
2026-10-02T22:14:43 [DEBUG] engine: Inference: flow_id=49d7e1b33b93f7a4 risk=0.3334 class=1 latency=0.03ms
2026-10-02T22:14:43 [DEBUG] engine: Inference: flow_id=b7f42fef3f4f5122 risk=0.3334 class=1 latency=0.02ms
2026-10-02T22:14:56 [DEBUG] flow_state: Flow finalized: flow_id=b12f61d0d9af11b2 reason=TIMEOUT
2026-10-02T22:14:56 [DEBUG] flow_state: Flow finalized: flow_id=9031c40f85799bcd reason=TIMEOUT
2026-10-02T22:14:56 [DEBUG] flow_state: Flow finalized: flow_id=e43054c329229a3a reason=TIMEOUT
2026-10-02T22:14:56 [DEBUG] flow_state: Flow finalized: flow_id=b2d40405817bdad0 reason=TIMEOUT
2026-10-02T22:14:56 [DEBUG] engine: Inference: flow_id=b12f61d0d9af11b2 risk=0.3334 class=1 latency=0.18ms
2026-10-02T22:14:56 [DEBUG] engine: Inference: flow_id=9031c40f85799bcd risk=0.3334 class=1 latency=0.05ms
2026-10-02T22:14:56 [DEBUG] engine: Inference: flow_id=e43054c329229a3a risk=0.3334 class=1 latency=0.03ms
2026-10-02T22:14:56 [DEBUG] engine: Inference: flow_id=b2d40405817bdad0 risk=0.3334 class=1 latency=0.02ms
2026-10-02T22:14:58 [DEBUG] flow_state: Flow finalized: flow_id=5837928c80ac25c7 reason=TIMEOUT
2026-10-02T22:14:58 [DEBUG] engine: Inference: flow_id=5837928c80ac25c7 risk=0.3334 class=1 latency=0.21ms
2026-10-02T22:15:01 [DEBUG] flow_state: Flow finalized: flow_id=ba7c8e5c71de180c reason=FIN
2026-10-02T22:15:01 [DEBUG] flow_state: Flow finalized: flow_id=bf97a1719c527927 reason=FIN
2026-10-02T22:15:01 [DEBUG] engine: Inference: flow_id=ba7c8e5c71de180c risk=0.7928 class=1 latency=0.55ms
2026-10-02T22:15:01 [DEBUG] engine: Inference: flow_id=bf97a1719c527927 risk=0.3334 class=1 latency=0.09ms
2026-10-02T22:15:01 [DEBUG] flow_state: Flow finalized: flow_id=0818b227fb884aab reason=TIMEOUT
2026-10-02T22:15:01 [DEBUG] engine: Inference: flow_id=0818b227fb884aab risk=0.3334 class=1 latency=0.16ms
2026-10-02T22:15:04 [DEBUG] flow_state: Skipping non-IP packet (3 similar messages suppressed)
2026-10-02T22:15:07 [DEBUG] flow_state: Flow finalized: flow_id=9bebc6ff9d016e9d reason=TIMEOUT
2026-10-02T22:15:07 [DEBUG] engine: Inference: flow_id=9bebc6ff9d016e9d risk=0.3334 class=1 latency=0.15ms
2026-10-02T22:15:13 [DEBUG] flow_state: Flow finalized: flow_id=7fd800c3f4f98417 reason=TIMEOUT
2026-10-02T22:15:13 [DEBUG] flow_state: Flow finalized: flow_id=4f654368668cc83c reason=TIMEOUT
2026-10-02T22:15:13 [DEBUG] flow_state: Flow finalized: flow_id=7d32776d0a273991 reason=TIMEOUT
2026-10-02T22:15:13 [DEBUG] flow_state: Flow finalized: flow_id=938844917efa8efb reason=TIMEOUT
2026-10-02T22:15:13 [DEBUG] engine: Inference: flow_id=7fd800c3f4f98417 risk=0.3334 class=1 latency=0.20ms
2026-10-02T22:15:13 [DEBUG] engine: Inference: flow_id=4f654368668cc83c risk=0.3334 class=1 latency=0.05ms
2026-10-02T22:15:13 [DEBUG] engine: Inference: flow_id=7d32776d0a273991 risk=0.3334 class=1 latency=0.03ms
2026-10-02T22:15:13 [DEBUG] engine: Inference: flow_id=938844917efa8efb risk=0.3334 class=1 latency=0.02ms
2026-10-02T22:15:14 [DEBUG] flow_state: Skipping non-IP packet (3 similar messages suppressed)
2026-10-02T22:15:16 [DEBUG] flow_state: Flow finalized: flow_id=2e9efebc2a49ad76 reason=TIMEOUT
2026-10-02T22:15:16 [DEBUG] engine: Inference: flow_id=2e9efebc2a49ad76 risk=0.3334 class=1 latency=2.00ms
2026-10-02T22:15:24 [DEBUG] flow_state: Skipping non-IP packet (65 similar messages suppressed)
2026-10-02T22:15:26 [DEBUG] flow_state: Flow finalized: flow_id=2205b9d4df274a63 reason=TIMEOUT
2026-10-02T22:15:26 [DEBUG] flow_state: Flow finalized: flow_id=f7ab42063b7a6980 reason=TIMEOUT
2026-10-02T22:15:26 [DEBUG] flow_state: Flow finalized: flow_id=a4c005cca18ce1cf reason=TIMEOUT
2026-10-02T22:15:26 [DEBUG] flow_state: Flow finalized: flow_id=cddff2b5d4fc1c0c reason=TIMEOUT
2026-10-02T22:15:26 [DEBUG] engine: Inference: flow_id=2205b9d4df274a63 risk=0.3334 class=1 latency=0.19ms
2026-10-02T22:15:26 [DEBUG] engine: Inference: flow_id=f7ab42063b7a6980 risk=0.3334 class=1 latency=0.06ms
2026-10-02T22:15:26 [DEBUG] engine: Inference: flow_id=a4c005cca18ce1cf risk=0.3334 class=1 latency=0.03ms
2026-10-02T22:15:26 [DEBUG] engine: Inference: flow_id=cddff2b5d4fc1c0c risk=0.3334 class=1 latency=0.03ms
2026-10-02T22:15:31 [DEBUG] flow_state: Flow finalized: flow_id=b62897ce1fb990cf reason=TIMEOUT
2026-10-02T22:15:31 [DEBUG] engine: Inference: flow_id=b62897ce1fb990cf risk=0.3334 class=1 latency=0.19ms
2026-10-02T22:15:34 [DEBUG] flow_state: Skipping non-IP packet (1 similar messages suppressed)
2026-10-02T22:15:37 [DEBUG] flow_state: Flow finalized: flow_id=d553821f1c37f5e3 reason=TIMEOUT
2026-10-02T22:15:37 [DEBUG] engine: Inference: flow_id=d553821f1c37f5e3 risk=0.3334 class=1 latency=1.12ms
2026-10-02T22:15:40 [DEBUG] flow_state: Flow finalized: flow_id=68489ae41e106dbf reason=TIMEOUT
2026-10-02T22:15:40 [DEBUG] flow_state: Flow finalized: flow_id=3a3d9d6d2948766f reason=TIMEOUT
2026-10-02T22:15:40 [DEBUG] engine: Inference: flow_id=68489ae41e106dbf risk=0.3334 class=1 latency=0.20ms
2026-10-02T22:15:40 [DEBUG] engine: Inference: flow_id=3a3d9d6d2948766f risk=0.3334 class=1 latency=0.07ms
2026-10-02T22:15:41 [DEBUG] flow_state: Skipping non-IP packet (3 similar messages suppressed)
2026-10-02T22:15:42 [DEBUG] flow_state: Skipping non-IP packet (1 similar messages suppressed)
2026-10-02T22:15:43 [DEBUG] flow_state: Flow finalized: flow_id=fe6ae7d7dc137fbb reason=TIMEOUT
2026-10-02T22:15:43 [DEBUG] flow_state: Flow finalized: flow_id=ba3f9a690ce84c9d reason=TIMEOUT
2026-10-02T22:15:43 [DEBUG] flow_state: Flow finalized: flow_id=3aa50e90a06d591f reason=TIMEOUT
2026-10-02T22:15:43 [DEBUG] flow_state: Flow finalized: flow_id=d2c14d6323b035ac reason=TIMEOUT
2026-10-02T22:15:43 [DEBUG] engine: Inference: flow_id=fe6ae7d7dc137fbb risk=0.3334 class=1 latency=0.18ms
2026-10-02T22:15:43 [DEBUG] engine: Inference: flow_id=ba3f9a690ce84c9d risk=0.3334 class=1 latency=0.05ms
2026-10-02T22:15:43 [DEBUG] engine: Inference: flow_id=3aa50e90a06d591f risk=0.3334 class=1 latency=0.03ms
2026-10-02T22:15:43 [DEBUG] engine: Inference: flow_id=d2c14d6323b035ac risk=0.3334 class=1 latency=0.02ms
2026-10-02T22:15:45 [DEBUG] flow_state: Skipping non-IP packet (1 similar messages suppressed)
2026-10-02T22:15:47 [DEBUG] flow_state: Skipping non-IP packet (1 similar messages suppressed)
2026-10-02T22:15:48 [DEBUG] flow_state: Skipping non-IP packet (1 similar messages suppressed)
2026-10-02T22:15:51 [DEBUG] flow_state: Skipping non-IP packet (1 similar messages suppressed)
2026-10-02T22:15:53 [DEBUG] flow_state: Skipping non-IP packet (1 similar messages suppressed)
2026-10-02T22:15:54 [DEBUG] flow_state: Skipping non-IP packet (1 similar messages suppressed)
2026-10-02T22:15:56 [DEBUG] flow_state: Flow finalized: flow_id=4101fd078a75d4e3 reason=TIMEOUT
2026-10-02T22:15:56 [DEBUG] flow_state: Flow finalized: flow_id=8063557850663cf7 reason=TIMEOUT
2026-10-02T22:15:56 [DEBUG] flow_state: Flow finalized: flow_id=6c74e3c2ffefc993 reason=TIMEOUT
2026-10-02T22:15:56 [DEBUG] flow_state: Flow finalized: flow_id=fd832ffd0dfa2377 reason=TIMEOUT
2026-10-02T22:15:56 [DEBUG] engine: Inference: flow_id=4101fd078a75d4e3 risk=0.3334 class=1 latency=0.19ms
2026-10-02T22:15:56 [DEBUG] engine: Inference: flow_id=8063557850663cf7 risk=0.3334 class=1 latency=0.05ms
2026-10-02T22:15:56 [DEBUG] engine: Inference: flow_id=6c74e3c2ffefc993 risk=0.3334 class=1 latency=0.02ms
2026-10-02T22:15:56 [DEBUG] engine: Inference: flow_id=fd832ffd0dfa2377 risk=0.3334 class=1 latency=0.02ms
2026-10-02T22:15:57 [DEBUG] flow_state: Skipping non-IP packet (1 similar messages suppressed)
2026-10-02T22:16:00 [DEBUG] flow_state: Flow finalized: flow_id=acc26d837b37397d reason=TIMEOUT
2026-10-02T22:16:00 [DEBUG] engine: Inference: flow_id=acc26d837b37397d risk=0.3334 class=1 latency=1.93ms
2026-10-02T22:16:04 [DEBUG] flow_state: Skipping non-IP packet (1 similar messages suppressed)
2026-10-02T22:16:06 [DEBUG] flow_state: Skipping non-IP packet (3 similar messages suppressed)
2026-10-02T22:16:08 [DEBUG] flow_state: Flow finalized: flow_id=174c7fffeb97365f reason=TIMEOUT
2026-10-02T22:16:08 [DEBUG] engine: Inference: flow_id=174c7fffeb97365f risk=0.3334 class=1 latency=0.13ms
2026-10-02T22:16:14 [DEBUG] flow_state: Flow finalized: flow_id=7fbfcb79e49d740c reason=TIMEOUT
2026-10-02T22:16:14 [DEBUG] flow_state: Flow finalized: flow_id=3658299504456ff9 reason=TIMEOUT
2026-10-02T22:16:14 [DEBUG] flow_state: Flow finalized: flow_id=d5591a620f993e43 reason=TIMEOUT
2026-10-02T22:16:14 [DEBUG] flow_state: Flow finalized: flow_id=3711fb1f6695ad2a reason=TIMEOUT
2026-10-02T22:16:14 [DEBUG] engine: Inference: flow_id=7fbfcb79e49d740c risk=0.3334 class=1 latency=0.19ms
2026-10-02T22:16:14 [DEBUG] engine: Inference: flow_id=3658299504456ff9 risk=0.3334 class=1 latency=0.04ms
2026-10-02T22:16:14 [DEBUG] engine: Inference: flow_id=d5591a620f993e43 risk=0.3334 class=1 latency=0.02ms
2026-10-02T22:16:14 [DEBUG] engine: Inference: flow_id=3711fb1f6695ad2a risk=0.3334 class=1 latency=0.02ms
2026-10-02T22:16:14 [DEBUG] flow_state: Skipping non-IP packet (1 similar messages suppressed)
2026-10-02T22:16:22 [DEBUG] flow_state: Flow finalized: flow_id=65742e3fb3af0895 reason=TIMEOUT
2026-10-02T22:16:22 [DEBUG] flow_state: Flow finalized: flow_id=d1d8e1569aab1bb5 reason=TIMEOUT
2026-10-02T22:16:22 [DEBUG] engine: Inference: flow_id=65742e3fb3af0895 risk=0.7469 class=1 latency=2.68ms
2026-10-02T22:16:22 [DEBUG] engine: Inference: flow_id=d1d8e1569aab1bb5 risk=0.7469 class=1 latency=0.08ms
2026-10-02T22:16:27 [DEBUG] flow_state: Flow finalized: flow_id=e024a04769cee148 reason=TIMEOUT
2026-10-02T22:16:27 [DEBUG] flow_state: Flow finalized: flow_id=4f0d519e4e2cf407 reason=TIMEOUT
2026-10-02T22:16:27 [DEBUG] flow_state: Flow finalized: flow_id=dc43a15b6ad77d6c reason=TIMEOUT
2026-10-02T22:16:27 [DEBUG] flow_state: Flow finalized: flow_id=2150663e0d53d4b1 reason=TIMEOUT
2026-10-02T22:16:27 [DEBUG] engine: Inference: flow_id=e024a04769cee148 risk=0.3334 class=1 latency=0.20ms
2026-10-02T22:16:27 [DEBUG] engine: Inference: flow_id=4f0d519e4e2cf407 risk=0.3334 class=1 latency=0.06ms
2026-10-02T22:16:27 [DEBUG] engine: Inference: flow_id=dc43a15b6ad77d6c risk=0.3334 class=1 latency=0.03ms
2026-10-02T22:16:27 [DEBUG] engine: Inference: flow_id=2150663e0d53d4b1 risk=0.3334 class=1 latency=0.02ms
2026-10-02T22:16:31 [DEBUG] flow_state: Flow finalized: flow_id=6aaf0777ccd2ca69 reason=TIMEOUT
2026-10-02T22:16:31 [DEBUG] engine: Inference: flow_id=6aaf0777ccd2ca69 risk=0.3334 class=1 latency=3.19ms
2026-10-02T22:16:33 [DEBUG] flow_state: Skipping non-IP packet (65 similar messages suppressed)
2026-10-02T22:16:34 [DEBUG] flow_state: Skipping non-IP packet (1 similar messages suppressed)
2026-10-02T22:16:37 [DEBUG] flow_state: Flow finalized: flow_id=d9c3144bc41beb6a reason=TIMEOUT
2026-10-02T22:16:37 [DEBUG] engine: Inference: flow_id=d9c3144bc41beb6a risk=0.3334 class=1 latency=0.19ms
2026-10-02T22:16:44 [DEBUG] flow_state: Flow finalized: flow_id=fae538efa1ced03d reason=TIMEOUT
2026-10-02T22:16:44 [DEBUG] flow_state: Flow finalized: flow_id=7a261c137ab19c79 reason=TIMEOUT
2026-10-02T22:16:44 [DEBUG] flow_state: Flow finalized: flow_id=5dedf881570eb70b reason=TIMEOUT
2026-10-02T22:16:44 [DEBUG] flow_state: Flow finalized: flow_id=2ce28f0931d55f18 reason=TIMEOUT
2026-10-02T22:16:44 [DEBUG] engine: Inference: flow_id=fae538efa1ced03d risk=0.3334 class=1 latency=0.18ms
2026-10-02T22:16:44 [DEBUG] engine: Inference: flow_id=7a261c137ab19c79 risk=0.3334 class=1 latency=0.05ms
2026-10-02T22:16:44 [DEBUG] engine: Inference: flow_id=5dedf881570eb70b risk=0.3334 class=1 latency=0.03ms
2026-10-02T22:16:44 [DEBUG] engine: Inference: flow_id=2ce28f0931d55f18 risk=0.3334 class=1 latency=0.02ms
2026-10-02T22:16:49 [DEBUG] flow_state: Flow finalized: flow_id=0c0f8f5fcdb85731 reason=TIMEOUT
2026-10-02T22:16:49 [DEBUG] flow_state: Flow finalized: flow_id=723b9a87bbacf4f3 reason=TIMEOUT
2026-10-02T22:16:49 [DEBUG] engine: Inference: flow_id=0c0f8f5fcdb85731 risk=0.3334 class=1 latency=1.38ms
2026-10-02T22:16:49 [DEBUG] engine: Inference: flow_id=723b9a87bbacf4f3 risk=0.3334 class=1 latency=0.09ms
2026-10-02T22:16:56 [DEBUG] flow_state: Flow finalized: flow_id=28d7399cc4ebb922 reason=TIMEOUT
2026-10-02T22:16:56 [DEBUG] flow_state: Flow finalized: flow_id=605d62745232b587 reason=TIMEOUT
2026-10-02T22:16:56 [DEBUG] flow_state: Flow finalized: flow_id=227d71d01d80fbf7 reason=TIMEOUT
2026-10-02T22:16:56 [DEBUG] flow_state: Flow finalized: flow_id=b5c01324d35ddd4e reason=TIMEOUT
2026-10-02T22:16:56 [DEBUG] engine: Inference: flow_id=28d7399cc4ebb922 risk=0.3334 class=1 latency=1.30ms
2026-10-02T22:16:56 [DEBUG] engine: Inference: flow_id=605d62745232b587 risk=0.3334 class=1 latency=0.06ms
2026-10-02T22:16:56 [DEBUG] engine: Inference: flow_id=227d71d01d80fbf7 risk=0.3334 class=1 latency=0.02ms
2026-10-02T22:16:56 [DEBUG] engine: Inference: flow_id=b5c01324d35ddd4e risk=0.3334 class=1 latency=0.02ms
2026-10-02T22:17:01 [DEBUG] flow_state: Flow finalized: flow_id=77f25b4dc7f93a21 reason=TIMEOUT
2026-10-02T22:17:01 [DEBUG] engine: Inference: flow_id=77f25b4dc7f93a21 risk=0.3334 class=1 latency=0.19ms
2026-10-02T22:17:04 [DEBUG] flow_state: Skipping non-IP packet (3 similar messages suppressed)
2026-10-02T22:17:07 [DEBUG] flow_state: Flow finalized: flow_id=b0ad20e1dba45f71 reason=TIMEOUT
2026-10-02T22:17:07 [DEBUG] engine: Inference: flow_id=b0ad20e1dba45f71 risk=0.3334 class=1 latency=0.23ms
2026-10-02T22:17:14 [DEBUG] flow_state: Flow finalized: flow_id=d3ea9653d4730d39 reason=TIMEOUT
2026-10-02T22:17:14 [DEBUG] flow_state: Flow finalized: flow_id=e10bd74ee43a5378 reason=TIMEOUT
2026-10-02T22:17:14 [DEBUG] flow_state: Flow finalized: flow_id=032300d6aa877ee6 reason=TIMEOUT
2026-10-02T22:17:14 [DEBUG] flow_state: Flow finalized: flow_id=a89718f10a4799ff reason=TIMEOUT
2026-10-02T22:17:14 [DEBUG] engine: Inference: flow_id=d3ea9653d4730d39 risk=0.3334 class=1 latency=0.18ms
2026-10-02T22:17:14 [DEBUG] engine: Inference: flow_id=e10bd74ee43a5378 risk=0.3334 class=1 latency=0.04ms
2026-10-02T22:17:14 [DEBUG] engine: Inference: flow_id=032300d6aa877ee6 risk=0.3334 class=1 latency=0.02ms
2026-10-02T22:17:14 [DEBUG] engine: Inference: flow_id=a89718f10a4799ff risk=0.3334 class=1 latency=0.02ms
2026-10-02T22:17:14 [DEBUG] flow_state: Skipping non-IP packet (3 similar messages suppressed)
2026-10-02T22:17:26 [DEBUG] flow_state: Flow finalized: flow_id=9648ce69455765bd reason=TIMEOUT
2026-10-02T22:17:26 [DEBUG] flow_state: Flow finalized: flow_id=f752bff708cb1770 reason=TIMEOUT
2026-10-02T22:17:26 [DEBUG] flow_state: Flow finalized: flow_id=9929ff39f1d7d4c2 reason=TIMEOUT
2026-10-02T22:17:26 [DEBUG] flow_state: Flow finalized: flow_id=466f756793bf7e10 reason=TIMEOUT
2026-10-02T22:17:26 [DEBUG] engine: Inference: flow_id=9648ce69455765bd risk=0.3334 class=1 latency=0.18ms
2026-10-02T22:17:26 [DEBUG] engine: Inference: flow_id=f752bff708cb1770 risk=0.3334 class=1 latency=0.05ms
2026-10-02T22:17:26 [DEBUG] engine: Inference: flow_id=9929ff39f1d7d4c2 risk=0.3334 class=1 latency=0.02ms
2026-10-02T22:17:26 [DEBUG] engine: Inference: flow_id=466f756793bf7e10 risk=0.3334 class=1 latency=0.02ms
2026-10-02T22:17:31 [DEBUG] flow_state: Flow finalized: flow_id=b2e3b2fad886fc6f reason=TIMEOUT
2026-10-02T22:17:31 [DEBUG] engine: Inference: flow_id=b2e3b2fad886fc6f risk=0.3334 class=1 latency=0.19ms
2026-10-02T22:17:34 [DEBUG] flow_state: Skipping non-IP packet (65 similar messages suppressed)
2026-10-02T22:17:37 [DEBUG] flow_state: Flow finalized: flow_id=57c8c72d4ed49f69 reason=TIMEOUT
2026-10-02T22:17:37 [DEBUG] engine: Inference: flow_id=57c8c72d4ed49f69 risk=0.3334 class=1 latency=0.19ms
2026-10-02T22:17:44 [DEBUG] flow_state: Flow finalized: flow_id=b98337a9e80ffb7e reason=TIMEOUT
2026-10-02T22:17:44 [DEBUG] flow_state: Flow finalized: flow_id=d1b8792d0614c7c8 reason=TIMEOUT
2026-10-02T22:17:44 [DEBUG] flow_state: Flow finalized: flow_id=c0c9b5ee67b4f723 reason=TIMEOUT
2026-10-02T22:17:44 [DEBUG] flow_state: Flow finalized: flow_id=03f6bf047e4a2686 reason=TIMEOUT
2026-10-02T22:17:44 [DEBUG] engine: Inference: flow_id=b98337a9e80ffb7e risk=0.3334 class=1 latency=1.90ms
2026-10-02T22:17:44 [DEBUG] engine: Inference: flow_id=d1b8792d0614c7c8 risk=0.3334 class=1 latency=0.08ms
2026-10-02T22:17:44 [DEBUG] engine: Inference: flow_id=c0c9b5ee67b4f723 risk=0.3334 class=1 latency=0.03ms
2026-10-02T22:17:44 [DEBUG] engine: Inference: flow_id=03f6bf047e4a2686 risk=0.3334 class=1 latency=0.02ms
2026-10-02T22:17:54 [DEBUG] flow_state: Skipping non-IP packet (3 similar messages suppressed)
2026-10-02T22:17:56 [DEBUG] flow_state: Flow finalized: flow_id=81e1dc6b2779d9ec reason=TIMEOUT
2026-10-02T22:17:56 [DEBUG] flow_state: Flow finalized: flow_id=f55e9b14da7ff210 reason=TIMEOUT
2026-10-02T22:17:56 [DEBUG] flow_state: Flow finalized: flow_id=b55e3e1023545ac5 reason=TIMEOUT
2026-10-02T22:17:56 [DEBUG] flow_state: Flow finalized: flow_id=2f3927c3e908fb84 reason=TIMEOUT
2026-10-02T22:17:56 [DEBUG] engine: Inference: flow_id=81e1dc6b2779d9ec risk=0.3334 class=1 latency=1.84ms
2026-10-02T22:17:56 [DEBUG] engine: Inference: flow_id=f55e9b14da7ff210 risk=0.3334 class=1 latency=0.08ms
2026-10-02T22:17:56 [DEBUG] engine: Inference: flow_id=b55e3e1023545ac5 risk=0.3334 class=1 latency=0.03ms
2026-10-02T22:17:56 [DEBUG] engine: Inference: flow_id=2f3927c3e908fb84 risk=0.3334 class=1 latency=0.02ms
2026-10-02T22:18:01 [DEBUG] flow_state: Flow finalized: flow_id=f193ccbbd68d73ef reason=TIMEOUT
2026-10-02T22:18:01 [DEBUG] engine: Inference: flow_id=f193ccbbd68d73ef risk=0.3334 class=1 latency=0.14ms
2026-10-02T22:18:04 [DEBUG] flow_state: Skipping non-IP packet (1 similar messages suppressed)
2026-10-02T22:18:07 [DEBUG] flow_state: Flow finalized: flow_id=8225e8c3f0780b9e reason=TIMEOUT
2026-10-02T22:18:07 [DEBUG] engine: Inference: flow_id=8225e8c3f0780b9e risk=0.3334 class=1 latency=0.21ms
2026-10-02T22:18:10 [DEBUG] flow_state: Flow finalized: flow_id=f9ce2354e8d388b5 reason=TIMEOUT
2026-10-02T22:18:10 [DEBUG] flow_state: Flow finalized: flow_id=4890db6091f3c1ac reason=TIMEOUT
2026-10-02T22:18:10 [DEBUG] engine: Inference: flow_id=f9ce2354e8d388b5 risk=0.3334 class=1 latency=3.03ms
2026-10-02T22:18:10 [DEBUG] engine: Inference: flow_id=4890db6091f3c1ac risk=0.3334 class=1 latency=0.10ms
2026-10-02T22:18:14 [DEBUG] flow_state: Flow finalized: flow_id=17df12526cd50590 reason=TIMEOUT
2026-10-02T22:18:14 [DEBUG] flow_state: Flow finalized: flow_id=c07274df97d943a2 reason=TIMEOUT
2026-10-02T22:18:14 [DEBUG] flow_state: Flow finalized: flow_id=896c10dd83daf51e reason=TIMEOUT
2026-10-02T22:18:14 [DEBUG] flow_state: Flow finalized: flow_id=eac6e787a2373c38 reason=TIMEOUT
2026-10-02T22:18:14 [DEBUG] engine: Inference: flow_id=17df12526cd50590 risk=0.3334 class=1 latency=0.21ms
2026-10-02T22:18:14 [DEBUG] engine: Inference: flow_id=c07274df97d943a2 risk=0.3334 class=1 latency=0.06ms
2026-10-02T22:18:14 [DEBUG] engine: Inference: flow_id=896c10dd83daf51e risk=0.3334 class=1 latency=0.04ms
2026-10-02T22:18:14 [DEBUG] engine: Inference: flow_id=eac6e787a2373c38 risk=0.3334 class=1 latency=0.03ms
2026-10-02T22:18:14 [DEBUG] flow_state: Skipping non-IP packet (3 similar messages suppressed)
2026-10-02T22:18:26 [DEBUG] flow_state: Flow finalized: flow_id=1f0e0659097b4a9c reason=TIMEOUT
2026-10-02T22:18:26 [DEBUG] flow_state: Flow finalized: flow_id=3d4a9ecf92c40ae0 reason=TIMEOUT
2026-10-02T22:18:26 [DEBUG] flow_state: Flow finalized: flow_id=fbe31f46b725e8ce reason=TIMEOUT
2026-10-02T22:18:26 [DEBUG] flow_state: Flow finalized: flow_id=1affc64154a0e200 reason=TIMEOUT
2026-10-02T22:18:26 [DEBUG] engine: Inference: flow_id=1f0e0659097b4a9c risk=0.3334 class=1 latency=0.18ms
2026-10-02T22:18:26 [DEBUG] engine: Inference: flow_id=3d4a9ecf92c40ae0 risk=0.3334 class=1 latency=0.04ms
2026-10-02T22:18:26 [DEBUG] engine: Inference: flow_id=fbe31f46b725e8ce risk=0.3334 class=1 latency=0.02ms
2026-10-02T22:18:26 [DEBUG] engine: Inference: flow_id=1affc64154a0e200 risk=0.3334 class=1 latency=0.02ms
2026-10-02T22:18:31 [DEBUG] flow_state: Flow finalized: flow_id=47aa9cdbff25f4e8 reason=TIMEOUT
2026-10-02T22:18:31 [DEBUG] engine: Inference: flow_id=47aa9cdbff25f4e8 risk=0.3334 class=1 latency=0.18ms
2026-10-02T22:18:34 [DEBUG] flow_state: Skipping non-IP packet (53 similar messages suppressed)
2026-10-02T22:18:37 [DEBUG] flow_state: Flow finalized: flow_id=6f058253a3bb102a reason=TIMEOUT
2026-10-02T22:18:37 [DEBUG] engine: Inference: flow_id=6f058253a3bb102a risk=0.3334 class=1 latency=1.29ms
2026-10-02T22:18:43 [DEBUG] flow_state: Flow finalized: flow_id=e2d2cdd135a9932c reason=TIMEOUT
2026-10-02T22:18:43 [DEBUG] flow_state: Flow finalized: flow_id=6b7deda8463e3ec5 reason=TIMEOUT
2026-10-02T22:18:43 [DEBUG] flow_state: Flow finalized: flow_id=c9dc7316f5bb14f9 reason=TIMEOUT
2026-10-02T22:18:43 [DEBUG] flow_state: Flow finalized: flow_id=f71bc6f29681a712 reason=TIMEOUT
2026-10-02T22:18:43 [DEBUG] engine: Inference: flow_id=e2d2cdd135a9932c risk=0.3334 class=1 latency=0.20ms
2026-10-02T22:18:43 [DEBUG] engine: Inference: flow_id=6b7deda8463e3ec5 risk=0.3334 class=1 latency=0.06ms
2026-10-02T22:18:43 [DEBUG] engine: Inference: flow_id=c9dc7316f5bb14f9 risk=0.3334 class=1 latency=0.03ms
2026-10-02T22:18:43 [DEBUG] engine: Inference: flow_id=f71bc6f29681a712 risk=0.3334 class=1 latency=0.06ms
2026-10-02T22:18:56 [DEBUG] flow_state: Flow finalized: flow_id=eb673972f3708bee reason=TIMEOUT
2026-10-02T22:18:56 [DEBUG] flow_state: Flow finalized: flow_id=1881075775f66db2 reason=TIMEOUT
2026-10-02T22:18:56 [DEBUG] flow_state: Flow finalized: flow_id=c9ed85c71d425ce5 reason=TIMEOUT
2026-10-02T22:18:56 [DEBUG] flow_state: Flow finalized: flow_id=192490de2cdae46a reason=TIMEOUT
2026-10-02T22:18:56 [DEBUG] engine: Inference: flow_id=eb673972f3708bee risk=0.3334 class=1 latency=0.18ms
2026-10-02T22:18:56 [DEBUG] engine: Inference: flow_id=1881075775f66db2 risk=0.3334 class=1 latency=0.03ms
2026-10-02T22:18:56 [DEBUG] engine: Inference: flow_id=c9ed85c71d425ce5 risk=0.3334 class=1 latency=0.02ms
2026-10-02T22:18:56 [DEBUG] engine: Inference: flow_id=192490de2cdae46a risk=0.3334 class=1 latency=0.02ms
2026-10-02T22:19:01 [DEBUG] flow_state: Flow finalized: flow_id=7d88b9e75edfbd79 reason=TIMEOUT
2026-10-02T22:19:01 [DEBUG] engine: Inference: flow_id=7d88b9e75edfbd79 risk=0.3334 class=1 latency=0.20ms
2026-10-02T22:19:04 [DEBUG] flow_state: Skipping non-IP packet (3 similar messages suppressed)
2026-10-02T22:19:07 [DEBUG] flow_state: Flow finalized: flow_id=80fccd9a838f206d reason=TIMEOUT
2026-10-02T22:19:07 [DEBUG] engine: Inference: flow_id=80fccd9a838f206d risk=0.3334 class=1 latency=1.29ms
2026-10-02T22:19:13 [DEBUG] flow_state: Flow finalized: flow_id=d80866e36d212ca0 reason=TIMEOUT
2026-10-02T22:19:13 [DEBUG] flow_state: Flow finalized: flow_id=d5966ec82ece1037 reason=TIMEOUT
2026-10-02T22:19:13 [DEBUG] flow_state: Flow finalized: flow_id=4e9de17d9baeb536 reason=TIMEOUT
2026-10-02T22:19:13 [DEBUG] flow_state: Flow finalized: flow_id=40e68943a34ad461 reason=TIMEOUT
2026-10-02T22:19:13 [DEBUG] engine: Inference: flow_id=d80866e36d212ca0 risk=0.3334 class=1 latency=0.19ms
2026-10-02T22:19:13 [DEBUG] engine: Inference: flow_id=d5966ec82ece1037 risk=0.3334 class=1 latency=0.04ms
2026-10-02T22:19:13 [DEBUG] engine: Inference: flow_id=4e9de17d9baeb536 risk=0.3334 class=1 latency=0.03ms
2026-10-02T22:19:13 [DEBUG] engine: Inference: flow_id=40e68943a34ad461 risk=0.3334 class=1 latency=0.02ms
2026-10-02T22:19:14 [DEBUG] flow_state: Skipping non-IP packet (3 similar messages suppressed)
2026-10-02T22:19:26 [DEBUG] flow_state: Flow finalized: flow_id=7a2bdc44fc3f016f reason=TIMEOUT
2026-10-02T22:19:26 [DEBUG] flow_state: Flow finalized: flow_id=f709da4025874d36 reason=TIMEOUT
2026-10-02T22:19:26 [DEBUG] flow_state: Flow finalized: flow_id=a72c258747d8e809 reason=TIMEOUT
2026-10-02T22:19:26 [DEBUG] flow_state: Flow finalized: flow_id=0022d2e34855c232 reason=TIMEOUT
2026-10-02T22:19:26 [DEBUG] engine: Inference: flow_id=7a2bdc44fc3f016f risk=0.3334 class=1 latency=0.19ms
2026-10-02T22:19:26 [DEBUG] engine: Inference: flow_id=f709da4025874d36 risk=0.3334 class=1 latency=0.06ms
2026-10-02T22:19:26 [DEBUG] engine: Inference: flow_id=a72c258747d8e809 risk=0.3334 class=1 latency=0.03ms
2026-10-02T22:19:26 [DEBUG] engine: Inference: flow_id=0022d2e34855c232 risk=0.3334 class=1 latency=0.02ms
2026-10-02T22:19:31 [DEBUG] flow_state: Flow finalized: flow_id=11b494efa8547a67 reason=TIMEOUT
2026-10-02T22:19:31 [DEBUG] engine: Inference: flow_id=11b494efa8547a67 risk=0.3334 class=1 latency=0.22ms
2026-10-02T22:19:34 [DEBUG] flow_state: Skipping non-IP packet (65 similar messages suppressed)
2026-10-02T22:19:37 [DEBUG] flow_state: Flow finalized: flow_id=c6d8c1fe8e5529e0 reason=TIMEOUT
2026-10-02T22:19:37 [DEBUG] engine: Inference: flow_id=c6d8c1fe8e5529e0 risk=0.3334 class=1 latency=0.18ms
2026-10-02T22:19:43 [DEBUG] flow_state: Flow finalized: flow_id=e3d36a9228e51f0a reason=TIMEOUT
2026-10-02T22:19:43 [DEBUG] flow_state: Flow finalized: flow_id=967db89df706031c reason=TIMEOUT
2026-10-02T22:19:43 [DEBUG] flow_state: Flow finalized: flow_id=0b1a1a69b0ce1675 reason=TIMEOUT
2026-10-02T22:19:43 [DEBUG] flow_state: Flow finalized: flow_id=594664cb5dd0c9b2 reason=TIMEOUT
2026-10-02T22:19:43 [DEBUG] engine: Inference: flow_id=e3d36a9228e51f0a risk=0.3334 class=1 latency=0.19ms
2026-10-02T22:19:43 [DEBUG] engine: Inference: flow_id=967db89df706031c risk=0.3334 class=1 latency=0.06ms
2026-10-02T22:19:43 [DEBUG] engine: Inference: flow_id=0b1a1a69b0ce1675 risk=0.3334 class=1 latency=0.03ms
2026-10-02T22:19:43 [DEBUG] engine: Inference: flow_id=594664cb5dd0c9b2 risk=0.3334 class=1 latency=0.02ms
2026-10-02T22:19:57 [DEBUG] flow_state: Flow finalized: flow_id=93716b08a7c0ef4c reason=TIMEOUT
2026-10-02T22:19:57 [DEBUG] flow_state: Flow finalized: flow_id=779e1d251d2fb0c1 reason=TIMEOUT
2026-10-02T22:19:57 [DEBUG] flow_state: Flow finalized: flow_id=59dd11fe2bf856b3 reason=TIMEOUT
2026-10-02T22:19:57 [DEBUG] flow_state: Flow finalized: flow_id=4d2b93821d27554e reason=TIMEOUT
2026-10-02T22:19:57 [DEBUG] engine: Inference: flow_id=93716b08a7c0ef4c risk=0.3334 class=1 latency=0.17ms
2026-10-02T22:19:57 [DEBUG] engine: Inference: flow_id=779e1d251d2fb0c1 risk=0.3334 class=1 latency=0.03ms
2026-10-02T22:19:57 [DEBUG] engine: Inference: flow_id=59dd11fe2bf856b3 risk=0.3334 class=1 latency=0.02ms
2026-10-02T22:19:57 [DEBUG] engine: Inference: flow_id=4d2b93821d27554e risk=0.3334 class=1 latency=0.02ms
2026-10-02T22:20:01 [DEBUG] flow_state: Flow finalized: flow_id=4b04d71b46a66896 reason=TIMEOUT
2026-10-02T22:20:01 [DEBUG] engine: Inference: flow_id=4b04d71b46a66896 risk=0.3334 class=1 latency=0.17ms
2026-10-02T22:20:04 [DEBUG] flow_state: Skipping non-IP packet (3 similar messages suppressed)
2026-10-02T22:20:08 [DEBUG] flow_state: Flow finalized: flow_id=959502dcd0d8842a reason=TIMEOUT
2026-10-02T22:20:08 [DEBUG] engine: Inference: flow_id=959502dcd0d8842a risk=0.3334 class=1 latency=1.15ms
2026-10-02T22:20:14 [DEBUG] flow_state: Flow finalized: flow_id=2c4051718ce58f65 reason=TIMEOUT
2026-10-02T22:20:14 [DEBUG] flow_state: Flow finalized: flow_id=aac4eefd2891f63a reason=TIMEOUT
2026-10-02T22:20:14 [DEBUG] flow_state: Flow finalized: flow_id=d494dab5e8d61a48 reason=TIMEOUT
2026-10-02T22:20:14 [DEBUG] flow_state: Flow finalized: flow_id=fad694ba8b48c995 reason=TIMEOUT
2026-10-02T22:20:14 [DEBUG] engine: Inference: flow_id=2c4051718ce58f65 risk=0.3334 class=1 latency=0.19ms
2026-10-02T22:20:14 [DEBUG] engine: Inference: flow_id=aac4eefd2891f63a risk=0.3334 class=1 latency=0.04ms
2026-10-02T22:20:14 [DEBUG] engine: Inference: flow_id=d494dab5e8d61a48 risk=0.3334 class=1 latency=0.02ms
2026-10-02T22:20:14 [DEBUG] engine: Inference: flow_id=fad694ba8b48c995 risk=0.3334 class=1 latency=0.02ms
2026-10-02T22:20:14 [DEBUG] flow_state: Skipping non-IP packet (3 similar messages suppressed)
2026-10-02T22:20:27 [DEBUG] flow_state: Flow finalized: flow_id=2350189a7912ec2f reason=TIMEOUT
2026-10-02T22:20:27 [DEBUG] flow_state: Flow finalized: flow_id=f1b688fcce48192f reason=TIMEOUT
2026-10-02T22:20:27 [DEBUG] flow_state: Flow finalized: flow_id=a44f15dc1f3d905d reason=TIMEOUT
2026-10-02T22:20:27 [DEBUG] flow_state: Flow finalized: flow_id=12adb13a8336ea31 reason=TIMEOUT
2026-10-02T22:20:27 [DEBUG] engine: Inference: flow_id=2350189a7912ec2f risk=0.3334 class=1 latency=0.18ms
2026-10-02T22:20:27 [DEBUG] engine: Inference: flow_id=f1b688fcce48192f risk=0.3334 class=1 latency=0.04ms
2026-10-02T22:20:27 [DEBUG] engine: Inference: flow_id=a44f15dc1f3d905d risk=0.3334 class=1 latency=0.02ms
2026-10-02T22:20:27 [DEBUG] engine: Inference: flow_id=12adb13a8336ea31 risk=0.3334 class=1 latency=0.02ms
2026-10-02T22:20:31 [DEBUG] flow_state: Flow finalized: flow_id=2fbfac6a498cbe37 reason=TIMEOUT
2026-10-02T22:20:31 [DEBUG] engine: Inference: flow_id=2fbfac6a498cbe37 risk=0.3334 class=1 latency=0.18ms
2026-10-02T22:20:34 [DEBUG] flow_state: Skipping non-IP packet (63 similar messages suppressed)
2026-10-02T22:20:38 [DEBUG] flow_state: Flow finalized: flow_id=d2d70563aaccbd79 reason=TIMEOUT
2026-10-02T22:20:38 [DEBUG] engine: Inference: flow_id=d2d70563aaccbd79 risk=0.3334 class=1 latency=0.20ms
2026-10-02T22:20:40 [DEBUG] flow_state: Skipping non-IP packet (3 similar messages suppressed)
2026-10-02T22:20:41 [DEBUG] flow_state: Skipping non-IP packet (1 similar messages suppressed)
2026-10-02T22:20:43 [DEBUG] flow_state: Skipping non-IP packet (1 similar messages suppressed)
2026-10-02T22:20:44 [DEBUG] flow_state: Flow finalized: flow_id=aa233ae42be4715f reason=TIMEOUT
2026-10-02T22:20:44 [DEBUG] flow_state: Flow finalized: flow_id=a46dffea15982bdb reason=TIMEOUT
2026-10-02T22:20:44 [DEBUG] flow_state: Flow finalized: flow_id=695dfcc824a46894 reason=TIMEOUT
2026-10-02T22:20:44 [DEBUG] flow_state: Flow finalized: flow_id=8fcc415d21606f36 reason=TIMEOUT
2026-10-02T22:20:44 [DEBUG] engine: Inference: flow_id=aa233ae42be4715f risk=0.3334 class=1 latency=0.18ms
2026-10-02T22:20:44 [DEBUG] engine: Inference: flow_id=a46dffea15982bdb risk=0.3334 class=1 latency=0.05ms
2026-10-02T22:20:44 [DEBUG] engine: Inference: flow_id=695dfcc824a46894 risk=0.3334 class=1 latency=0.02ms
2026-10-02T22:20:44 [DEBUG] engine: Inference: flow_id=8fcc415d21606f36 risk=0.3334 class=1 latency=0.02ms
2026-10-02T22:20:47 [DEBUG] flow_state: Skipping non-IP packet (1 similar messages suppressed)
2026-10-02T22:20:56 [DEBUG] flow_state: Flow finalized: flow_id=1de56ec0176c7c30 reason=TIMEOUT
2026-10-02T22:20:56 [DEBUG] flow_state: Flow finalized: flow_id=40c2c82ab26655cc reason=TIMEOUT
2026-10-02T22:20:56 [DEBUG] flow_state: Flow finalized: flow_id=ca54e801503ba484 reason=TIMEOUT
2026-10-02T22:20:56 [DEBUG] flow_state: Flow finalized: flow_id=50ded8a19f51994f reason=TIMEOUT
2026-10-02T22:20:56 [DEBUG] engine: Inference: flow_id=1de56ec0176c7c30 risk=0.3334 class=1 latency=1.43ms
2026-10-02T22:20:56 [DEBUG] engine: Inference: flow_id=40c2c82ab26655cc risk=0.3334 class=1 latency=0.09ms
2026-10-02T22:20:56 [DEBUG] engine: Inference: flow_id=ca54e801503ba484 risk=0.3334 class=1 latency=0.03ms
2026-10-02T22:20:56 [DEBUG] engine: Inference: flow_id=50ded8a19f51994f risk=0.3334 class=1 latency=0.02ms
2026-10-02T22:21:01 [DEBUG] flow_state: Flow finalized: flow_id=4c29e27ab7b0d222 reason=TIMEOUT
2026-10-02T22:21:01 [DEBUG] engine: Inference: flow_id=4c29e27ab7b0d222 risk=0.3334 class=1 latency=0.16ms
2026-10-02T22:21:03 [DEBUG] flow_state: Flow finalized: flow_id=785f33119d85eab3 reason=TIMEOUT
2026-10-02T22:21:03 [DEBUG] flow_state: Flow finalized: flow_id=70f74fb67409208a reason=TIMEOUT
2026-10-02T22:21:03 [DEBUG] engine: Inference: flow_id=785f33119d85eab3 risk=0.8937 class=1 latency=0.15ms
2026-10-02T22:21:03 [DEBUG] engine: Inference: flow_id=70f74fb67409208a risk=0.8937 class=1 latency=0.04ms
2026-10-02T22:21:04 [DEBUG] flow_state: Skipping non-IP packet (1 similar messages suppressed)
2026-10-02T22:21:07 [DEBUG] flow_state: Flow finalized: flow_id=71ff44b5a43cb070 reason=TIMEOUT
2026-10-02T22:21:07 [DEBUG] engine: Inference: flow_id=71ff44b5a43cb070 risk=0.3334 class=1 latency=2.37ms
2026-10-02T22:21:14 [DEBUG] flow_state: Flow finalized: flow_id=6db90323aadb5ad6 reason=TIMEOUT
2026-10-02T22:21:14 [DEBUG] flow_state: Flow finalized: flow_id=8166826c6b45a31e reason=TIMEOUT
2026-10-02T22:21:14 [DEBUG] flow_state: Flow finalized: flow_id=820dede30a7f8fe6 reason=TIMEOUT
2026-10-02T22:21:14 [DEBUG] flow_state: Flow finalized: flow_id=52d8fb02ecad7288 reason=TIMEOUT
2026-10-02T22:21:14 [DEBUG] engine: Inference: flow_id=6db90323aadb5ad6 risk=0.3334 class=1 latency=0.19ms
2026-10-02T22:21:14 [DEBUG] engine: Inference: flow_id=8166826c6b45a31e risk=0.3334 class=1 latency=0.05ms
2026-10-02T22:21:14 [DEBUG] engine: Inference: flow_id=820dede30a7f8fe6 risk=0.3334 class=1 latency=0.03ms
2026-10-02T22:21:14 [DEBUG] engine: Inference: flow_id=52d8fb02ecad7288 risk=0.3334 class=1 latency=0.02ms
2026-10-02T22:21:14 [DEBUG] flow_state: Skipping non-IP packet (3 similar messages suppressed)
2026-10-02T22:21:26 [DEBUG] flow_state: Flow finalized: flow_id=4f471416d84555b6 reason=TIMEOUT
2026-10-02T22:21:26 [DEBUG] flow_state: Flow finalized: flow_id=3f111b10d5131fc1 reason=TIMEOUT
2026-10-02T22:21:26 [DEBUG] flow_state: Flow finalized: flow_id=04d1b206c3454c20 reason=TIMEOUT
2026-10-02T22:21:26 [DEBUG] flow_state: Flow finalized: flow_id=935773ae34b0d847 reason=TIMEOUT
2026-10-02T22:21:26 [DEBUG] engine: Inference: flow_id=4f471416d84555b6 risk=0.3334 class=1 latency=0.18ms
2026-10-02T22:21:26 [DEBUG] engine: Inference: flow_id=3f111b10d5131fc1 risk=0.3334 class=1 latency=0.05ms
2026-10-02T22:21:26 [DEBUG] engine: Inference: flow_id=04d1b206c3454c20 risk=0.3334 class=1 latency=0.03ms
2026-10-02T22:21:26 [DEBUG] engine: Inference: flow_id=935773ae34b0d847 risk=0.3334 class=1 latency=0.02ms
2026-10-02T22:21:31 [DEBUG] flow_state: Flow finalized: flow_id=d17b469b4d7c3e8c reason=TIMEOUT
2026-10-02T22:21:31 [DEBUG] engine: Inference: flow_id=d17b469b4d7c3e8c risk=0.3334 class=1 latency=0.21ms
2026-10-02T22:21:34 [DEBUG] flow_state: Skipping non-IP packet (65 similar messages suppressed)
2026-10-02T22:21:37 [DEBUG] flow_state: Flow finalized: flow_id=51b7d62cb8275752 reason=TIMEOUT
2026-10-02T22:21:37 [DEBUG] engine: Inference: flow_id=51b7d62cb8275752 risk=0.3334 class=1 latency=0.16ms
2026-10-02T22:21:44 [DEBUG] flow_state: Flow finalized: flow_id=4d32fa92d3874a4c reason=TIMEOUT
2026-10-02T22:21:44 [DEBUG] flow_state: Flow finalized: flow_id=6ee38dd2aecea061 reason=TIMEOUT
2026-10-02T22:21:44 [DEBUG] flow_state: Flow finalized: flow_id=9c4b5744dc477bcd reason=TIMEOUT
2026-10-02T22:21:44 [DEBUG] flow_state: Flow finalized: flow_id=0fbcefe46b364baf reason=TIMEOUT
2026-10-02T22:21:44 [DEBUG] engine: Inference: flow_id=4d32fa92d3874a4c risk=0.3334 class=1 latency=0.22ms
2026-10-02T22:21:44 [DEBUG] engine: Inference: flow_id=6ee38dd2aecea061 risk=0.3334 class=1 latency=0.04ms
2026-10-02T22:21:44 [DEBUG] engine: Inference: flow_id=9c4b5744dc477bcd risk=0.3334 class=1 latency=0.02ms
2026-10-02T22:21:44 [DEBUG] engine: Inference: flow_id=0fbcefe46b364baf risk=0.3334 class=1 latency=0.02ms
2026-10-02T22:21:56 [DEBUG] flow_state: Flow finalized: flow_id=3a3f368c2bbae839 reason=TIMEOUT
2026-10-02T22:21:56 [DEBUG] flow_state: Flow finalized: flow_id=2ed863d092b065b5 reason=TIMEOUT
2026-10-02T22:21:56 [DEBUG] flow_state: Flow finalized: flow_id=1b76f0563f348875 reason=TIMEOUT
2026-10-02T22:21:56 [DEBUG] flow_state: Flow finalized: flow_id=0d27fe25e7c56afc reason=TIMEOUT
2026-10-02T22:21:56 [DEBUG] engine: Inference: flow_id=3a3f368c2bbae839 risk=0.3334 class=1 latency=0.19ms
2026-10-02T22:21:56 [DEBUG] engine: Inference: flow_id=2ed863d092b065b5 risk=0.3334 class=1 latency=0.05ms
2026-10-02T22:21:56 [DEBUG] engine: Inference: flow_id=1b76f0563f348875 risk=0.3334 class=1 latency=0.02ms
2026-10-02T22:21:56 [DEBUG] engine: Inference: flow_id=0d27fe25e7c56afc risk=0.3334 class=1 latency=0.02ms
2026-10-02T22:21:58 [DEBUG] flow_state: Skipping non-IP packet (3 similar messages suppressed)
2026-10-02T22:22:01 [DEBUG] flow_state: Flow finalized: flow_id=a73905afe643f6af reason=TIMEOUT
2026-10-02T22:22:01 [DEBUG] engine: Inference: flow_id=a73905afe643f6af risk=0.3334 class=1 latency=2.29ms
2026-10-02T22:22:04 [DEBUG] flow_state: Skipping non-IP packet (1 similar messages suppressed)
2026-10-02T22:22:07 [DEBUG] flow_state: Flow finalized: flow_id=e33b21f53af5a791 reason=TIMEOUT
2026-10-02T22:22:07 [DEBUG] engine: Inference: flow_id=e33b21f53af5a791 risk=0.3334 class=1 latency=0.16ms
2026-10-02T22:22:13 [DEBUG] flow_state: Flow finalized: flow_id=170f4b6d524193d0 reason=TIMEOUT
2026-10-02T22:22:13 [DEBUG] flow_state: Flow finalized: flow_id=7c3a542796c3e446 reason=TIMEOUT
2026-10-02T22:22:13 [DEBUG] flow_state: Flow finalized: flow_id=c2de53c60f084e00 reason=TIMEOUT
2026-10-02T22:22:13 [DEBUG] flow_state: Flow finalized: flow_id=286908e2bcb167c8 reason=TIMEOUT
2026-10-02T22:22:13 [DEBUG] flow_state: Flow finalized: flow_id=6de312bb64ab269b reason=TIMEOUT
2026-10-02T22:22:13 [DEBUG] flow_state: Flow finalized: flow_id=120f99380aa67c39 reason=TIMEOUT
2026-10-02T22:22:13 [DEBUG] engine: Inference: flow_id=170f4b6d524193d0 risk=0.3334 class=1 latency=0.18ms
2026-10-02T22:22:13 [DEBUG] engine: Inference: flow_id=7c3a542796c3e446 risk=0.3334 class=1 latency=0.04ms
2026-10-02T22:22:13 [DEBUG] engine: Inference: flow_id=c2de53c60f084e00 risk=0.3334 class=1 latency=0.02ms
2026-10-02T22:22:13 [DEBUG] engine: Inference: flow_id=286908e2bcb167c8 risk=0.3334 class=1 latency=0.02ms
2026-10-02T22:22:13 [DEBUG] engine: Inference: flow_id=6de312bb64ab269b risk=0.3334 class=1 latency=0.02ms
2026-10-02T22:22:13 [DEBUG] engine: Inference: flow_id=120f99380aa67c39 risk=0.3334 class=1 latency=0.02ms
2026-10-02T22:22:14 [DEBUG] flow_state: Skipping non-IP packet (3 similar messages suppressed)
2026-10-02T22:22:26 [DEBUG] flow_state: Flow finalized: flow_id=17f2ee46d28edbc7 reason=TIMEOUT
2026-10-02T22:22:26 [DEBUG] flow_state: Flow finalized: flow_id=287bb1cbcb55b26f reason=TIMEOUT
2026-10-02T22:22:26 [DEBUG] flow_state: Flow finalized: flow_id=a1ec46f7fee81e14 reason=TIMEOUT
2026-10-02T22:22:26 [DEBUG] flow_state: Flow finalized: flow_id=59d43f72c83b98b9 reason=TIMEOUT
2026-10-02T22:22:26 [DEBUG] engine: Inference: flow_id=17f2ee46d28edbc7 risk=0.3334 class=1 latency=0.19ms
2026-10-02T22:22:26 [DEBUG] engine: Inference: flow_id=287bb1cbcb55b26f risk=0.3334 class=1 latency=0.05ms
2026-10-02T22:22:26 [DEBUG] engine: Inference: flow_id=a1ec46f7fee81e14 risk=0.3334 class=1 latency=0.03ms
2026-10-02T22:22:26 [DEBUG] engine: Inference: flow_id=59d43f72c83b98b9 risk=0.3334 class=1 latency=0.03ms
2026-10-02T22:22:26 [INFO] engine: Drift detected: features=['fwd_packets_per_sec'] at flow_id=59d43f72c83b98b9
2026-10-02T22:22:26 [INFO] optimizer: Retrain cycle started: retrain_id=627d6935 trigger=fwd_packets_per_sec
2026-10-02T22:22:26 [INFO] optimizer: Training window extracted: 1023 records (requested 2000), ts range [1788513862.2, 1790959947.0]
2026-10-02T22:22:27 [INFO] optimizer: Optuna sweep complete: 3/3 trials in 0.1s, best_value=0.0000, params={'n_estimators': 180, 'learning_rate': 0.20368016362201605, 'num_leaves': 22, 'max_depth': 8, 'min_child_samples': 5}
2026-10-02T22:22:27 [INFO] optimizer: Warm-start fit complete: 0.0s, 180 boosting rounds
2026-10-02T22:22:27 [INFO] golden_holdout: Golden holdout evaluation: accuracy=0.5000 (100/200 correct)
2026-10-02T22:22:27 [INFO] optimizer: Lineage recorded: retrain_id=627d6935 status=FAIL accuracy=0.5000
2026-10-02T22:22:27 [INFO] optimizer: Retrain cycle FAILED (gate): retrain_id=627d6935 accuracy=0.5000 < threshold=0.9500, duration=0.2s
2026-10-02T22:22:32 [DEBUG] flow_state: Flow finalized: flow_id=e8b32090581a6852 reason=TIMEOUT
2026-10-02T22:22:32 [DEBUG] engine: Inference: flow_id=e8b32090581a6852 risk=0.3334 class=1 latency=0.18ms
2026-10-02T22:22:34 [DEBUG] flow_state: Skipping non-IP packet (65 similar messages suppressed)
2026-10-02T22:22:38 [DEBUG] flow_state: Flow finalized: flow_id=ae998b66f0fd6f77 reason=TIMEOUT
2026-10-02T22:22:38 [DEBUG] engine: Inference: flow_id=ae998b66f0fd6f77 risk=0.3334 class=1 latency=0.16ms
2026-10-02T22:22:44 [DEBUG] flow_state: Flow finalized: flow_id=d22ab2e7bf79b14e reason=TIMEOUT
2026-10-02T22:22:44 [DEBUG] flow_state: Flow finalized: flow_id=828b3f867ed6ec57 reason=TIMEOUT
2026-10-02T22:22:44 [DEBUG] flow_state: Flow finalized: flow_id=8ab25ef91e5d628f reason=TIMEOUT
2026-10-02T22:22:44 [DEBUG] flow_state: Flow finalized: flow_id=5ee17e99ea816687 reason=TIMEOUT
2026-10-02T22:22:44 [DEBUG] engine: Inference: flow_id=d22ab2e7bf79b14e risk=0.3334 class=1 latency=0.18ms
2026-10-02T22:22:44 [DEBUG] engine: Inference: flow_id=828b3f867ed6ec57 risk=0.3334 class=1 latency=0.04ms
2026-10-02T22:22:44 [DEBUG] engine: Inference: flow_id=8ab25ef91e5d628f risk=0.3334 class=1 latency=0.03ms
2026-10-02T22:22:44 [DEBUG] engine: Inference: flow_id=5ee17e99ea816687 risk=0.3334 class=1 latency=0.02ms
2026-10-02T22:22:57 [DEBUG] flow_state: Flow finalized: flow_id=e81dd724eb50e089 reason=TIMEOUT
2026-10-02T22:22:57 [DEBUG] flow_state: Flow finalized: flow_id=bfc08a5f28dcdde6 reason=TIMEOUT
2026-10-02T22:22:57 [DEBUG] flow_state: Flow finalized: flow_id=09aca657efaec756 reason=TIMEOUT
2026-10-02T22:22:57 [DEBUG] flow_state: Flow finalized: flow_id=45b2ba0adaf6b765 reason=TIMEOUT
2026-10-02T22:22:57 [DEBUG] engine: Inference: flow_id=e81dd724eb50e089 risk=0.3334 class=1 latency=0.24ms
2026-10-02T22:22:57 [DEBUG] engine: Inference: flow_id=bfc08a5f28dcdde6 risk=0.3334 class=1 latency=0.07ms
2026-10-02T22:22:57 [DEBUG] engine: Inference: flow_id=09aca657efaec756 risk=0.3334 class=1 latency=0.04ms
2026-10-02T22:22:57 [DEBUG] engine: Inference: flow_id=45b2ba0adaf6b765 risk=0.3334 class=1 latency=0.03ms
2026-10-02T22:23:01 [DEBUG] flow_state: Flow finalized: flow_id=5007825fef89c92b reason=TIMEOUT
2026-10-02T22:23:01 [DEBUG] engine: Inference: flow_id=5007825fef89c92b risk=0.3334 class=1 latency=2.22ms
2026-10-02T22:23:04 [DEBUG] flow_state: Skipping non-IP packet (3 similar messages suppressed)
2026-10-02T22:23:08 [DEBUG] flow_state: Flow finalized: flow_id=ee01bb5a48161966 reason=TIMEOUT
2026-10-02T22:23:08 [DEBUG] engine: Inference: flow_id=ee01bb5a48161966 risk=0.3334 class=1 latency=0.18ms
2026-10-02T22:23:14 [DEBUG] flow_state: Flow finalized: flow_id=bf31e5f028c0b2d6 reason=TIMEOUT
2026-10-02T22:23:14 [DEBUG] flow_state: Flow finalized: flow_id=a75f42c436dfce62 reason=TIMEOUT
2026-10-02T22:23:14 [DEBUG] flow_state: Flow finalized: flow_id=ea72ba287413538f reason=TIMEOUT
2026-10-02T22:23:14 [DEBUG] flow_state: Flow finalized: flow_id=71e03c7d8722bed1 reason=TIMEOUT
2026-10-02T22:23:14 [DEBUG] engine: Inference: flow_id=bf31e5f028c0b2d6 risk=0.3334 class=1 latency=0.19ms
2026-10-02T22:23:14 [DEBUG] engine: Inference: flow_id=a75f42c436dfce62 risk=0.3334 class=1 latency=0.05ms
2026-10-02T22:23:14 [DEBUG] engine: Inference: flow_id=ea72ba287413538f risk=0.3334 class=1 latency=0.03ms
2026-10-02T22:23:14 [DEBUG] engine: Inference: flow_id=71e03c7d8722bed1 risk=0.3334 class=1 latency=0.03ms
2026-10-02T22:23:14 [DEBUG] flow_state: Skipping non-IP packet (3 similar messages suppressed)
2026-10-02T22:23:26 [DEBUG] flow_state: Flow finalized: flow_id=1e5a23cb8ddf2062 reason=TIMEOUT
2026-10-02T22:23:26 [DEBUG] flow_state: Flow finalized: flow_id=e47b9d319ece4909 reason=TIMEOUT
2026-10-02T22:23:26 [DEBUG] flow_state: Flow finalized: flow_id=e525a7dff09cb5eb reason=TIMEOUT
2026-10-02T22:23:26 [DEBUG] flow_state: Flow finalized: flow_id=5435d8125fb75d30 reason=TIMEOUT
2026-10-02T22:23:26 [DEBUG] engine: Inference: flow_id=1e5a23cb8ddf2062 risk=0.3334 class=1 latency=0.18ms
2026-10-02T22:23:26 [DEBUG] engine: Inference: flow_id=e47b9d319ece4909 risk=0.3334 class=1 latency=0.05ms
2026-10-02T22:23:26 [DEBUG] engine: Inference: flow_id=e525a7dff09cb5eb risk=0.3334 class=1 latency=0.02ms
2026-10-02T22:23:26 [DEBUG] engine: Inference: flow_id=5435d8125fb75d30 risk=0.3334 class=1 latency=0.02ms
2026-10-02T22:23:31 [DEBUG] flow_state: Flow finalized: flow_id=af6b2913fabe69bd reason=TIMEOUT
2026-10-02T22:23:31 [DEBUG] engine: Inference: flow_id=af6b2913fabe69bd risk=0.3334 class=1 latency=0.21ms
2026-10-02T22:23:34 [DEBUG] flow_state: Skipping non-IP packet (65 similar messages suppressed)
2026-10-02T22:23:37 [DEBUG] flow_state: Flow finalized: flow_id=4fd0864a6cf1abc1 reason=TIMEOUT
2026-10-02T22:23:37 [DEBUG] engine: Inference: flow_id=4fd0864a6cf1abc1 risk=0.3334 class=1 latency=0.19ms
2026-10-02T22:23:42 [DEBUG] flow_state: Flow finalized: flow_id=ef687fb6df48c958 reason=TIMEOUT
2026-10-02T22:23:42 [DEBUG] engine: Inference: flow_id=ef687fb6df48c958 risk=0.7469 class=1 latency=1.38ms
2026-10-02T22:23:44 [DEBUG] flow_state: Flow finalized: flow_id=cc5924047774721c reason=TIMEOUT
2026-10-02T22:23:44 [DEBUG] flow_state: Flow finalized: flow_id=177ac2ae841134c9 reason=TIMEOUT
2026-10-02T22:23:44 [DEBUG] flow_state: Flow finalized: flow_id=b2bbfa45764755cd reason=TIMEOUT
2026-10-02T22:23:44 [DEBUG] flow_state: Flow finalized: flow_id=0fc811a34c6023f3 reason=TIMEOUT
2026-10-02T22:23:44 [DEBUG] engine: Inference: flow_id=cc5924047774721c risk=0.3334 class=1 latency=0.17ms
2026-10-02T22:23:44 [DEBUG] engine: Inference: flow_id=177ac2ae841134c9 risk=0.3334 class=1 latency=0.04ms
2026-10-02T22:23:44 [DEBUG] engine: Inference: flow_id=b2bbfa45764755cd risk=0.3334 class=1 latency=0.02ms
2026-10-02T22:23:44 [DEBUG] engine: Inference: flow_id=0fc811a34c6023f3 risk=0.3334 class=1 latency=0.02ms
2026-10-02T22:23:56 [DEBUG] flow_state: Flow finalized: flow_id=961f018583c47009 reason=TIMEOUT
2026-10-02T22:23:56 [DEBUG] flow_state: Flow finalized: flow_id=3439c67ea6c57477 reason=TIMEOUT
2026-10-02T22:23:56 [DEBUG] flow_state: Flow finalized: flow_id=dc3e0529f3be90b1 reason=TIMEOUT
2026-10-02T22:23:56 [DEBUG] flow_state: Flow finalized: flow_id=e67eec0f0b128fdc reason=TIMEOUT
2026-10-02T22:23:56 [DEBUG] engine: Inference: flow_id=961f018583c47009 risk=0.3334 class=1 latency=0.18ms
2026-10-02T22:23:56 [DEBUG] engine: Inference: flow_id=3439c67ea6c57477 risk=0.3334 class=1 latency=0.04ms
2026-10-02T22:23:56 [DEBUG] engine: Inference: flow_id=dc3e0529f3be90b1 risk=0.3334 class=1 latency=0.02ms
2026-10-02T22:23:56 [DEBUG] engine: Inference: flow_id=e67eec0f0b128fdc risk=0.3334 class=1 latency=0.02ms
2026-10-02T22:24:01 [DEBUG] flow_state: Flow finalized: flow_id=b8c7ce722ded7c50 reason=TIMEOUT
2026-10-02T22:24:01 [DEBUG] engine: Inference: flow_id=b8c7ce722ded7c50 risk=0.3334 class=1 latency=0.19ms
2026-10-02T22:24:04 [DEBUG] flow_state: Skipping non-IP packet (3 similar messages suppressed)
2026-10-02T22:24:07 [DEBUG] flow_state: Flow finalized: flow_id=6368a1f96fafc8f7 reason=TIMEOUT
2026-10-02T22:24:07 [DEBUG] engine: Inference: flow_id=6368a1f96fafc8f7 risk=0.3334 class=1 latency=0.17ms
2026-10-02T22:24:13 [DEBUG] flow_state: Flow finalized: flow_id=021e04fa0f929a56 reason=TIMEOUT
2026-10-02T22:24:13 [DEBUG] flow_state: Flow finalized: flow_id=37d78ee5afeb3ae5 reason=TIMEOUT
2026-10-02T22:24:13 [DEBUG] flow_state: Flow finalized: flow_id=49fbeb4fccaa0543 reason=TIMEOUT
2026-10-02T22:24:13 [DEBUG] flow_state: Flow finalized: flow_id=a8039b9e55094eb8 reason=TIMEOUT
2026-10-02T22:24:13 [DEBUG] engine: Inference: flow_id=021e04fa0f929a56 risk=0.3334 class=1 latency=0.19ms
2026-10-02T22:24:13 [DEBUG] engine: Inference: flow_id=37d78ee5afeb3ae5 risk=0.3334 class=1 latency=0.04ms
2026-10-02T22:24:13 [DEBUG] engine: Inference: flow_id=49fbeb4fccaa0543 risk=0.3334 class=1 latency=0.02ms
2026-10-02T22:24:13 [DEBUG] engine: Inference: flow_id=a8039b9e55094eb8 risk=0.3334 class=1 latency=0.02ms
2026-10-02T22:24:14 [DEBUG] flow_state: Skipping non-IP packet (3 similar messages suppressed)
2026-10-02T22:24:20 [DEBUG] flow_state: Flow finalized: flow_id=a32509db11d49181 reason=TIMEOUT
2026-10-02T22:24:20 [DEBUG] engine: Inference: flow_id=a32509db11d49181 risk=0.6459 class=1 latency=0.19ms
2026-10-02T22:24:26 [DEBUG] flow_state: Flow finalized: flow_id=e11bd5889cf6b2b0 reason=TIMEOUT
2026-10-02T22:24:26 [DEBUG] flow_state: Flow finalized: flow_id=b59a3045f15747f1 reason=TIMEOUT
2026-10-02T22:24:26 [DEBUG] flow_state: Flow finalized: flow_id=11ca93d271cd43b0 reason=TIMEOUT
2026-10-02T22:24:26 [DEBUG] flow_state: Flow finalized: flow_id=d2bc61b876d158c8 reason=TIMEOUT
2026-10-02T22:24:26 [DEBUG] engine: Inference: flow_id=e11bd5889cf6b2b0 risk=0.3334 class=1 latency=0.18ms
2026-10-02T22:24:26 [DEBUG] engine: Inference: flow_id=b59a3045f15747f1 risk=0.3334 class=1 latency=0.04ms
2026-10-02T22:24:26 [DEBUG] engine: Inference: flow_id=11ca93d271cd43b0 risk=0.3334 class=1 latency=0.03ms
2026-10-02T22:24:26 [DEBUG] engine: Inference: flow_id=d2bc61b876d158c8 risk=0.3334 class=1 latency=0.02ms
2026-10-02T22:24:31 [DEBUG] flow_state: Flow finalized: flow_id=0eed518a0fc6df3e reason=TIMEOUT
2026-10-02T22:24:31 [DEBUG] engine: Inference: flow_id=0eed518a0fc6df3e risk=0.3334 class=1 latency=0.19ms
2026-10-02T22:24:34 [DEBUG] flow_state: Skipping non-IP packet (57 similar messages suppressed)
2026-10-02T22:24:37 [DEBUG] flow_state: Flow finalized: flow_id=eca2e921f9cec86a reason=TIMEOUT
2026-10-02T22:24:37 [DEBUG] engine: Inference: flow_id=eca2e921f9cec86a risk=0.3334 class=1 latency=1.25ms
2026-10-02T22:24:42 [DEBUG] flow_state: Skipping non-IP packet (3 similar messages suppressed)
2026-10-02T22:24:43 [DEBUG] flow_state: Skipping non-IP packet (225 similar messages suppressed)
2026-10-02T22:24:43 [DEBUG] flow_state: Flow finalized: flow_id=80cc8592e3d02919 reason=TIMEOUT
2026-10-02T22:24:43 [DEBUG] flow_state: Flow finalized: flow_id=dafb031fd971a66b reason=TIMEOUT
2026-10-02T22:24:43 [DEBUG] flow_state: Flow finalized: flow_id=b9d12b2e4f6bb921 reason=TIMEOUT
2026-10-02T22:24:43 [DEBUG] flow_state: Flow finalized: flow_id=97e2b528a1e134ae reason=TIMEOUT
2026-10-02T22:24:43 [DEBUG] engine: Inference: flow_id=80cc8592e3d02919 risk=0.3334 class=1 latency=0.11ms
2026-10-02T22:24:43 [DEBUG] engine: Inference: flow_id=dafb031fd971a66b risk=0.3334 class=1 latency=0.04ms
2026-10-02T22:24:43 [DEBUG] engine: Inference: flow_id=b9d12b2e4f6bb921 risk=0.3334 class=1 latency=0.08ms
2026-10-02T22:24:43 [DEBUG] engine: Inference: flow_id=97e2b528a1e134ae risk=0.3334 class=1 latency=0.03ms
2026-10-02T22:24:44 [DEBUG] flow_state: Skipping non-IP packet (152 similar messages suppressed)
2026-10-02T22:24:45 [DEBUG] flow_state: Skipping non-IP packet (150 similar messages suppressed)
2026-10-02T22:24:46 [DEBUG] flow_state: Skipping non-IP packet (164 similar messages suppressed)
2026-10-02T22:24:47 [DEBUG] flow_state: Skipping non-IP packet (155 similar messages suppressed)
2026-10-02T22:24:48 [DEBUG] flow_state: Skipping non-IP packet (140 similar messages suppressed)
2026-10-02T22:24:49 [DEBUG] flow_state: Skipping non-IP packet (126 similar messages suppressed)
2026-10-02T22:24:50 [DEBUG] flow_state: Skipping non-IP packet (146 similar messages suppressed)
2026-10-02T22:24:51 [DEBUG] flow_state: Skipping non-IP packet (137 similar messages suppressed)
2026-10-02T22:24:52 [DEBUG] flow_state: Skipping non-IP packet (144 similar messages suppressed)
2026-10-02T22:24:53 [DEBUG] flow_state: Skipping non-IP packet (157 similar messages suppressed)
2026-10-02T22:24:54 [DEBUG] flow_state: Skipping non-IP packet (153 similar messages suppressed)
2026-10-02T22:24:55 [DEBUG] flow_state: Skipping non-IP packet (111 similar messages suppressed)
2026-10-02T22:24:56 [DEBUG] flow_state: Skipping non-IP packet (132 similar messages suppressed)
2026-10-02T22:24:57 [DEBUG] flow_state: Flow finalized: flow_id=f323a3fff567b727 reason=TIMEOUT
2026-10-02T22:24:57 [DEBUG] flow_state: Flow finalized: flow_id=bd6ef6d4425bcbef reason=TIMEOUT
2026-10-02T22:24:57 [DEBUG] flow_state: Flow finalized: flow_id=473c618ffe5d4e61 reason=TIMEOUT
2026-10-02T22:24:57 [DEBUG] flow_state: Flow finalized: flow_id=d7c299d4c59ffff5 reason=TIMEOUT
2026-10-02T22:24:57 [DEBUG] engine: Inference: flow_id=f323a3fff567b727 risk=0.3334 class=1 latency=0.19ms
2026-10-02T22:24:57 [DEBUG] engine: Inference: flow_id=bd6ef6d4425bcbef risk=0.3334 class=1 latency=0.05ms
2026-10-02T22:24:57 [DEBUG] engine: Inference: flow_id=473c618ffe5d4e61 risk=0.3334 class=1 latency=0.03ms
2026-10-02T22:24:57 [DEBUG] engine: Inference: flow_id=d7c299d4c59ffff5 risk=0.3334 class=1 latency=0.02ms
2026-10-02T22:24:57 [DEBUG] flow_state: Skipping non-IP packet (107 similar messages suppressed)
2026-10-02T22:24:58 [DEBUG] flow_state: Skipping non-IP packet (116 similar messages suppressed)
2026-10-02T22:24:59 [DEBUG] flow_state: Skipping non-IP packet (162 similar messages suppressed)
2026-10-02T22:25:00 [DEBUG] flow_state: Skipping non-IP packet (137 similar messages suppressed)
2026-10-02T22:25:01 [DEBUG] flow_state: Skipping non-IP packet (152 similar messages suppressed)
2026-10-02T22:25:02 [DEBUG] flow_state: Flow finalized: flow_id=3a59ae728447786e reason=TIMEOUT
2026-10-02T22:25:02 [DEBUG] engine: Inference: flow_id=3a59ae728447786e risk=0.3334 class=1 latency=0.20ms
2026-10-02T22:25:02 [DEBUG] flow_state: Skipping non-IP packet (146 similar messages suppressed)
2026-10-02T22:25:03 [DEBUG] flow_state: Skipping non-IP packet (126 similar messages suppressed)
2026-10-02T22:25:04 [DEBUG] flow_state: Skipping non-IP packet (135 similar messages suppressed)
2026-10-02T22:25:05 [DEBUG] flow_state: Skipping non-IP packet (124 similar messages suppressed)
2026-10-02T22:25:06 [DEBUG] flow_state: Skipping non-IP packet (134 similar messages suppressed)
2026-10-02T22:25:07 [DEBUG] flow_state: Skipping non-IP packet (147 similar messages suppressed)
2026-10-02T22:25:08 [DEBUG] flow_state: Flow finalized: flow_id=c4ff00e098477fe1 reason=TIMEOUT
2026-10-02T22:25:08 [DEBUG] engine: Inference: flow_id=c4ff00e098477fe1 risk=0.3334 class=1 latency=1.24ms
2026-10-02T22:25:08 [DEBUG] flow_state: Skipping non-IP packet (145 similar messages suppressed)
2026-10-02T22:25:09 [DEBUG] flow_state: Skipping non-IP packet (138 similar messages suppressed)
2026-10-02T22:25:10 [DEBUG] flow_state: Skipping non-IP packet (143 similar messages suppressed)
2026-10-02T22:25:11 [DEBUG] flow_state: Skipping non-IP packet (125 similar messages suppressed)
2026-10-02T22:25:12 [DEBUG] flow_state: Skipping non-IP packet (144 similar messages suppressed)
2026-10-02T22:25:14 [DEBUG] flow_state: Skipping non-IP packet (141 similar messages suppressed)
2026-10-02T22:25:14 [DEBUG] flow_state: Flow finalized: flow_id=5fc674de96c141a7 reason=TIMEOUT
2026-10-02T22:25:14 [DEBUG] flow_state: Flow finalized: flow_id=9b4171c122e388d5 reason=TIMEOUT
2026-10-02T22:25:14 [DEBUG] flow_state: Flow finalized: flow_id=d10a2f4717d0d48d reason=TIMEOUT
2026-10-02T22:25:14 [DEBUG] flow_state: Flow finalized: flow_id=7e05d02f24a8fa0d reason=TIMEOUT
2026-10-02T22:25:14 [DEBUG] engine: Inference: flow_id=5fc674de96c141a7 risk=0.3334 class=1 latency=3.11ms
2026-10-02T22:25:14 [DEBUG] engine: Inference: flow_id=9b4171c122e388d5 risk=0.3334 class=1 latency=0.08ms
2026-10-02T22:25:14 [DEBUG] engine: Inference: flow_id=d10a2f4717d0d48d risk=0.3334 class=1 latency=0.03ms
2026-10-02T22:25:14 [DEBUG] engine: Inference: flow_id=7e05d02f24a8fa0d risk=0.3334 class=1 latency=0.02ms
2026-10-02T22:25:15 [DEBUG] flow_state: Skipping non-IP packet (122 similar messages suppressed)
2026-10-02T22:25:16 [DEBUG] flow_state: Skipping non-IP packet (140 similar messages suppressed)
2026-10-02T22:25:17 [DEBUG] flow_state: Skipping non-IP packet (145 similar messages suppressed)
2026-10-02T22:25:18 [DEBUG] flow_state: Skipping non-IP packet (134 similar messages suppressed)
2026-10-02T22:25:19 [DEBUG] flow_state: Skipping non-IP packet (127 similar messages suppressed)
2026-10-02T22:25:20 [DEBUG] flow_state: Skipping non-IP packet (132 similar messages suppressed)
2026-10-02T22:25:21 [DEBUG] flow_state: Skipping non-IP packet (125 similar messages suppressed)
2026-10-02T22:25:22 [DEBUG] flow_state: Skipping non-IP packet (149 similar messages suppressed)
2026-10-02T22:25:23 [DEBUG] flow_state: Skipping non-IP packet (136 similar messages suppressed)
2026-10-02T22:25:24 [DEBUG] flow_state: Skipping non-IP packet (132 similar messages suppressed)
2026-10-02T22:25:25 [DEBUG] flow_state: Skipping non-IP packet (133 similar messages suppressed)
2026-10-02T22:25:26 [DEBUG] flow_state: Skipping non-IP packet (138 similar messages suppressed)
2026-10-02T22:25:27 [DEBUG] flow_state: Flow finalized: flow_id=644cb791a8e620fc reason=TIMEOUT
2026-10-02T22:25:27 [DEBUG] flow_state: Flow finalized: flow_id=e188615d1d467946 reason=TIMEOUT
2026-10-02T22:25:27 [DEBUG] flow_state: Flow finalized: flow_id=d144490a12fdbad3 reason=TIMEOUT
2026-10-02T22:25:27 [DEBUG] flow_state: Flow finalized: flow_id=bcf181e085a08fbc reason=TIMEOUT
2026-10-02T22:25:27 [DEBUG] engine: Inference: flow_id=644cb791a8e620fc risk=0.3334 class=1 latency=0.18ms
2026-10-02T22:25:27 [DEBUG] engine: Inference: flow_id=e188615d1d467946 risk=0.3334 class=1 latency=0.04ms
2026-10-02T22:25:27 [DEBUG] engine: Inference: flow_id=d144490a12fdbad3 risk=0.3334 class=1 latency=0.06ms
2026-10-02T22:25:27 [DEBUG] engine: Inference: flow_id=bcf181e085a08fbc risk=0.3334 class=1 latency=0.03ms
2026-10-02T22:25:27 [DEBUG] flow_state: Skipping non-IP packet (125 similar messages suppressed)
2026-10-02T22:25:28 [DEBUG] flow_state: Skipping non-IP packet (126 similar messages suppressed)
2026-10-02T22:25:29 [DEBUG] flow_state: Skipping non-IP packet (148 similar messages suppressed)
2026-10-02T22:25:30 [DEBUG] flow_state: Skipping non-IP packet (152 similar messages suppressed)
2026-10-02T22:25:31 [DEBUG] flow_state: Flow finalized: flow_id=2f1093b6675f1d48 reason=TIMEOUT
2026-10-02T22:25:31 [DEBUG] engine: Inference: flow_id=2f1093b6675f1d48 risk=0.3334 class=1 latency=0.08ms
2026-10-02T22:25:31 [DEBUG] flow_state: Skipping non-IP packet (148 similar messages suppressed)
2026-10-02T22:25:32 [DEBUG] flow_state: Skipping non-IP packet (133 similar messages suppressed)
2026-10-02T22:25:33 [DEBUG] flow_state: Skipping non-IP packet (116 similar messages suppressed)
2026-10-02T22:25:34 [DEBUG] flow_state: Skipping non-IP packet (115 similar messages suppressed)
2026-10-02T22:25:35 [DEBUG] flow_state: Skipping non-IP packet (143 similar messages suppressed)
2026-10-02T22:25:36 [DEBUG] flow_state: Skipping non-IP packet (131 similar messages suppressed)
2026-10-02T22:25:37 [DEBUG] flow_state: Skipping non-IP packet (149 similar messages suppressed)
2026-10-02T22:25:38 [DEBUG] flow_state: Flow finalized: flow_id=581ace514fa22c35 reason=TIMEOUT
2026-10-02T22:25:38 [DEBUG] engine: Inference: flow_id=581ace514fa22c35 risk=0.3334 class=1 latency=1.21ms
2026-10-02T22:25:38 [DEBUG] flow_state: Skipping non-IP packet (137 similar messages suppressed)
2026-10-02T22:25:39 [DEBUG] flow_state: Skipping non-IP packet (123 similar messages suppressed)
2026-10-02T22:25:40 [DEBUG] flow_state: Skipping non-IP packet (136 similar messages suppressed)
2026-10-02T22:25:41 [DEBUG] flow_state: Skipping non-IP packet (134 similar messages suppressed)
2026-10-02T22:25:42 [DEBUG] flow_state: Skipping non-IP packet (129 similar messages suppressed)
2026-10-02T22:25:43 [DEBUG] flow_state: Skipping non-IP packet (119 similar messages suppressed)
2026-10-02T22:25:44 [DEBUG] flow_state: Flow finalized: flow_id=d86fb751dca43d0e reason=TIMEOUT
2026-10-02T22:25:44 [DEBUG] flow_state: Flow finalized: flow_id=27148b2e486dfaf7 reason=TIMEOUT
2026-10-02T22:25:44 [DEBUG] flow_state: Flow finalized: flow_id=8b77ef5192a14938 reason=TIMEOUT
2026-10-02T22:25:44 [DEBUG] flow_state: Flow finalized: flow_id=e24001294581a5b8 reason=TIMEOUT
2026-10-02T22:25:44 [DEBUG] engine: Inference: flow_id=d86fb751dca43d0e risk=0.3334 class=1 latency=0.10ms
2026-10-02T22:25:44 [DEBUG] engine: Inference: flow_id=27148b2e486dfaf7 risk=0.3334 class=1 latency=0.03ms
2026-10-02T22:25:44 [DEBUG] engine: Inference: flow_id=8b77ef5192a14938 risk=0.3334 class=1 latency=0.02ms
2026-10-02T22:25:44 [DEBUG] engine: Inference: flow_id=e24001294581a5b8 risk=0.3334 class=1 latency=0.02ms
2026-10-02T22:25:44 [DEBUG] flow_state: Skipping non-IP packet (154 similar messages suppressed)
2026-10-02T22:25:45 [DEBUG] flow_state: Skipping non-IP packet (133 similar messages suppressed)
2026-10-02T22:25:46 [DEBUG] flow_state: Skipping non-IP packet (131 similar messages suppressed)
2026-10-02T22:25:47 [DEBUG] flow_state: Skipping non-IP packet (138 similar messages suppressed)
2026-10-02T22:25:48 [DEBUG] flow_state: Skipping non-IP packet (122 similar messages suppressed)
2026-10-02T22:25:49 [DEBUG] flow_state: Skipping non-IP packet (131 similar messages suppressed)
2026-10-02T22:25:50 [DEBUG] flow_state: Skipping non-IP packet (130 similar messages suppressed)
2026-10-02T22:25:51 [DEBUG] flow_state: Skipping non-IP packet (139 similar messages suppressed)
2026-10-02T22:25:52 [DEBUG] flow_state: Skipping non-IP packet (142 similar messages suppressed)
2026-10-02T22:25:53 [DEBUG] flow_state: Skipping non-IP packet (138 similar messages suppressed)
2026-10-02T22:25:54 [DEBUG] flow_state: Skipping non-IP packet (136 similar messages suppressed)
2026-10-02T22:25:55 [DEBUG] flow_state: Skipping non-IP packet (141 similar messages suppressed)
2026-10-02T22:25:56 [DEBUG] flow_state: Flow finalized: flow_id=6e6e7e8cddb3fa7d reason=TIMEOUT
2026-10-02T22:25:56 [DEBUG] flow_state: Flow finalized: flow_id=cda87e667476d84a reason=TIMEOUT
2026-10-02T22:25:56 [DEBUG] flow_state: Flow finalized: flow_id=9e406f0f94a09a20 reason=TIMEOUT
2026-10-02T22:25:56 [DEBUG] flow_state: Flow finalized: flow_id=3a680c605995863e reason=TIMEOUT
2026-10-02T22:25:56 [DEBUG] engine: Inference: flow_id=6e6e7e8cddb3fa7d risk=0.3334 class=1 latency=0.12ms
2026-10-02T22:25:56 [DEBUG] engine: Inference: flow_id=cda87e667476d84a risk=0.3334 class=1 latency=0.05ms
2026-10-02T22:25:56 [DEBUG] engine: Inference: flow_id=9e406f0f94a09a20 risk=0.3334 class=1 latency=0.03ms
2026-10-02T22:25:56 [DEBUG] engine: Inference: flow_id=3a680c605995863e risk=0.3334 class=1 latency=0.02ms
2026-10-02T22:25:56 [DEBUG] flow_state: Skipping non-IP packet (123 similar messages suppressed)
2026-10-02T22:25:57 [DEBUG] flow_state: Skipping non-IP packet (136 similar messages suppressed)
2026-10-02T22:25:58 [DEBUG] flow_state: Skipping non-IP packet (140 similar messages suppressed)
2026-10-02T22:25:59 [DEBUG] flow_state: Skipping non-IP packet (140 similar messages suppressed)
2026-10-02T22:26:01 [DEBUG] flow_state: Skipping non-IP packet (142 similar messages suppressed)
2026-10-02T22:26:01 [DEBUG] flow_state: Flow finalized: flow_id=e6f25f581b64f10a reason=TIMEOUT
2026-10-02T22:26:01 [DEBUG] engine: Inference: flow_id=e6f25f581b64f10a risk=0.3334 class=1 latency=0.13ms
2026-10-02T22:26:02 [DEBUG] flow_state: Skipping non-IP packet (115 similar messages suppressed)
2026-10-02T22:26:03 [DEBUG] flow_state: Skipping non-IP packet (130 similar messages suppressed)
2026-10-02T22:26:04 [DEBUG] flow_state: Skipping non-IP packet (115 similar messages suppressed)
2026-10-02T22:26:05 [DEBUG] flow_state: Skipping non-IP packet (145 similar messages suppressed)
2026-10-02T22:26:06 [DEBUG] flow_state: Skipping non-IP packet (139 similar messages suppressed)
2026-10-02T22:26:07 [DEBUG] flow_state: Skipping non-IP packet (173 similar messages suppressed)
2026-10-02T22:26:08 [DEBUG] flow_state: Skipping non-IP packet (144 similar messages suppressed)
2026-10-02T22:26:08 [DEBUG] flow_state: Flow finalized: flow_id=b4fca1620fd14bb5 reason=TIMEOUT
2026-10-02T22:26:08 [DEBUG] engine: Inference: flow_id=b4fca1620fd14bb5 risk=0.3334 class=1 latency=0.10ms
2026-10-02T22:26:09 [DEBUG] flow_state: Skipping non-IP packet (133 similar messages suppressed)
2026-10-02T22:26:10 [DEBUG] flow_state: Skipping non-IP packet (131 similar messages suppressed)
2026-10-02T22:26:11 [DEBUG] flow_state: Skipping non-IP packet (129 similar messages suppressed)
2026-10-02T22:26:12 [DEBUG] flow_state: Skipping non-IP packet (122 similar messages suppressed)
2026-10-02T22:26:13 [DEBUG] flow_state: Skipping non-IP packet (145 similar messages suppressed)
2026-10-02T22:26:14 [DEBUG] flow_state: Skipping non-IP packet (138 similar messages suppressed)
2026-10-02T22:26:14 [DEBUG] flow_state: Flow finalized: flow_id=eb069ad256350970 reason=TIMEOUT
2026-10-02T22:26:14 [DEBUG] flow_state: Flow finalized: flow_id=b804d8978a845f47 reason=TIMEOUT
2026-10-02T22:26:14 [DEBUG] flow_state: Flow finalized: flow_id=370630e4c4fa84b5 reason=TIMEOUT
2026-10-02T22:26:14 [DEBUG] engine: Inference: flow_id=eb069ad256350970 risk=0.3334 class=1 latency=1.15ms
2026-10-02T22:26:14 [DEBUG] engine: Inference: flow_id=b804d8978a845f47 risk=0.3334 class=1 latency=0.06ms
2026-10-02T22:26:14 [DEBUG] engine: Inference: flow_id=370630e4c4fa84b5 risk=0.3334 class=1 latency=0.05ms
2026-10-02T22:26:15 [DEBUG] flow_state: Skipping non-IP packet (152 similar messages suppressed)
2026-10-02T22:26:16 [DEBUG] flow_state: Skipping non-IP packet (138 similar messages suppressed)
2026-10-02T22:26:17 [DEBUG] flow_state: Skipping non-IP packet (128 similar messages suppressed)
2026-10-02T22:26:18 [DEBUG] flow_state: Skipping non-IP packet (132 similar messages suppressed)
2026-10-02T22:26:19 [DEBUG] flow_state: Skipping non-IP packet (119 similar messages suppressed)
2026-10-02T22:26:20 [DEBUG] flow_state: Skipping non-IP packet (126 similar messages suppressed)
2026-10-02T22:26:21 [DEBUG] flow_state: Skipping non-IP packet (149 similar messages suppressed)
2026-10-02T22:26:22 [DEBUG] flow_state: Flow finalized: flow_id=62a64ec5089b9049 reason=TIMEOUT
2026-10-02T22:26:22 [DEBUG] engine: Inference: flow_id=62a64ec5089b9049 risk=0.3334 class=1 latency=0.23ms
2026-10-02T22:26:22 [DEBUG] flow_state: Skipping non-IP packet (152 similar messages suppressed)
2026-10-02T22:26:23 [DEBUG] flow_state: Flow finalized: flow_id=9a0cb9a62743b315 reason=TIMEOUT
2026-10-02T22:26:23 [DEBUG] engine: Inference: flow_id=9a0cb9a62743b315 risk=0.7469 class=1 latency=0.71ms
2026-10-02T22:26:23 [DEBUG] flow_state: Skipping non-IP packet (144 similar messages suppressed)
2026-10-02T22:26:24 [DEBUG] flow_state: Skipping non-IP packet (118 similar messages suppressed)
2026-10-02T22:26:25 [DEBUG] flow_state: Skipping non-IP packet (125 similar messages suppressed)
2026-10-02T22:26:26 [DEBUG] flow_state: Flow finalized: flow_id=3ed9817bac5252f9 reason=TIMEOUT
2026-10-02T22:26:26 [DEBUG] flow_state: Flow finalized: flow_id=60607d45bfa2f09c reason=TIMEOUT
2026-10-02T22:26:26 [DEBUG] flow_state: Flow finalized: flow_id=a224d5ff05648a79 reason=TIMEOUT
2026-10-02T22:26:26 [DEBUG] engine: Inference: flow_id=3ed9817bac5252f9 risk=0.3334 class=1 latency=0.09ms
2026-10-02T22:26:26 [DEBUG] engine: Inference: flow_id=60607d45bfa2f09c risk=0.3334 class=1 latency=0.03ms
2026-10-02T22:26:26 [DEBUG] engine: Inference: flow_id=a224d5ff05648a79 risk=0.3334 class=1 latency=0.02ms
2026-10-02T22:26:26 [DEBUG] flow_state: Skipping non-IP packet (118 similar messages suppressed)
2026-10-02T22:26:27 [DEBUG] flow_state: Skipping non-IP packet (122 similar messages suppressed)
2026-10-02T22:26:28 [DEBUG] flow_state: Skipping non-IP packet (148 similar messages suppressed)
2026-10-02T22:26:29 [DEBUG] flow_state: Skipping non-IP packet (153 similar messages suppressed)
2026-10-02T22:26:30 [DEBUG] flow_state: Skipping non-IP packet (137 similar messages suppressed)
2026-10-02T22:26:31 [DEBUG] flow_state: Flow finalized: flow_id=a284b6174ed7d2ab reason=TIMEOUT
2026-10-02T22:26:31 [DEBUG] engine: Inference: flow_id=a284b6174ed7d2ab risk=0.3334 class=1 latency=0.11ms
2026-10-02T22:26:31 [DEBUG] flow_state: Skipping non-IP packet (122 similar messages suppressed)
2026-10-02T22:26:32 [DEBUG] flow_state: Skipping non-IP packet (120 similar messages suppressed)
2026-10-02T22:26:33 [DEBUG] flow_state: Skipping non-IP packet (125 similar messages suppressed)
2026-10-02T22:26:34 [DEBUG] flow_state: Skipping non-IP packet (137 similar messages suppressed)
2026-10-02T22:26:35 [DEBUG] flow_state: Skipping non-IP packet (149 similar messages suppressed)
2026-10-02T22:26:36 [DEBUG] flow_state: Skipping non-IP packet (145 similar messages suppressed)
2026-10-02T22:26:37 [DEBUG] flow_state: Flow finalized: flow_id=401a7631b19641ae reason=TIMEOUT
2026-10-02T22:26:37 [DEBUG] engine: Inference: flow_id=401a7631b19641ae risk=0.3334 class=1 latency=0.11ms
2026-10-02T22:26:37 [DEBUG] flow_state: Skipping non-IP packet (140 similar messages suppressed)
2026-10-02T22:26:38 [DEBUG] flow_state: Skipping non-IP packet (122 similar messages suppressed)
2026-10-02T22:26:39 [DEBUG] flow_state: Skipping non-IP packet (131 similar messages suppressed)
2026-10-02T22:26:40 [DEBUG] flow_state: Skipping non-IP packet (134 similar messages suppressed)
2026-10-02T22:26:41 [DEBUG] flow_state: Skipping non-IP packet (120 similar messages suppressed)
2026-10-02T22:26:42 [DEBUG] flow_state: Skipping non-IP packet (143 similar messages suppressed)
2026-10-02T22:26:43 [DEBUG] flow_state: Skipping non-IP packet (144 similar messages suppressed)
2026-10-02T22:26:44 [DEBUG] flow_state: Flow finalized: flow_id=c0f02ee5a537cbf5 reason=TIMEOUT
2026-10-02T22:26:44 [DEBUG] flow_state: Flow finalized: flow_id=251419a8838fc5d2 reason=TIMEOUT
2026-10-02T22:26:44 [DEBUG] flow_state: Flow finalized: flow_id=d46d067be1ecb8b5 reason=TIMEOUT
2026-10-02T22:26:44 [DEBUG] engine: Inference: flow_id=c0f02ee5a537cbf5 risk=0.3334 class=1 latency=0.11ms
2026-10-02T22:26:44 [DEBUG] engine: Inference: flow_id=251419a8838fc5d2 risk=0.3334 class=1 latency=0.03ms
2026-10-02T22:26:44 [DEBUG] engine: Inference: flow_id=d46d067be1ecb8b5 risk=0.3334 class=1 latency=0.02ms
2026-10-02T22:26:44 [DEBUG] flow_state: Skipping non-IP packet (153 similar messages suppressed)
2026-10-02T22:26:45 [DEBUG] flow_state: Skipping non-IP packet (134 similar messages suppressed)
2026-10-02T22:26:46 [DEBUG] flow_state: Skipping non-IP packet (120 similar messages suppressed)
2026-10-02T22:26:47 [DEBUG] flow_state: Skipping non-IP packet (133 similar messages suppressed)
2026-10-02T22:26:48 [DEBUG] flow_state: Skipping non-IP packet (120 similar messages suppressed)
2026-10-02T22:26:49 [DEBUG] flow_state: Skipping non-IP packet (151 similar messages suppressed)
2026-10-02T22:26:50 [DEBUG] flow_state: Skipping non-IP packet (149 similar messages suppressed)
2026-10-02T22:26:51 [DEBUG] flow_state: Skipping non-IP packet (140 similar messages suppressed)
2026-10-02T22:26:52 [DEBUG] flow_state: Flow finalized: flow_id=570d53c2c65817da reason=TIMEOUT
2026-10-02T22:26:52 [DEBUG] flow_state: Flow finalized: flow_id=e6e61d3ee35ccc33 reason=TIMEOUT
2026-10-02T22:26:52 [DEBUG] engine: Inference: flow_id=570d53c2c65817da risk=0.3334 class=1 latency=1.12ms
2026-10-02T22:26:52 [DEBUG] engine: Inference: flow_id=e6e61d3ee35ccc33 risk=0.3334 class=1 latency=0.06ms
2026-10-02T22:26:53 [DEBUG] flow_state: Skipping non-IP packet (129 similar messages suppressed)
2026-10-02T22:26:54 [DEBUG] flow_state: Skipping non-IP packet (119 similar messages suppressed)
2026-10-02T22:26:55 [DEBUG] flow_state: Skipping non-IP packet (121 similar messages suppressed)
2026-10-02T22:26:56 [DEBUG] flow_state: Skipping non-IP packet (126 similar messages suppressed)
2026-10-02T22:26:56 [DEBUG] flow_state: Flow finalized: flow_id=29141df44f47e6c0 reason=TIMEOUT
2026-10-02T22:26:56 [DEBUG] flow_state: Flow finalized: flow_id=dedb56fef2a177b1 reason=TIMEOUT
2026-10-02T22:26:56 [DEBUG] flow_state: Flow finalized: flow_id=1b9afae79d2a1719 reason=TIMEOUT
2026-10-02T22:26:56 [DEBUG] engine: Inference: flow_id=29141df44f47e6c0 risk=0.3334 class=1 latency=1.29ms
2026-10-02T22:26:56 [DEBUG] engine: Inference: flow_id=dedb56fef2a177b1 risk=0.3334 class=1 latency=0.06ms
2026-10-02T22:26:56 [DEBUG] engine: Inference: flow_id=1b9afae79d2a1719 risk=0.3334 class=1 latency=0.03ms
2026-10-02T22:26:57 [DEBUG] flow_state: Skipping non-IP packet (134 similar messages suppressed)
2026-10-02T22:26:58 [DEBUG] flow_state: Skipping non-IP packet (153 similar messages suppressed)
2026-10-02T22:26:59 [DEBUG] flow_state: Skipping non-IP packet (143 similar messages suppressed)
2026-10-02T22:27:00 [DEBUG] flow_state: Skipping non-IP packet (150 similar messages suppressed)
2026-10-02T22:27:01 [DEBUG] flow_state: Skipping non-IP packet (129 similar messages suppressed)
2026-10-02T22:27:01 [DEBUG] flow_state: Flow finalized: flow_id=8e251ad992081ad2 reason=TIMEOUT
2026-10-02T22:27:01 [DEBUG] engine: Inference: flow_id=8e251ad992081ad2 risk=0.3334 class=1 latency=0.14ms
2026-10-02T22:27:02 [DEBUG] flow_state: Skipping non-IP packet (116 similar messages suppressed)
2026-10-02T22:27:03 [DEBUG] flow_state: Skipping non-IP packet (149 similar messages suppressed)
2026-10-02T22:27:04 [DEBUG] flow_state: Skipping non-IP packet (127 similar messages suppressed)
2026-10-02T22:27:05 [DEBUG] flow_state: Skipping non-IP packet (145 similar messages suppressed)
2026-10-02T22:27:06 [DEBUG] flow_state: Skipping non-IP packet (137 similar messages suppressed)
2026-10-02T22:27:07 [DEBUG] flow_state: Skipping non-IP packet (136 similar messages suppressed)
2026-10-02T22:27:07 [DEBUG] flow_state: Flow finalized: flow_id=4fdc0c1901c1efcf reason=TIMEOUT
2026-10-02T22:27:07 [DEBUG] engine: Inference: flow_id=4fdc0c1901c1efcf risk=0.3334 class=1 latency=0.18ms
2026-10-02T22:27:08 [DEBUG] flow_state: Skipping non-IP packet (113 similar messages suppressed)
2026-10-02T22:27:09 [DEBUG] flow_state: Skipping non-IP packet (126 similar messages suppressed)
2026-10-02T22:27:10 [DEBUG] flow_state: Skipping non-IP packet (126 similar messages suppressed)
2026-10-02T22:27:11 [DEBUG] flow_state: Skipping non-IP packet (142 similar messages suppressed)
2026-10-02T22:27:12 [DEBUG] flow_state: Skipping non-IP packet (141 similar messages suppressed)
2026-10-02T22:27:13 [DEBUG] flow_state: Skipping non-IP packet (158 similar messages suppressed)
2026-10-02T22:27:14 [DEBUG] flow_state: Skipping non-IP packet (122 similar messages suppressed)
2026-10-02T22:27:14 [DEBUG] flow_state: Flow finalized: flow_id=4af03050a0a4b54c reason=TIMEOUT
2026-10-02T22:27:14 [DEBUG] flow_state: Flow finalized: flow_id=cfcc8172e7aec7ee reason=TIMEOUT
2026-10-02T22:27:14 [DEBUG] flow_state: Flow finalized: flow_id=c5c8320dec86c4ab reason=TIMEOUT
2026-10-02T22:27:14 [DEBUG] engine: Inference: flow_id=4af03050a0a4b54c risk=0.3334 class=1 latency=0.22ms
2026-10-02T22:27:14 [DEBUG] engine: Inference: flow_id=cfcc8172e7aec7ee risk=0.3334 class=1 latency=0.09ms
2026-10-02T22:27:14 [INFO] engine: Drift detected: features=['fwd_packets_per_sec'] at flow_id=cfcc8172e7aec7ee
2026-10-02T22:27:14 [INFO] optimizer: Retrain cycle started: retrain_id=82ac51b1 trigger=fwd_packets_per_sec
2026-10-02T22:27:14 [DEBUG] engine: Inference: flow_id=c5c8320dec86c4ab risk=0.3334 class=1 latency=0.40ms
2026-10-02T22:27:14 [INFO] optimizer: Training window extracted: 1120 records (requested 2000), ts range [1788513862.2, 1790960234.6]
2026-10-02T22:27:14 [INFO] optimizer: Optuna sweep complete: 3/3 trials in 0.2s, best_value=0.0000, params={'n_estimators': 108, 'learning_rate': 0.21579424511751447, 'num_leaves': 55, 'max_depth': 6, 'min_child_samples': 22}
2026-10-02T22:27:14 [INFO] optimizer: Warm-start fit complete: 0.0s, 108 boosting rounds
2026-10-02T22:27:14 [INFO] golden_holdout: Golden holdout evaluation: accuracy=0.5000 (100/200 correct)
2026-10-02T22:27:14 [INFO] optimizer: Lineage recorded: retrain_id=82ac51b1 status=FAIL accuracy=0.5000
2026-10-02T22:27:14 [INFO] optimizer: Retrain cycle FAILED (gate): retrain_id=82ac51b1 accuracy=0.5000 < threshold=0.9500, duration=0.2s
2026-10-02T22:27:15 [DEBUG] flow_state: Skipping non-IP packet (138 similar messages suppressed)
2026-10-02T22:27:16 [DEBUG] flow_state: Skipping non-IP packet (124 similar messages suppressed)
2026-10-02T22:27:17 [DEBUG] flow_state: Skipping non-IP packet (123 similar messages suppressed)
2026-10-02T22:27:18 [DEBUG] flow_state: Skipping non-IP packet (123 similar messages suppressed)
2026-10-02T22:27:19 [DEBUG] flow_state: Skipping non-IP packet (150 similar messages suppressed)
2026-10-02T22:27:20 [DEBUG] flow_state: Skipping non-IP packet (147 similar messages suppressed)
2026-10-02T22:27:21 [DEBUG] flow_state: Skipping non-IP packet (142 similar messages suppressed)
2026-10-02T22:27:22 [DEBUG] flow_state: Flow finalized: flow_id=0e4a40909dbff334 reason=TIMEOUT
2026-10-02T22:27:22 [DEBUG] flow_state: Flow finalized: flow_id=ba98d80071dd5968 reason=TIMEOUT
2026-10-02T22:27:22 [DEBUG] engine: Inference: flow_id=0e4a40909dbff334 risk=0.3334 class=1 latency=0.20ms
2026-10-02T22:27:22 [DEBUG] engine: Inference: flow_id=ba98d80071dd5968 risk=0.3334 class=1 latency=0.06ms
2026-10-02T22:27:22 [DEBUG] flow_state: Skipping non-IP packet (130 similar messages suppressed)
2026-10-02T22:27:23 [DEBUG] flow_state: Skipping non-IP packet (144 similar messages suppressed)
2026-10-02T22:27:24 [DEBUG] flow_state: Skipping non-IP packet (122 similar messages suppressed)
2026-10-02T22:27:25 [DEBUG] flow_state: Skipping non-IP packet (124 similar messages suppressed)
2026-10-02T22:27:26 [DEBUG] flow_state: Flow finalized: flow_id=57a1338b22944246 reason=TIMEOUT
2026-10-02T22:27:26 [DEBUG] flow_state: Flow finalized: flow_id=5290b85c46f0f13b reason=TIMEOUT
2026-10-02T22:27:26 [DEBUG] flow_state: Flow finalized: flow_id=47ea6c9f51a322c1 reason=TIMEOUT
2026-10-02T22:27:26 [DEBUG] engine: Inference: flow_id=57a1338b22944246 risk=0.3334 class=1 latency=0.17ms
2026-10-02T22:27:26 [DEBUG] engine: Inference: flow_id=5290b85c46f0f13b risk=0.3334 class=1 latency=0.04ms
2026-10-02T22:27:26 [DEBUG] engine: Inference: flow_id=47ea6c9f51a322c1 risk=0.3334 class=1 latency=0.02ms
2026-10-02T22:27:26 [DEBUG] flow_state: Skipping non-IP packet (119 similar messages suppressed)
2026-10-02T22:27:27 [DEBUG] flow_state: Skipping non-IP packet (154 similar messages suppressed)
2026-10-02T22:27:28 [DEBUG] flow_state: Skipping non-IP packet (139 similar messages suppressed)
2026-10-02T22:27:29 [DEBUG] flow_state: Skipping non-IP packet (140 similar messages suppressed)
2026-10-02T22:27:30 [DEBUG] flow_state: Skipping non-IP packet (113 similar messages suppressed)
2026-10-02T22:27:31 [DEBUG] flow_state: Flow finalized: flow_id=bcd6e25983e02ff7 reason=TIMEOUT
2026-10-02T22:27:31 [DEBUG] engine: Inference: flow_id=bcd6e25983e02ff7 risk=0.3334 class=1 latency=1.32ms
2026-10-02T22:27:31 [DEBUG] flow_state: Skipping non-IP packet (125 similar messages suppressed)
2026-10-02T22:27:32 [DEBUG] flow_state: Skipping non-IP packet (119 similar messages suppressed)
2026-10-02T22:27:33 [DEBUG] flow_state: Skipping non-IP packet (105 similar messages suppressed)
2026-10-02T22:27:34 [DEBUG] flow_state: Skipping non-IP packet (154 similar messages suppressed)
2026-10-02T22:27:35 [DEBUG] flow_state: Skipping non-IP packet (153 similar messages suppressed)
2026-10-02T22:27:36 [DEBUG] flow_state: Skipping non-IP packet (129 similar messages suppressed)
2026-10-02T22:27:37 [DEBUG] flow_state: Flow finalized: flow_id=525102dc84873191 reason=TIMEOUT
2026-10-02T22:27:37 [DEBUG] engine: Inference: flow_id=525102dc84873191 risk=0.3334 class=1 latency=0.14ms
2026-10-02T22:27:37 [DEBUG] flow_state: Skipping non-IP packet (142 similar messages suppressed)
2026-10-02T22:27:38 [DEBUG] flow_state: Skipping non-IP packet (125 similar messages suppressed)
2026-10-02T22:27:39 [DEBUG] flow_state: Skipping non-IP packet (131 similar messages suppressed)
2026-10-02T22:27:40 [DEBUG] flow_state: Skipping non-IP packet (139 similar messages suppressed)
2026-10-02T22:27:41 [DEBUG] flow_state: Skipping non-IP packet (138 similar messages suppressed)
2026-10-02T22:27:42 [DEBUG] flow_state: Skipping non-IP packet (150 similar messages suppressed)
2026-10-02T22:27:43 [DEBUG] flow_state: Skipping non-IP packet (137 similar messages suppressed)
2026-10-02T22:27:44 [DEBUG] flow_state: Flow finalized: flow_id=24319954835fd562 reason=TIMEOUT
2026-10-02T22:27:44 [DEBUG] flow_state: Flow finalized: flow_id=91fd483d5b9c54dc reason=TIMEOUT
2026-10-02T22:27:44 [DEBUG] flow_state: Flow finalized: flow_id=70b42b2ad8445c89 reason=TIMEOUT
2026-10-02T22:27:44 [DEBUG] engine: Inference: flow_id=24319954835fd562 risk=0.3334 class=1 latency=0.20ms
2026-10-02T22:27:44 [DEBUG] engine: Inference: flow_id=91fd483d5b9c54dc risk=0.3334 class=1 latency=0.08ms
2026-10-02T22:27:44 [DEBUG] engine: Inference: flow_id=70b42b2ad8445c89 risk=0.3334 class=1 latency=0.04ms
2026-10-02T22:27:44 [DEBUG] flow_state: Skipping non-IP packet (136 similar messages suppressed)
2026-10-02T22:27:45 [DEBUG] flow_state: Skipping non-IP packet (128 similar messages suppressed)
2026-10-02T22:27:46 [DEBUG] flow_state: Skipping non-IP packet (141 similar messages suppressed)
2026-10-02T22:27:48 [DEBUG] flow_state: Skipping non-IP packet (132 similar messages suppressed)
2026-10-02T22:27:49 [DEBUG] flow_state: Skipping non-IP packet (130 similar messages suppressed)
2026-10-02T22:27:50 [DEBUG] flow_state: Skipping non-IP packet (148 similar messages suppressed)
2026-10-02T22:27:51 [DEBUG] flow_state: Skipping non-IP packet (141 similar messages suppressed)
2026-10-02T22:27:52 [DEBUG] flow_state: Skipping non-IP packet (139 similar messages suppressed)
2026-10-02T22:27:52 [DEBUG] flow_state: Flow finalized: flow_id=0436649b34312283 reason=TIMEOUT
2026-10-02T22:27:52 [DEBUG] flow_state: Flow finalized: flow_id=08bc6f5fb6d7b995 reason=TIMEOUT
2026-10-02T22:27:52 [DEBUG] engine: Inference: flow_id=0436649b34312283 risk=0.3334 class=1 latency=0.08ms
2026-10-02T22:27:52 [DEBUG] engine: Inference: flow_id=08bc6f5fb6d7b995 risk=0.3334 class=1 latency=0.03ms
2026-10-02T22:27:53 [DEBUG] flow_state: Skipping non-IP packet (129 similar messages suppressed)
2026-10-02T22:27:54 [DEBUG] flow_state: Skipping non-IP packet (118 similar messages suppressed)
2026-10-02T22:27:55 [DEBUG] flow_state: Skipping non-IP packet (117 similar messages suppressed)
2026-10-02T22:27:56 [DEBUG] flow_state: Skipping non-IP packet (122 similar messages suppressed)
2026-10-02T22:27:56 [DEBUG] flow_state: Flow finalized: flow_id=dea552fc4d5c42aa reason=TIMEOUT
2026-10-02T22:27:56 [DEBUG] flow_state: Flow finalized: flow_id=23b8a80da5f5017d reason=TIMEOUT
2026-10-02T22:27:56 [DEBUG] flow_state: Flow finalized: flow_id=7ade984d3cdabeba reason=TIMEOUT
2026-10-02T22:27:56 [DEBUG] engine: Inference: flow_id=dea552fc4d5c42aa risk=0.3334 class=1 latency=0.08ms
2026-10-02T22:27:56 [DEBUG] engine: Inference: flow_id=23b8a80da5f5017d risk=0.3334 class=1 latency=0.02ms
2026-10-02T22:27:56 [DEBUG] engine: Inference: flow_id=7ade984d3cdabeba risk=0.3334 class=1 latency=0.02ms
2026-10-02T22:27:57 [DEBUG] flow_state: Skipping non-IP packet (169 similar messages suppressed)
2026-10-02T22:27:58 [DEBUG] flow_state: Skipping non-IP packet (157 similar messages suppressed)
2026-10-02T22:27:59 [DEBUG] flow_state: Skipping non-IP packet (139 similar messages suppressed)
2026-10-02T22:28:00 [DEBUG] flow_state: Skipping non-IP packet (131 similar messages suppressed)
2026-10-02T22:28:01 [DEBUG] flow_state: Skipping non-IP packet (113 similar messages suppressed)
2026-10-02T22:28:01 [DEBUG] flow_state: Flow finalized: flow_id=fc1c4c9abeabc1ec reason=TIMEOUT
2026-10-02T22:28:01 [DEBUG] engine: Inference: flow_id=fc1c4c9abeabc1ec risk=0.3334 class=1 latency=0.11ms
2026-10-02T22:28:02 [DEBUG] flow_state: Skipping non-IP packet (119 similar messages suppressed)
2026-10-02T22:28:03 [DEBUG] flow_state: Skipping non-IP packet (135 similar messages suppressed)
2026-10-02T22:28:04 [DEBUG] flow_state: Skipping non-IP packet (133 similar messages suppressed)
2026-10-02T22:28:05 [DEBUG] flow_state: Skipping non-IP packet (151 similar messages suppressed)
2026-10-02T22:28:06 [DEBUG] flow_state: Skipping non-IP packet (158 similar messages suppressed)
2026-10-02T22:28:07 [DEBUG] flow_state: Skipping non-IP packet (129 similar messages suppressed)
2026-10-02T22:28:07 [DEBUG] flow_state: Flow finalized: flow_id=8a3ab8b451986dd4 reason=TIMEOUT
2026-10-02T22:28:07 [DEBUG] engine: Inference: flow_id=8a3ab8b451986dd4 risk=0.3334 class=1 latency=1.26ms
2026-10-02T22:28:08 [DEBUG] flow_state: Skipping non-IP packet (133 similar messages suppressed)
2026-10-02T22:28:09 [DEBUG] flow_state: Skipping non-IP packet (123 similar messages suppressed)
2026-10-02T22:28:10 [DEBUG] flow_state: Skipping non-IP packet (126 similar messages suppressed)
2026-10-02T22:28:11 [DEBUG] flow_state: Skipping non-IP packet (144 similar messages suppressed)
2026-10-02T22:28:12 [DEBUG] flow_state: Skipping non-IP packet (146 similar messages suppressed)
2026-10-02T22:28:13 [DEBUG] flow_state: Skipping non-IP packet (136 similar messages suppressed)
2026-10-02T22:28:14 [DEBUG] flow_state: Skipping non-IP packet (136 similar messages suppressed)
2026-10-02T22:28:14 [DEBUG] flow_state: Flow finalized: flow_id=2860b5315eea8164 reason=TIMEOUT
2026-10-02T22:28:14 [DEBUG] flow_state: Flow finalized: flow_id=2c6f87b4ea589fd8 reason=TIMEOUT
2026-10-02T22:28:14 [DEBUG] flow_state: Flow finalized: flow_id=2206a8b7c914bcff reason=TIMEOUT
2026-10-02T22:28:14 [DEBUG] engine: Inference: flow_id=2860b5315eea8164 risk=0.3334 class=1 latency=0.11ms
2026-10-02T22:28:14 [DEBUG] engine: Inference: flow_id=2c6f87b4ea589fd8 risk=0.3334 class=1 latency=0.03ms
2026-10-02T22:28:14 [DEBUG] engine: Inference: flow_id=2206a8b7c914bcff risk=0.3334 class=1 latency=0.02ms
2026-10-02T22:28:15 [DEBUG] flow_state: Skipping non-IP packet (136 similar messages suppressed)
2026-10-02T22:28:16 [DEBUG] flow_state: Skipping non-IP packet (123 similar messages suppressed)
2026-10-02T22:28:17 [DEBUG] flow_state: Skipping non-IP packet (124 similar messages suppressed)
2026-10-02T22:28:18 [DEBUG] flow_state: Skipping non-IP packet (127 similar messages suppressed)
2026-10-02T22:28:19 [DEBUG] flow_state: Skipping non-IP packet (136 similar messages suppressed)
2026-10-02T22:28:20 [DEBUG] flow_state: Skipping non-IP packet (149 similar messages suppressed)
2026-10-02T22:28:21 [DEBUG] flow_state: Skipping non-IP packet (143 similar messages suppressed)
2026-10-02T22:28:22 [DEBUG] flow_state: Skipping non-IP packet (129 similar messages suppressed)
2026-10-02T22:28:22 [DEBUG] flow_state: Flow finalized: flow_id=94e56fb3990376d5 reason=TIMEOUT
2026-10-02T22:28:22 [DEBUG] flow_state: Flow finalized: flow_id=44fb3557a8dfc1bb reason=TIMEOUT
2026-10-02T22:28:22 [DEBUG] engine: Inference: flow_id=94e56fb3990376d5 risk=0.3334 class=1 latency=0.12ms
2026-10-02T22:28:22 [DEBUG] engine: Inference: flow_id=44fb3557a8dfc1bb risk=0.3334 class=1 latency=0.05ms
2026-10-02T22:28:23 [DEBUG] flow_state: Skipping non-IP packet (119 similar messages suppressed)
2026-10-02T22:28:24 [DEBUG] flow_state: Skipping non-IP packet (137 similar messages suppressed)
2026-10-02T22:28:25 [DEBUG] flow_state: Skipping non-IP packet (119 similar messages suppressed)
2026-10-02T22:28:26 [DEBUG] flow_state: Skipping non-IP packet (149 similar messages suppressed)
2026-10-02T22:28:26 [DEBUG] flow_state: Flow finalized: flow_id=07a4e141813d6ed1 reason=TIMEOUT
2026-10-02T22:28:26 [DEBUG] flow_state: Flow finalized: flow_id=bea02f155292cf69 reason=TIMEOUT
2026-10-02T22:28:26 [DEBUG] flow_state: Flow finalized: flow_id=a8f6d69d081ecd0a reason=TIMEOUT
2026-10-02T22:28:26 [DEBUG] engine: Inference: flow_id=07a4e141813d6ed1 risk=0.3334 class=1 latency=1.12ms
2026-10-02T22:28:26 [DEBUG] engine: Inference: flow_id=bea02f155292cf69 risk=0.3334 class=1 latency=0.04ms
2026-10-02T22:28:26 [DEBUG] engine: Inference: flow_id=a8f6d69d081ecd0a risk=0.3334 class=1 latency=0.02ms
2026-10-02T22:28:27 [DEBUG] flow_state: Skipping non-IP packet (143 similar messages suppressed)
2026-10-02T22:28:28 [DEBUG] flow_state: Skipping non-IP packet (122 similar messages suppressed)
2026-10-02T22:28:29 [DEBUG] flow_state: Skipping non-IP packet (141 similar messages suppressed)
2026-10-02T22:28:30 [DEBUG] flow_state: Skipping non-IP packet (128 similar messages suppressed)
2026-10-02T22:28:31 [DEBUG] flow_state: Flow finalized: flow_id=f3cfb6fc10ea4bf6 reason=TIMEOUT
2026-10-02T22:28:31 [DEBUG] engine: Inference: flow_id=f3cfb6fc10ea4bf6 risk=0.3334 class=1 latency=0.15ms
2026-10-02T22:28:31 [DEBUG] flow_state: Skipping non-IP packet (137 similar messages suppressed)
2026-10-02T22:28:32 [DEBUG] flow_state: Skipping non-IP packet (122 similar messages suppressed)
2026-10-02T22:28:33 [DEBUG] flow_state: Skipping non-IP packet (136 similar messages suppressed)
2026-10-02T22:28:34 [DEBUG] flow_state: Skipping non-IP packet (153 similar messages suppressed)
2026-10-02T22:28:35 [DEBUG] flow_state: Skipping non-IP packet (132 similar messages suppressed)
2026-10-02T22:28:36 [DEBUG] flow_state: Skipping non-IP packet (132 similar messages suppressed)
2026-10-02T22:28:37 [DEBUG] flow_state: Flow finalized: flow_id=610c8054848bf913 reason=TIMEOUT
2026-10-02T22:28:37 [DEBUG] flow_state: Skipping non-IP packet (120 similar messages suppressed)
2026-10-02T22:28:37 [DEBUG] engine: Inference: flow_id=610c8054848bf913 risk=0.3334 class=1 latency=0.52ms
2026-10-02T22:28:38 [DEBUG] flow_state: Skipping non-IP packet (135 similar messages suppressed)
2026-10-02T22:28:39 [DEBUG] flow_state: Flow finalized: flow_id=cc9c4abe0ef983ba reason=TIMEOUT
2026-10-02T22:28:39 [DEBUG] flow_state: Skipping non-IP packet (128 similar messages suppressed)
2026-10-02T22:28:39 [DEBUG] engine: Inference: flow_id=cc9c4abe0ef983ba risk=0.3334 class=1 latency=0.58ms
2026-10-02T22:28:41 [DEBUG] flow_state: Skipping non-IP packet (130 similar messages suppressed)
2026-10-02T22:28:42 [DEBUG] flow_state: Skipping non-IP packet (136 similar messages suppressed)
2026-10-02T22:28:43 [DEBUG] flow_state: Skipping non-IP packet (147 similar messages suppressed)
2026-10-02T22:28:44 [DEBUG] flow_state: Skipping non-IP packet (138 similar messages suppressed)
2026-10-02T22:28:44 [DEBUG] flow_state: Flow finalized: flow_id=7374577567c0f03c reason=TIMEOUT
2026-10-02T22:28:44 [DEBUG] flow_state: Flow finalized: flow_id=32902c8bdf4abbed reason=TIMEOUT
2026-10-02T22:28:44 [DEBUG] flow_state: Flow finalized: flow_id=2e1d9d8f46ac21c6 reason=TIMEOUT
2026-10-02T22:28:44 [DEBUG] engine: Inference: flow_id=7374577567c0f03c risk=0.3334 class=1 latency=0.10ms
2026-10-02T22:28:44 [DEBUG] engine: Inference: flow_id=32902c8bdf4abbed risk=0.3334 class=1 latency=0.05ms
2026-10-02T22:28:44 [DEBUG] engine: Inference: flow_id=2e1d9d8f46ac21c6 risk=0.3334 class=1 latency=0.03ms
2026-10-02T22:28:45 [DEBUG] flow_state: Skipping non-IP packet (132 similar messages suppressed)
2026-10-02T22:28:46 [DEBUG] flow_state: Skipping non-IP packet (141 similar messages suppressed)
2026-10-02T22:28:47 [DEBUG] flow_state: Skipping non-IP packet (130 similar messages suppressed)
2026-10-02T22:28:48 [DEBUG] flow_state: Skipping non-IP packet (119 similar messages suppressed)
2026-10-02T22:28:49 [DEBUG] flow_state: Skipping non-IP packet (130 similar messages suppressed)
2026-10-02T22:28:50 [DEBUG] flow_state: Skipping non-IP packet (147 similar messages suppressed)
2026-10-02T22:28:51 [DEBUG] flow_state: Skipping non-IP packet (165 similar messages suppressed)
2026-10-02T22:28:52 [DEBUG] flow_state: Skipping non-IP packet (145 similar messages suppressed)
2026-10-02T22:28:52 [DEBUG] flow_state: Flow finalized: flow_id=31682b2caa4d388d reason=TIMEOUT
2026-10-02T22:28:52 [DEBUG] flow_state: Flow finalized: flow_id=8162bedae17b921e reason=TIMEOUT
2026-10-02T22:28:52 [DEBUG] engine: Inference: flow_id=31682b2caa4d388d risk=0.3334 class=1 latency=0.13ms
2026-10-02T22:28:52 [DEBUG] engine: Inference: flow_id=8162bedae17b921e risk=0.3334 class=1 latency=0.04ms
2026-10-02T22:28:53 [DEBUG] flow_state: Skipping non-IP packet (127 similar messages suppressed)
2026-10-02T22:28:54 [DEBUG] flow_state: Skipping non-IP packet (137 similar messages suppressed)
2026-10-02T22:28:55 [DEBUG] flow_state: Skipping non-IP packet (117 similar messages suppressed)
2026-10-02T22:28:56 [DEBUG] flow_state: Skipping non-IP packet (130 similar messages suppressed)
2026-10-02T22:28:56 [DEBUG] flow_state: Flow finalized: flow_id=458e2db00757fa96 reason=TIMEOUT
2026-10-02T22:28:56 [DEBUG] flow_state: Flow finalized: flow_id=780201ce3f884d56 reason=TIMEOUT
2026-10-02T22:28:56 [DEBUG] flow_state: Flow finalized: flow_id=35460e771292ba05 reason=TIMEOUT
2026-10-02T22:28:56 [DEBUG] engine: Inference: flow_id=458e2db00757fa96 risk=0.3334 class=1 latency=0.12ms
2026-10-02T22:28:56 [DEBUG] engine: Inference: flow_id=780201ce3f884d56 risk=0.3334 class=1 latency=0.03ms
2026-10-02T22:28:56 [DEBUG] engine: Inference: flow_id=35460e771292ba05 risk=0.3334 class=1 latency=0.05ms
2026-10-02T22:28:57 [DEBUG] flow_state: Skipping non-IP packet (150 similar messages suppressed)
2026-10-02T22:28:58 [DEBUG] flow_state: Skipping non-IP packet (142 similar messages suppressed)
2026-10-02T22:28:59 [DEBUG] flow_state: Skipping non-IP packet (150 similar messages suppressed)
2026-10-02T22:29:00 [DEBUG] flow_state: Skipping non-IP packet (136 similar messages suppressed)
2026-10-02T22:29:01 [DEBUG] flow_state: Skipping non-IP packet (121 similar messages suppressed)
2026-10-02T22:29:01 [DEBUG] flow_state: Flow finalized: flow_id=4865ca26d1c6307c reason=TIMEOUT
2026-10-02T22:29:01 [DEBUG] engine: Inference: flow_id=4865ca26d1c6307c risk=0.3334 class=1 latency=1.20ms
2026-10-02T22:29:02 [DEBUG] flow_state: Skipping non-IP packet (112 similar messages suppressed)
2026-10-02T22:29:03 [DEBUG] flow_state: Skipping non-IP packet (131 similar messages suppressed)
2026-10-02T22:29:04 [DEBUG] flow_state: Skipping non-IP packet (136 similar messages suppressed)
2026-10-02T22:29:05 [DEBUG] flow_state: Skipping non-IP packet (149 similar messages suppressed)
2026-10-02T22:29:06 [DEBUG] flow_state: Skipping non-IP packet (148 similar messages suppressed)
2026-10-02T22:29:07 [DEBUG] flow_state: Skipping non-IP packet (156 similar messages suppressed)
2026-10-02T22:29:08 [DEBUG] flow_state: Flow finalized: flow_id=fd923bba2a464952 reason=TIMEOUT
2026-10-02T22:29:08 [DEBUG] engine: Inference: flow_id=fd923bba2a464952 risk=0.3334 class=1 latency=1.10ms
2026-10-02T22:29:08 [DEBUG] flow_state: Skipping non-IP packet (157 similar messages suppressed)
2026-10-02T22:29:09 [DEBUG] flow_state: Skipping non-IP packet (135 similar messages suppressed)
2026-10-02T22:29:10 [DEBUG] flow_state: Skipping non-IP packet (132 similar messages suppressed)
2026-10-02T22:29:11 [DEBUG] flow_state: Skipping non-IP packet (131 similar messages suppressed)
2026-10-02T22:29:12 [DEBUG] flow_state: Skipping non-IP packet (145 similar messages suppressed)
2026-10-02T22:29:13 [DEBUG] flow_state: Skipping non-IP packet (142 similar messages suppressed)
2026-10-02T22:29:14 [DEBUG] flow_state: Skipping non-IP packet (136 similar messages suppressed)
2026-10-02T22:29:15 [DEBUG] flow_state: Flow finalized: flow_id=53c8117b02796326 reason=TIMEOUT
2026-10-02T22:29:15 [DEBUG] flow_state: Flow finalized: flow_id=00234d23d4534b8e reason=TIMEOUT
2026-10-02T22:29:15 [DEBUG] flow_state: Flow finalized: flow_id=007cc6c5d3255695 reason=TIMEOUT
2026-10-02T22:29:15 [DEBUG] engine: Inference: flow_id=53c8117b02796326 risk=0.3334 class=1 latency=1.30ms
2026-10-02T22:29:15 [DEBUG] engine: Inference: flow_id=00234d23d4534b8e risk=0.3334 class=1 latency=0.06ms
2026-10-02T22:29:15 [DEBUG] engine: Inference: flow_id=007cc6c5d3255695 risk=0.3334 class=1 latency=0.03ms
2026-10-02T22:29:15 [DEBUG] flow_state: Skipping non-IP packet (139 similar messages suppressed)
2026-10-02T22:29:16 [DEBUG] flow_state: Skipping non-IP packet (120 similar messages suppressed)
2026-10-02T22:29:17 [DEBUG] flow_state: Skipping non-IP packet (119 similar messages suppressed)
2026-10-02T22:29:18 [DEBUG] flow_state: Skipping non-IP packet (119 similar messages suppressed)
2026-10-02T22:29:19 [DEBUG] flow_state: Skipping non-IP packet (148 similar messages suppressed)
2026-10-02T22:29:20 [DEBUG] flow_state: Skipping non-IP packet (147 similar messages suppressed)
2026-10-02T22:29:21 [DEBUG] flow_state: Flow finalized: flow_id=65381dd9d67b6ac2 reason=TIMEOUT
2026-10-02T22:29:21 [DEBUG] engine: Inference: flow_id=65381dd9d67b6ac2 risk=0.7469 class=1 latency=0.16ms
2026-10-02T22:29:21 [DEBUG] flow_state: Skipping non-IP packet (138 similar messages suppressed)
2026-10-02T22:29:22 [DEBUG] flow_state: Skipping non-IP packet (142 similar messages suppressed)
2026-10-02T22:29:23 [DEBUG] flow_state: Flow finalized: flow_id=5b8334beffe4fe65 reason=TIMEOUT
2026-10-02T22:29:23 [DEBUG] flow_state: Flow finalized: flow_id=214db193944914e1 reason=TIMEOUT
2026-10-02T22:29:23 [DEBUG] engine: Inference: flow_id=5b8334beffe4fe65 risk=0.3334 class=1 latency=0.18ms
2026-10-02T22:29:23 [DEBUG] engine: Inference: flow_id=214db193944914e1 risk=0.3334 class=1 latency=0.06ms
2026-10-02T22:29:23 [DEBUG] flow_state: Skipping non-IP packet (137 similar messages suppressed)
2026-10-02T22:29:24 [DEBUG] flow_state: Skipping non-IP packet (117 similar messages suppressed)
2026-10-02T22:29:25 [DEBUG] flow_state: Skipping non-IP packet (129 similar messages suppressed)
2026-10-02T22:29:26 [DEBUG] flow_state: Skipping non-IP packet (141 similar messages suppressed)
2026-10-02T22:29:27 [DEBUG] flow_state: Flow finalized: flow_id=6200425ccfc81710 reason=TIMEOUT
2026-10-02T22:29:27 [DEBUG] flow_state: Flow finalized: flow_id=16973430c357b638 reason=TIMEOUT
2026-10-02T22:29:27 [DEBUG] flow_state: Flow finalized: flow_id=b63e451fd40b54b6 reason=TIMEOUT
2026-10-02T22:29:27 [DEBUG] engine: Inference: flow_id=6200425ccfc81710 risk=0.3334 class=1 latency=0.25ms
2026-10-02T22:29:27 [DEBUG] engine: Inference: flow_id=16973430c357b638 risk=0.3334 class=1 latency=0.10ms
2026-10-02T22:29:27 [DEBUG] engine: Inference: flow_id=b63e451fd40b54b6 risk=0.3334 class=1 latency=0.04ms
2026-10-02T22:29:27 [DEBUG] flow_state: Skipping non-IP packet (119 similar messages suppressed)
2026-10-02T22:29:28 [DEBUG] flow_state: Skipping non-IP packet (172 similar messages suppressed)
2026-10-02T22:29:29 [DEBUG] flow_state: Skipping non-IP packet (138 similar messages suppressed)
2026-10-02T22:29:30 [DEBUG] flow_state: Skipping non-IP packet (134 similar messages suppressed)
2026-10-02T22:29:31 [DEBUG] flow_state: Skipping non-IP packet (130 similar messages suppressed)
2026-10-02T22:29:32 [DEBUG] flow_state: Flow finalized: flow_id=697f5248de1a5be1 reason=TIMEOUT
2026-10-02T22:29:32 [DEBUG] engine: Inference: flow_id=697f5248de1a5be1 risk=0.3334 class=1 latency=0.48ms
2026-10-02T22:29:32 [DEBUG] flow_state: Skipping non-IP packet (159 similar messages suppressed)
2026-10-02T22:29:33 [DEBUG] flow_state: Skipping non-IP packet (121 similar messages suppressed)
2026-10-02T22:29:34 [DEBUG] flow_state: Skipping non-IP packet (149 similar messages suppressed)
2026-10-02T22:29:35 [DEBUG] flow_state: Skipping non-IP packet (151 similar messages suppressed)
2026-10-02T22:29:36 [DEBUG] flow_state: Flow finalized: flow_id=97f99e8a8ffd24b3 reason=TIMEOUT
2026-10-02T22:29:36 [DEBUG] engine: Inference: flow_id=97f99e8a8ffd24b3 risk=0.3334 class=1 latency=0.13ms
2026-10-02T22:29:36 [DEBUG] flow_state: Skipping non-IP packet (134 similar messages suppressed)
2026-10-02T22:29:37 [DEBUG] flow_state: Skipping non-IP packet (140 similar messages suppressed)
2026-10-02T22:29:38 [DEBUG] flow_state: Flow finalized: flow_id=6aa140387a77c288 reason=TIMEOUT
2026-10-02T22:29:38 [DEBUG] engine: Inference: flow_id=6aa140387a77c288 risk=0.3334 class=1 latency=2.44ms
2026-10-02T22:29:39 [DEBUG] flow_state: Skipping non-IP packet (115 similar messages suppressed)
2026-10-02T22:29:40 [DEBUG] flow_state: Skipping non-IP packet (135 similar messages suppressed)
2026-10-02T22:29:41 [DEBUG] flow_state: Skipping non-IP packet (136 similar messages suppressed)
2026-10-02T22:29:42 [DEBUG] flow_state: Skipping non-IP packet (126 similar messages suppressed)
2026-10-02T22:29:43 [DEBUG] flow_state: Skipping non-IP packet (144 similar messages suppressed)
2026-10-02T22:29:44 [DEBUG] flow_state: Flow finalized: flow_id=7cfc9cd4e1684030 reason=TIMEOUT
2026-10-02T22:29:44 [DEBUG] flow_state: Flow finalized: flow_id=a69bafad6f14c9e5 reason=TIMEOUT
2026-10-02T22:29:44 [DEBUG] flow_state: Flow finalized: flow_id=d3c842c71cb440d6 reason=TIMEOUT
2026-10-02T22:29:44 [DEBUG] engine: Inference: flow_id=7cfc9cd4e1684030 risk=0.3334 class=1 latency=0.26ms
2026-10-02T22:29:44 [DEBUG] engine: Inference: flow_id=a69bafad6f14c9e5 risk=0.3334 class=1 latency=0.06ms
2026-10-02T22:29:44 [DEBUG] engine: Inference: flow_id=d3c842c71cb440d6 risk=0.3334 class=1 latency=0.05ms
2026-10-02T22:29:44 [DEBUG] flow_state: Skipping non-IP packet (155 similar messages suppressed)
2026-10-02T22:29:45 [DEBUG] flow_state: Skipping non-IP packet (148 similar messages suppressed)
2026-10-02T22:29:46 [DEBUG] flow_state: Skipping non-IP packet (136 similar messages suppressed)
2026-10-02T22:29:47 [DEBUG] flow_state: Skipping non-IP packet (129 similar messages suppressed)
2026-10-02T22:29:48 [DEBUG] flow_state: Skipping non-IP packet (121 similar messages suppressed)
2026-10-02T22:29:49 [DEBUG] flow_state: Skipping non-IP packet (134 similar messages suppressed)
2026-10-02T22:29:50 [DEBUG] flow_state: Skipping non-IP packet (143 similar messages suppressed)
2026-10-02T22:29:51 [DEBUG] flow_state: Skipping non-IP packet (163 similar messages suppressed)
2026-10-02T22:29:52 [DEBUG] flow_state: Skipping non-IP packet (137 similar messages suppressed)
2026-10-02T22:29:53 [DEBUG] flow_state: Flow finalized: flow_id=11870244297af300 reason=TIMEOUT
2026-10-02T22:29:53 [DEBUG] flow_state: Flow finalized: flow_id=8764c537d82541a7 reason=TIMEOUT
2026-10-02T22:29:53 [DEBUG] engine: Inference: flow_id=11870244297af300 risk=0.3334 class=1 latency=0.11ms
2026-10-02T22:29:53 [DEBUG] engine: Inference: flow_id=8764c537d82541a7 risk=0.3334 class=1 latency=0.03ms
2026-10-02T22:29:53 [DEBUG] flow_state: Skipping non-IP packet (119 similar messages suppressed)
2026-10-02T22:29:54 [DEBUG] flow_state: Skipping non-IP packet (61 similar messages suppressed)
2026-10-02T22:29:55 [DEBUG] flow_state: Skipping non-IP packet (67 similar messages suppressed)
2026-10-02T22:29:56 [DEBUG] flow_state: Skipping non-IP packet (64 similar messages suppressed)
2026-10-02T22:29:57 [DEBUG] flow_state: Flow finalized: flow_id=ca21d7cf95f5a8b1 reason=TIMEOUT
2026-10-02T22:29:57 [DEBUG] flow_state: Flow finalized: flow_id=e0e8760d7ec55858 reason=TIMEOUT
2026-10-02T22:29:57 [DEBUG] flow_state: Flow finalized: flow_id=f656167000c3c506 reason=TIMEOUT
2026-10-02T22:29:57 [DEBUG] engine: Inference: flow_id=ca21d7cf95f5a8b1 risk=0.3334 class=1 latency=0.17ms
2026-10-02T22:29:57 [DEBUG] engine: Inference: flow_id=e0e8760d7ec55858 risk=0.3334 class=1 latency=0.03ms
2026-10-02T22:29:57 [DEBUG] engine: Inference: flow_id=f656167000c3c506 risk=0.3334 class=1 latency=0.05ms
2026-10-02T22:29:57 [DEBUG] flow_state: Skipping non-IP packet (62 similar messages suppressed)
2026-10-02T22:29:58 [DEBUG] flow_state: Skipping non-IP packet (62 similar messages suppressed)
2026-10-02T22:29:59 [DEBUG] flow_state: Skipping non-IP packet (64 similar messages suppressed)
2026-10-02T22:30:00 [DEBUG] flow_state: Skipping non-IP packet (67 similar messages suppressed)
2026-10-02T22:30:01 [DEBUG] flow_state: Flow finalized: flow_id=8fa70b10fe34e630 reason=TIMEOUT
2026-10-02T22:30:01 [DEBUG] engine: Inference: flow_id=8fa70b10fe34e630 risk=0.3334 class=1 latency=0.21ms
2026-10-02T22:30:01 [DEBUG] flow_state: Skipping non-IP packet (59 similar messages suppressed)
2026-10-02T22:30:02 [DEBUG] flow_state: Skipping non-IP packet (63 similar messages suppressed)
2026-10-02T22:30:03 [DEBUG] flow_state: Skipping non-IP packet (66 similar messages suppressed)
2026-10-02T22:30:04 [DEBUG] flow_state: Skipping non-IP packet (66 similar messages suppressed)
2026-10-02T22:30:05 [DEBUG] flow_state: Skipping non-IP packet (54 similar messages suppressed)
2026-10-02T22:30:06 [DEBUG] flow_state: Skipping non-IP packet (93 similar messages suppressed)
2026-10-02T22:30:07 [DEBUG] flow_state: Skipping non-IP packet (31 similar messages suppressed)
2026-10-02T22:30:08 [DEBUG] flow_state: Flow finalized: flow_id=fa301077f43270df reason=TIMEOUT
2026-10-02T22:30:08 [DEBUG] engine: Inference: flow_id=fa301077f43270df risk=0.3334 class=1 latency=0.19ms
2026-10-02T22:30:08 [DEBUG] flow_state: Skipping non-IP packet (93 similar messages suppressed)
2026-10-02T22:30:09 [DEBUG] flow_state: Skipping non-IP packet (63 similar messages suppressed)
2026-10-02T22:30:10 [DEBUG] flow_state: Skipping non-IP packet (30 similar messages suppressed)
2026-10-02T22:30:12 [DEBUG] flow_state: Skipping non-IP packet (111 similar messages suppressed)
2026-10-02T22:30:13 [DEBUG] flow_state: Skipping non-IP packet (65 similar messages suppressed)
2026-10-02T22:30:14 [DEBUG] flow_state: Flow finalized: flow_id=5c5e525923a10f3c reason=TIMEOUT
2026-10-02T22:30:14 [DEBUG] flow_state: Flow finalized: flow_id=cfcea76900772987 reason=TIMEOUT
2026-10-02T22:30:14 [DEBUG] flow_state: Flow finalized: flow_id=9c1c352f1a47026a reason=TIMEOUT
2026-10-02T22:30:14 [DEBUG] engine: Inference: flow_id=5c5e525923a10f3c risk=0.3334 class=1 latency=2.50ms
2026-10-02T22:30:14 [DEBUG] engine: Inference: flow_id=cfcea76900772987 risk=0.3334 class=1 latency=0.10ms
2026-10-02T22:30:14 [DEBUG] engine: Inference: flow_id=9c1c352f1a47026a risk=0.3334 class=1 latency=0.04ms
2026-10-02T22:30:14 [DEBUG] flow_state: Skipping non-IP packet (64 similar messages suppressed)
2026-10-02T22:30:15 [DEBUG] flow_state: Skipping non-IP packet (56 similar messages suppressed)
2026-10-02T22:30:16 [DEBUG] flow_state: Skipping non-IP packet (55 similar messages suppressed)
2026-10-02T22:30:17 [DEBUG] flow_state: Skipping non-IP packet (62 similar messages suppressed)
2026-10-02T22:30:18 [DEBUG] flow_state: Skipping non-IP packet (68 similar messages suppressed)
2026-10-02T22:30:19 [DEBUG] flow_state: Skipping non-IP packet (64 similar messages suppressed)
2026-10-02T22:30:20 [DEBUG] flow_state: Skipping non-IP packet (61 similar messages suppressed)
2026-10-02T22:30:21 [DEBUG] flow_state: Skipping non-IP packet (62 similar messages suppressed)
2026-10-02T22:30:22 [DEBUG] flow_state: Skipping non-IP packet (63 similar messages suppressed)
2026-10-02T22:30:23 [DEBUG] flow_state: Flow finalized: flow_id=4ad6229b8a38c8d8 reason=TIMEOUT
2026-10-02T22:30:23 [DEBUG] flow_state: Flow finalized: flow_id=7110931c4286f851 reason=TIMEOUT
2026-10-02T22:30:23 [DEBUG] engine: Inference: flow_id=4ad6229b8a38c8d8 risk=0.3334 class=1 latency=0.16ms
2026-10-02T22:30:23 [DEBUG] engine: Inference: flow_id=7110931c4286f851 risk=0.3334 class=1 latency=0.04ms
2026-10-02T22:30:23 [DEBUG] flow_state: Skipping non-IP packet (63 similar messages suppressed)
2026-10-02T22:30:24 [DEBUG] flow_state: Skipping non-IP packet (61 similar messages suppressed)
2026-10-02T22:30:25 [DEBUG] flow_state: Skipping non-IP packet (63 similar messages suppressed)
2026-10-02T22:30:26 [DEBUG] flow_state: Flow finalized: flow_id=47e4eb1459cc97dc reason=TIMEOUT
2026-10-02T22:30:26 [DEBUG] flow_state: Flow finalized: flow_id=38f16497e63895ad reason=TIMEOUT
2026-10-02T22:30:26 [DEBUG] flow_state: Flow finalized: flow_id=847e0179e11cc584 reason=TIMEOUT
2026-10-02T22:30:26 [DEBUG] engine: Inference: flow_id=47e4eb1459cc97dc risk=0.3334 class=1 latency=0.14ms
2026-10-02T22:30:26 [DEBUG] engine: Inference: flow_id=38f16497e63895ad risk=0.3334 class=1 latency=0.06ms
2026-10-02T22:30:26 [DEBUG] engine: Inference: flow_id=847e0179e11cc584 risk=0.3334 class=1 latency=0.03ms
2026-10-02T22:30:26 [DEBUG] flow_state: Skipping non-IP packet (64 similar messages suppressed)
2026-10-02T22:30:27 [DEBUG] flow_state: Skipping non-IP packet (57 similar messages suppressed)
2026-10-02T22:30:28 [DEBUG] flow_state: Skipping non-IP packet (63 similar messages suppressed)
2026-10-02T22:30:29 [DEBUG] flow_state: Skipping non-IP packet (67 similar messages suppressed)
2026-10-02T22:30:30 [DEBUG] flow_state: Skipping non-IP packet (73 similar messages suppressed)
2026-10-02T22:30:31 [DEBUG] flow_state: Flow finalized: flow_id=e41850b986fd97e8 reason=TIMEOUT
2026-10-02T22:30:31 [DEBUG] engine: Inference: flow_id=e41850b986fd97e8 risk=0.3334 class=1 latency=0.22ms
2026-10-02T22:30:31 [DEBUG] flow_state: Skipping non-IP packet (43 similar messages suppressed)
2026-10-02T22:30:32 [DEBUG] flow_state: Skipping non-IP packet (65 similar messages suppressed)
2026-10-02T22:30:33 [DEBUG] flow_state: Skipping non-IP packet (105 similar messages suppressed)
2026-10-02T22:30:34 [DEBUG] flow_state: Skipping non-IP packet (23 similar messages suppressed)
2026-10-02T22:30:36 [DEBUG] flow_state: Skipping non-IP packet (105 similar messages suppressed)
2026-10-02T22:30:37 [DEBUG] flow_state: Skipping non-IP packet (61 similar messages suppressed)
2026-10-02T22:30:38 [DEBUG] flow_state: Flow finalized: flow_id=374f68aa599b5db9 reason=TIMEOUT
2026-10-02T22:30:38 [DEBUG] engine: Inference: flow_id=374f68aa599b5db9 risk=0.3334 class=1 latency=0.19ms
2026-10-02T22:30:38 [DEBUG] flow_state: Skipping non-IP packet (61 similar messages suppressed)
2026-10-02T22:30:39 [DEBUG] flow_state: Skipping non-IP packet (62 similar messages suppressed)
2026-10-02T22:30:40 [DEBUG] flow_state: Skipping non-IP packet (63 similar messages suppressed)
2026-10-02T22:30:41 [DEBUG] flow_state: Skipping non-IP packet (67 similar messages suppressed)
2026-10-02T22:30:42 [DEBUG] flow_state: Skipping non-IP packet (63 similar messages suppressed)
2026-10-02T22:30:43 [DEBUG] flow_state: Skipping non-IP packet (57 similar messages suppressed)
2026-10-02T22:30:44 [DEBUG] flow_state: Flow finalized: flow_id=aa8414e5b57fb86d reason=TIMEOUT
2026-10-02T22:30:44 [DEBUG] flow_state: Flow finalized: flow_id=d2a902ba18ee8d1b reason=TIMEOUT
2026-10-02T22:30:44 [DEBUG] flow_state: Flow finalized: flow_id=14a971a053051f60 reason=TIMEOUT
2026-10-02T22:30:44 [DEBUG] engine: Inference: flow_id=aa8414e5b57fb86d risk=0.3334 class=1 latency=1.79ms
2026-10-02T22:30:44 [DEBUG] engine: Inference: flow_id=d2a902ba18ee8d1b risk=0.3334 class=1 latency=0.08ms
2026-10-02T22:30:44 [DEBUG] engine: Inference: flow_id=14a971a053051f60 risk=0.3334 class=1 latency=0.03ms
2026-10-02T22:30:44 [DEBUG] flow_state: Skipping non-IP packet (63 similar messages suppressed)
2026-10-02T22:30:45 [DEBUG] flow_state: Skipping non-IP packet (64 similar messages suppressed)
2026-10-02T22:30:46 [DEBUG] flow_state: Skipping non-IP packet (55 similar messages suppressed)
2026-10-02T22:30:47 [DEBUG] flow_state: Skipping non-IP packet (77 similar messages suppressed)
2026-10-02T22:30:48 [DEBUG] flow_state: Skipping non-IP packet (67 similar messages suppressed)
2026-10-02T22:30:49 [DEBUG] flow_state: Skipping non-IP packet (41 similar messages suppressed)
2026-10-02T22:30:50 [DEBUG] flow_state: Skipping non-IP packet (59 similar messages suppressed)
2026-10-02T22:30:51 [DEBUG] flow_state: Skipping non-IP packet (64 similar messages suppressed)
2026-10-02T22:30:52 [DEBUG] flow_state: Flow finalized: flow_id=0d6ba016dcd2eb04 reason=TIMEOUT
2026-10-02T22:30:52 [DEBUG] flow_state: Flow finalized: flow_id=515fa640dcd8bb8c reason=TIMEOUT
2026-10-02T22:30:52 [DEBUG] engine: Inference: flow_id=0d6ba016dcd2eb04 risk=0.3334 class=1 latency=0.19ms
2026-10-02T22:30:52 [DEBUG] engine: Inference: flow_id=515fa640dcd8bb8c risk=0.3334 class=1 latency=0.06ms
2026-10-02T22:30:52 [DEBUG] flow_state: Skipping non-IP packet (78 similar messages suppressed)
2026-10-02T22:30:56 [DEBUG] flow_state: Flow finalized: flow_id=c03dbb7217356b8d reason=TIMEOUT
2026-10-02T22:30:56 [DEBUG] flow_state: Flow finalized: flow_id=c7e4104d7d3209cf reason=TIMEOUT
2026-10-02T22:30:56 [DEBUG] flow_state: Flow finalized: flow_id=69206192cc7371f5 reason=TIMEOUT
2026-10-02T22:30:56 [DEBUG] engine: Inference: flow_id=c03dbb7217356b8d risk=0.3334 class=1 latency=0.20ms
2026-10-02T22:30:56 [DEBUG] engine: Inference: flow_id=c7e4104d7d3209cf risk=0.3334 class=1 latency=0.06ms
2026-10-02T22:30:56 [DEBUG] engine: Inference: flow_id=69206192cc7371f5 risk=0.3334 class=1 latency=0.03ms
2026-10-02T22:31:01 [DEBUG] flow_state: Flow finalized: flow_id=aa92389363b0fca1 reason=TIMEOUT
2026-10-02T22:31:01 [DEBUG] engine: Inference: flow_id=aa92389363b0fca1 risk=0.3334 class=1 latency=0.14ms
2026-10-02T22:31:04 [DEBUG] flow_state: Skipping non-IP packet (28 similar messages suppressed)
2026-10-02T22:31:08 [DEBUG] flow_state: Flow finalized: flow_id=e686897e28cbf138 reason=TIMEOUT
2026-10-02T22:31:08 [DEBUG] engine: Inference: flow_id=e686897e28cbf138 risk=0.3334 class=1 latency=0.15ms
2026-10-02T22:31:14 [DEBUG] flow_state: Flow finalized: flow_id=6729355f46d3a4f1 reason=TIMEOUT
2026-10-02T22:31:14 [DEBUG] flow_state: Flow finalized: flow_id=fbc66dd87e384b60 reason=TIMEOUT
2026-10-02T22:31:14 [DEBUG] flow_state: Flow finalized: flow_id=894e20aef91d3cdd reason=TIMEOUT
2026-10-02T22:31:14 [DEBUG] flow_state: Flow finalized: flow_id=c7460ed81135d9a3 reason=TIMEOUT
2026-10-02T22:31:14 [DEBUG] engine: Inference: flow_id=6729355f46d3a4f1 risk=0.7469 class=1 latency=0.19ms
2026-10-02T22:31:14 [DEBUG] engine: Inference: flow_id=fbc66dd87e384b60 risk=0.3334 class=1 latency=0.08ms
2026-10-02T22:31:14 [DEBUG] engine: Inference: flow_id=894e20aef91d3cdd risk=0.3334 class=1 latency=0.03ms
2026-10-02T22:31:14 [DEBUG] engine: Inference: flow_id=c7460ed81135d9a3 risk=0.3334 class=1 latency=0.03ms
2026-10-02T22:31:14 [DEBUG] flow_state: Skipping non-IP packet (3 similar messages suppressed)
2026-10-02T22:31:22 [DEBUG] flow_state: Flow finalized: flow_id=c89446b835cbb495 reason=TIMEOUT
2026-10-02T22:31:22 [DEBUG] flow_state: Flow finalized: flow_id=0f3fd6c477b2f4b9 reason=TIMEOUT
2026-10-02T22:31:22 [DEBUG] engine: Inference: flow_id=c89446b835cbb495 risk=0.3334 class=1 latency=0.20ms
2026-10-02T22:31:22 [DEBUG] engine: Inference: flow_id=0f3fd6c477b2f4b9 risk=0.3334 class=1 latency=0.06ms
2026-10-02T22:31:26 [DEBUG] flow_state: Flow finalized: flow_id=578b9ffa724a4da2 reason=TIMEOUT
2026-10-02T22:31:26 [DEBUG] flow_state: Flow finalized: flow_id=cd6bd5c0953d989a reason=TIMEOUT
2026-10-02T22:31:26 [DEBUG] flow_state: Flow finalized: flow_id=0e8fe648d8ef837d reason=TIMEOUT
2026-10-02T22:31:26 [DEBUG] engine: Inference: flow_id=578b9ffa724a4da2 risk=0.3334 class=1 latency=0.20ms
2026-10-02T22:31:26 [DEBUG] engine: Inference: flow_id=cd6bd5c0953d989a risk=0.3334 class=1 latency=0.06ms
2026-10-02T22:31:26 [DEBUG] engine: Inference: flow_id=0e8fe648d8ef837d risk=0.3334 class=1 latency=0.03ms
2026-10-02T22:31:31 [DEBUG] flow_state: Flow finalized: flow_id=4da964c2d423fcfe reason=TIMEOUT
2026-10-02T22:31:31 [DEBUG] engine: Inference: flow_id=4da964c2d423fcfe risk=0.3334 class=1 latency=0.13ms
2026-10-02T22:31:34 [DEBUG] flow_state: Skipping non-IP packet (65 similar messages suppressed)
2026-10-02T22:31:37 [DEBUG] flow_state: Flow finalized: flow_id=9e5db80f004372ce reason=TIMEOUT
2026-10-02T22:31:37 [DEBUG] engine: Inference: flow_id=9e5db80f004372ce risk=0.3334 class=1 latency=2.39ms
2026-10-02T22:31:44 [DEBUG] flow_state: Flow finalized: flow_id=62722226004c89ca reason=TIMEOUT
2026-10-02T22:31:44 [DEBUG] flow_state: Flow finalized: flow_id=6b0897928052ef3f reason=TIMEOUT
2026-10-02T22:31:44 [DEBUG] flow_state: Flow finalized: flow_id=3130abd7be6e18d3 reason=TIMEOUT
2026-10-02T22:31:44 [DEBUG] engine: Inference: flow_id=62722226004c89ca risk=0.3334 class=1 latency=0.20ms
2026-10-02T22:31:44 [DEBUG] engine: Inference: flow_id=6b0897928052ef3f risk=0.3334 class=1 latency=0.10ms
2026-10-02T22:31:44 [DEBUG] engine: Inference: flow_id=3130abd7be6e18d3 risk=0.3334 class=1 latency=0.05ms
2026-10-02T22:31:52 [DEBUG] flow_state: Flow finalized: flow_id=7de14e722f591916 reason=TIMEOUT
2026-10-02T22:31:52 [DEBUG] flow_state: Flow finalized: flow_id=6551e827a4f7c78b reason=TIMEOUT
2026-10-02T22:31:52 [DEBUG] engine: Inference: flow_id=7de14e722f591916 risk=0.3334 class=1 latency=0.20ms
2026-10-02T22:31:52 [DEBUG] engine: Inference: flow_id=6551e827a4f7c78b risk=0.3334 class=1 latency=0.07ms
2026-10-02T22:31:56 [DEBUG] flow_state: Flow finalized: flow_id=958b958c01120345 reason=TIMEOUT
2026-10-02T22:31:56 [DEBUG] flow_state: Flow finalized: flow_id=2509b4c910414266 reason=TIMEOUT
2026-10-02T22:31:56 [DEBUG] flow_state: Flow finalized: flow_id=291a87af84f17bd9 reason=TIMEOUT
2026-10-02T22:31:56 [DEBUG] engine: Inference: flow_id=958b958c01120345 risk=0.3334 class=1 latency=0.14ms
2026-10-02T22:31:56 [DEBUG] engine: Inference: flow_id=2509b4c910414266 risk=0.3334 class=1 latency=0.04ms
2026-10-02T22:31:56 [DEBUG] engine: Inference: flow_id=291a87af84f17bd9 risk=0.3334 class=1 latency=0.02ms
2026-10-02T22:32:01 [DEBUG] flow_state: Flow finalized: flow_id=8ad9a0d17e89ec25 reason=TIMEOUT
2026-10-02T22:32:01 [DEBUG] engine: Inference: flow_id=8ad9a0d17e89ec25 risk=0.3334 class=1 latency=0.20ms
2026-10-02T22:32:04 [DEBUG] flow_state: Skipping non-IP packet (3 similar messages suppressed)
2026-10-02T22:32:07 [DEBUG] flow_state: Flow finalized: flow_id=23d760556699483f reason=TIMEOUT
2026-10-02T22:32:07 [DEBUG] engine: Inference: flow_id=23d760556699483f risk=0.3334 class=1 latency=0.19ms
2026-10-02T22:32:10 [DEBUG] flow_state: Flow finalized: flow_id=25cdcf7cced5d61d reason=FIN
2026-10-02T22:32:10 [DEBUG] flow_state: Flow finalized: flow_id=d59eba51b4293408 reason=FIN
2026-10-02T22:32:10 [DEBUG] engine: Inference: flow_id=25cdcf7cced5d61d risk=0.7928 class=1 latency=0.30ms
2026-10-02T22:32:10 [DEBUG] engine: Inference: flow_id=d59eba51b4293408 risk=0.3334 class=1 latency=0.04ms
2026-10-02T22:32:14 [DEBUG] flow_state: Skipping non-IP packet (3 similar messages suppressed)
2026-10-02T22:32:14 [DEBUG] flow_state: Flow finalized: flow_id=226d13e7eaed2e8e reason=TIMEOUT
2026-10-02T22:32:14 [DEBUG] flow_state: Flow finalized: flow_id=f8250b46168f3bfa reason=TIMEOUT
2026-10-02T22:32:14 [DEBUG] flow_state: Flow finalized: flow_id=58bddf5681d96736 reason=TIMEOUT
2026-10-02T22:32:14 [DEBUG] engine: Inference: flow_id=226d13e7eaed2e8e risk=0.3334 class=1 latency=0.10ms
2026-10-02T22:32:14 [DEBUG] engine: Inference: flow_id=f8250b46168f3bfa risk=0.3334 class=1 latency=0.05ms
2026-10-02T22:32:14 [DEBUG] engine: Inference: flow_id=58bddf5681d96736 risk=0.3334 class=1 latency=0.03ms
2026-10-02T22:32:22 [DEBUG] flow_state: Flow finalized: flow_id=d460233a84cb8080 reason=TIMEOUT
2026-10-02T22:32:22 [DEBUG] flow_state: Flow finalized: flow_id=f2e5edf722f58c9f reason=TIMEOUT
2026-10-02T22:32:22 [DEBUG] engine: Inference: flow_id=d460233a84cb8080 risk=0.3334 class=1 latency=2.34ms
2026-10-02T22:32:22 [DEBUG] engine: Inference: flow_id=f2e5edf722f58c9f risk=0.3334 class=1 latency=0.09ms
2026-10-02T22:32:25 [DEBUG] flow_state: Flow finalized: flow_id=1bdad0b5ffb7b1bb reason=TIMEOUT
2026-10-02T22:32:25 [DEBUG] engine: Inference: flow_id=1bdad0b5ffb7b1bb risk=0.3334 class=1 latency=0.20ms
2026-10-02T22:32:26 [DEBUG] flow_state: Flow finalized: flow_id=16c1d68f56ce18be reason=TIMEOUT
2026-10-02T22:32:26 [DEBUG] flow_state: Flow finalized: flow_id=1fd47388bb2ea319 reason=TIMEOUT
2026-10-02T22:32:26 [DEBUG] flow_state: Flow finalized: flow_id=ac955961c42d673b reason=TIMEOUT
2026-10-02T22:32:26 [DEBUG] engine: Inference: flow_id=16c1d68f56ce18be risk=0.3334 class=1 latency=1.87ms
2026-10-02T22:32:26 [DEBUG] engine: Inference: flow_id=1fd47388bb2ea319 risk=0.3334 class=1 latency=0.09ms
2026-10-02T22:32:26 [DEBUG] engine: Inference: flow_id=ac955961c42d673b risk=0.3334 class=1 latency=0.04ms
2026-10-02T22:32:31 [DEBUG] flow_state: Flow finalized: flow_id=2b113a5a4c7bde42 reason=TIMEOUT
2026-10-02T22:32:31 [DEBUG] engine: Inference: flow_id=2b113a5a4c7bde42 risk=0.3334 class=1 latency=1.96ms
2026-10-02T22:32:34 [DEBUG] flow_state: Skipping non-IP packet (65 similar messages suppressed)
2026-10-02T22:32:37 [DEBUG] flow_state: Flow finalized: flow_id=42720ad9d1fc18b2 reason=TIMEOUT
2026-10-02T22:32:37 [DEBUG] engine: Inference: flow_id=42720ad9d1fc18b2 risk=0.3334 class=1 latency=0.24ms
2026-10-02T22:32:44 [DEBUG] flow_state: Flow finalized: flow_id=52a8a32c37fc492d reason=FIN
2026-10-02T22:32:44 [DEBUG] flow_state: Flow finalized: flow_id=96076d6c9ebab8e8 reason=FIN
2026-10-02T22:32:44 [DEBUG] engine: Inference: flow_id=52a8a32c37fc492d risk=0.7928 class=1 latency=0.54ms
2026-10-02T22:32:44 [DEBUG] engine: Inference: flow_id=96076d6c9ebab8e8 risk=0.3334 class=1 latency=0.08ms
2026-10-02T22:32:44 [DEBUG] flow_state: Flow finalized: flow_id=af5bec8488781e2f reason=TIMEOUT
2026-10-02T22:32:44 [DEBUG] flow_state: Flow finalized: flow_id=c12fc774953168aa reason=TIMEOUT
2026-10-02T22:32:44 [DEBUG] flow_state: Flow finalized: flow_id=0811885070b113bc reason=TIMEOUT
2026-10-02T22:32:44 [DEBUG] engine: Inference: flow_id=af5bec8488781e2f risk=0.3334 class=1 latency=0.19ms
2026-10-02T22:32:44 [DEBUG] engine: Inference: flow_id=c12fc774953168aa risk=0.3334 class=1 latency=0.05ms
2026-10-02T22:32:44 [DEBUG] engine: Inference: flow_id=0811885070b113bc risk=0.3334 class=1 latency=0.03ms
2026-10-02T22:32:52 [DEBUG] flow_state: Flow finalized: flow_id=95f8e7fa39e03a05 reason=TIMEOUT
2026-10-02T22:32:52 [DEBUG] flow_state: Flow finalized: flow_id=2f25d64c56732ea7 reason=TIMEOUT
2026-10-02T22:32:52 [DEBUG] engine: Inference: flow_id=95f8e7fa39e03a05 risk=0.3334 class=1 latency=0.21ms
2026-10-02T22:32:52 [DEBUG] engine: Inference: flow_id=2f25d64c56732ea7 risk=0.3334 class=1 latency=0.08ms
2026-10-02T22:32:53 [DEBUG] flow_state: Flow finalized: flow_id=57b6c829a23eb276 reason=FIN
2026-10-02T22:32:53 [DEBUG] flow_state: Flow finalized: flow_id=7c836ffab6f5402c reason=FIN
2026-10-02T22:32:53 [DEBUG] engine: Inference: flow_id=57b6c829a23eb276 risk=0.7928 class=1 latency=0.48ms
2026-10-02T22:32:53 [DEBUG] engine: Inference: flow_id=7c836ffab6f5402c risk=0.3334 class=1 latency=0.08ms
2026-10-02T22:32:56 [DEBUG] flow_state: Flow finalized: flow_id=dd36aa8c36d80472 reason=TIMEOUT
2026-10-02T22:32:56 [DEBUG] flow_state: Flow finalized: flow_id=2fb236da20f0ccf7 reason=TIMEOUT
2026-10-02T22:32:56 [DEBUG] flow_state: Flow finalized: flow_id=7fc418b36bacbd2d reason=TIMEOUT
2026-10-02T22:32:56 [DEBUG] engine: Inference: flow_id=dd36aa8c36d80472 risk=0.3334 class=1 latency=0.21ms
2026-10-02T22:32:56 [DEBUG] engine: Inference: flow_id=2fb236da20f0ccf7 risk=0.3334 class=1 latency=0.08ms
2026-10-02T22:32:56 [DEBUG] engine: Inference: flow_id=7fc418b36bacbd2d risk=0.3334 class=1 latency=0.03ms
2026-10-02T22:32:59 [DEBUG] flow_state: Flow finalized: flow_id=954ec2d56350751f reason=TIMEOUT
2026-10-02T22:32:59 [DEBUG] engine: Inference: flow_id=954ec2d56350751f risk=0.3334 class=1 latency=2.46ms
2026-10-02T22:33:02 [DEBUG] flow_state: Flow finalized: flow_id=e395b64ffd177823 reason=TIMEOUT
2026-10-02T22:33:02 [DEBUG] engine: Inference: flow_id=e395b64ffd177823 risk=0.3334 class=1 latency=0.17ms
2026-10-02T22:33:04 [DEBUG] flow_state: Skipping non-IP packet (3 similar messages suppressed)
2026-10-02T22:33:08 [DEBUG] flow_state: Flow finalized: flow_id=d211f4ad9d488edf reason=TIMEOUT
2026-10-02T22:33:08 [DEBUG] engine: Inference: flow_id=d211f4ad9d488edf risk=0.3334 class=1 latency=0.19ms
2026-10-02T22:33:09 [DEBUG] flow_state: Flow finalized: flow_id=680bb30790ad8954 reason=TIMEOUT
2026-10-02T22:33:09 [DEBUG] engine: Inference: flow_id=680bb30790ad8954 risk=0.3334 class=1 latency=0.12ms
2026-10-02T22:33:14 [DEBUG] flow_state: Skipping non-IP packet (3 similar messages suppressed)
2026-10-02T22:33:15 [DEBUG] flow_state: Flow finalized: flow_id=7b38d6aa9509a13f reason=TIMEOUT
2026-10-02T22:33:15 [DEBUG] flow_state: Flow finalized: flow_id=315430eaec9e154a reason=TIMEOUT
2026-10-02T22:33:15 [DEBUG] flow_state: Flow finalized: flow_id=a6684967caa01bb1 reason=TIMEOUT
2026-10-02T22:33:15 [DEBUG] engine: Inference: flow_id=7b38d6aa9509a13f risk=0.3334 class=1 latency=0.20ms
2026-10-02T22:33:15 [DEBUG] engine: Inference: flow_id=315430eaec9e154a risk=0.3334 class=1 latency=0.06ms
2026-10-02T22:33:15 [DEBUG] engine: Inference: flow_id=a6684967caa01bb1 risk=0.3334 class=1 latency=0.03ms
2026-10-02T22:33:23 [DEBUG] flow_state: Flow finalized: flow_id=034ae666b3917331 reason=TIMEOUT
2026-10-02T22:33:23 [DEBUG] flow_state: Flow finalized: flow_id=891b55680bbdeee7 reason=TIMEOUT
2026-10-02T22:33:23 [DEBUG] engine: Inference: flow_id=034ae666b3917331 risk=0.3334 class=1 latency=0.20ms
2026-10-02T22:33:23 [DEBUG] engine: Inference: flow_id=891b55680bbdeee7 risk=0.3334 class=1 latency=0.05ms
2026-10-02T22:33:27 [DEBUG] flow_state: Flow finalized: flow_id=c167213b8ad0d4f0 reason=TIMEOUT
2026-10-02T22:33:27 [DEBUG] flow_state: Flow finalized: flow_id=0fb57821c02a4411 reason=TIMEOUT
2026-10-02T22:33:27 [DEBUG] flow_state: Flow finalized: flow_id=9b38b41c8d329873 reason=TIMEOUT
2026-10-02T22:33:27 [DEBUG] engine: Inference: flow_id=c167213b8ad0d4f0 risk=0.3334 class=1 latency=0.20ms
2026-10-02T22:33:27 [DEBUG] engine: Inference: flow_id=0fb57821c02a4411 risk=0.3334 class=1 latency=0.05ms
2026-10-02T22:33:27 [DEBUG] engine: Inference: flow_id=9b38b41c8d329873 risk=0.3334 class=1 latency=0.03ms
2026-10-02T22:33:32 [DEBUG] flow_state: Flow finalized: flow_id=814c7d6fb5f815b3 reason=TIMEOUT
2026-10-02T22:33:32 [DEBUG] engine: Inference: flow_id=814c7d6fb5f815b3 risk=0.3334 class=1 latency=0.20ms
2026-10-02T22:33:34 [DEBUG] flow_state: Skipping non-IP packet (63 similar messages suppressed)
2026-10-02T22:33:38 [DEBUG] flow_state: Flow finalized: flow_id=0e0244447c85cfdb reason=TIMEOUT
2026-10-02T22:33:38 [DEBUG] engine: Inference: flow_id=0e0244447c85cfdb risk=0.3334 class=1 latency=0.18ms
2026-10-02T22:33:45 [DEBUG] flow_state: Flow finalized: flow_id=15d8ec6ee2eb576a reason=TIMEOUT
2026-10-02T22:33:45 [DEBUG] flow_state: Flow finalized: flow_id=205ff96eaec40f4b reason=TIMEOUT
2026-10-02T22:33:45 [DEBUG] flow_state: Flow finalized: flow_id=7d04f36fdb35bba4 reason=TIMEOUT
2026-10-02T22:33:45 [DEBUG] engine: Inference: flow_id=15d8ec6ee2eb576a risk=0.3334 class=1 latency=0.19ms
2026-10-02T22:33:45 [DEBUG] engine: Inference: flow_id=205ff96eaec40f4b risk=0.3334 class=1 latency=0.07ms
2026-10-02T22:33:45 [DEBUG] engine: Inference: flow_id=7d04f36fdb35bba4 risk=0.3334 class=1 latency=0.06ms
2026-10-02T22:33:53 [DEBUG] flow_state: Flow finalized: flow_id=daa2be075aa5c7ef reason=TIMEOUT
2026-10-02T22:33:53 [DEBUG] flow_state: Flow finalized: flow_id=5c64b944104ae3ed reason=TIMEOUT
2026-10-02T22:33:53 [DEBUG] engine: Inference: flow_id=daa2be075aa5c7ef risk=0.3334 class=1 latency=0.13ms
2026-10-02T22:33:53 [DEBUG] engine: Inference: flow_id=5c64b944104ae3ed risk=0.3334 class=1 latency=0.04ms
2026-10-02T22:33:57 [DEBUG] flow_state: Flow finalized: flow_id=174e7f9d1ca74dd6 reason=TIMEOUT
2026-10-02T22:33:57 [DEBUG] flow_state: Flow finalized: flow_id=6f91b78200881e46 reason=TIMEOUT
2026-10-02T22:33:57 [DEBUG] flow_state: Flow finalized: flow_id=adb70c77effd1f49 reason=TIMEOUT
2026-10-02T22:33:57 [DEBUG] engine: Inference: flow_id=174e7f9d1ca74dd6 risk=0.3334 class=1 latency=0.19ms
2026-10-02T22:33:57 [DEBUG] engine: Inference: flow_id=6f91b78200881e46 risk=0.3334 class=1 latency=0.06ms
2026-10-02T22:33:57 [DEBUG] engine: Inference: flow_id=adb70c77effd1f49 risk=0.3334 class=1 latency=0.03ms
2026-10-02T22:34:01 [DEBUG] flow_state: Flow finalized: flow_id=117d5a2ba7f34a4b reason=TIMEOUT
2026-10-02T22:34:01 [DEBUG] engine: Inference: flow_id=117d5a2ba7f34a4b risk=0.3334 class=1 latency=0.18ms
2026-10-02T22:34:04 [DEBUG] flow_state: Skipping non-IP packet (3 similar messages suppressed)
2026-10-02T22:34:08 [DEBUG] flow_state: Flow finalized: flow_id=d9555c6c5b032789 reason=TIMEOUT
2026-10-02T22:34:08 [DEBUG] engine: Inference: flow_id=d9555c6c5b032789 risk=0.3334 class=1 latency=2.39ms
2026-10-02T22:34:08 [DEBUG] flow_state: Skipping non-IP packet (3 similar messages suppressed)
2026-10-02T22:34:14 [DEBUG] flow_state: Flow finalized: flow_id=b822859844181913 reason=TIMEOUT
2026-10-02T22:34:14 [DEBUG] flow_state: Flow finalized: flow_id=0d8c5ef5f7d2afb3 reason=TIMEOUT
2026-10-02T22:34:14 [DEBUG] flow_state: Flow finalized: flow_id=9b345c920a8a767f reason=TIMEOUT
2026-10-02T22:34:14 [DEBUG] engine: Inference: flow_id=b822859844181913 risk=0.3334 class=1 latency=0.09ms
2026-10-02T22:34:14 [DEBUG] engine: Inference: flow_id=0d8c5ef5f7d2afb3 risk=0.3334 class=1 latency=0.03ms
2026-10-02T22:34:14 [DEBUG] engine: Inference: flow_id=9b345c920a8a767f risk=0.3334 class=1 latency=0.02ms
2026-10-02T22:34:14 [DEBUG] flow_state: Skipping non-IP packet (1 similar messages suppressed)
2026-10-02T22:34:15 [DEBUG] flow_state: Flow finalized: flow_id=839ff8a4ef2b5f95 reason=FIN
2026-10-02T22:34:15 [DEBUG] flow_state: Flow finalized: flow_id=49eb57f80aa79f8c reason=FIN
2026-10-02T22:34:15 [DEBUG] engine: Inference: flow_id=839ff8a4ef2b5f95 risk=0.7928 class=1 latency=0.28ms
2026-10-02T22:34:15 [DEBUG] engine: Inference: flow_id=49eb57f80aa79f8c risk=0.3334 class=1 latency=0.05ms
2026-10-02T22:34:23 [DEBUG] flow_state: Flow finalized: flow_id=4fdb1fd50c4eff92 reason=TIMEOUT
2026-10-02T22:34:23 [DEBUG] flow_state: Flow finalized: flow_id=265dd47bf243a420 reason=TIMEOUT
2026-10-02T22:34:23 [DEBUG] engine: Inference: flow_id=4fdb1fd50c4eff92 risk=0.3334 class=1 latency=0.13ms
2026-10-02T22:34:23 [DEBUG] engine: Inference: flow_id=265dd47bf243a420 risk=0.3334 class=1 latency=0.05ms
2026-10-02T22:34:24 [DEBUG] flow_state: Flow finalized: flow_id=ce37d23967157307 reason=TIMEOUT
2026-10-02T22:34:24 [DEBUG] flow_state: Flow finalized: flow_id=5ec1acf8b15077c7 reason=TIMEOUT
2026-10-02T22:34:24 [DEBUG] engine: Inference: flow_id=ce37d23967157307 risk=0.3334 class=1 latency=0.18ms
2026-10-02T22:34:24 [DEBUG] engine: Inference: flow_id=5ec1acf8b15077c7 risk=0.3334 class=1 latency=0.07ms
2026-10-02T22:34:24 [INFO] engine: Drift detected: features=['fwd_packets_per_sec'] at flow_id=5ec1acf8b15077c7
2026-10-02T22:34:24 [INFO] optimizer: Retrain cycle started: retrain_id=d93abcd8 trigger=fwd_packets_per_sec
2026-10-02T22:34:24 [INFO] optimizer: Training window extracted: 1279 records (requested 2000), ts range [1788513862.2, 1790960664.3]
2026-10-02T22:34:24 [INFO] optimizer: Optuna sweep complete: 3/3 trials in 0.1s, best_value=0.0000, params={'n_estimators': 114, 'learning_rate': 0.010031116673791723, 'num_leaves': 19, 'max_depth': 5, 'min_child_samples': 10}
2026-10-02T22:34:24 [INFO] optimizer: Warm-start fit complete: 0.0s, 114 boosting rounds
2026-10-02T22:34:24 [INFO] golden_holdout: Golden holdout evaluation: accuracy=0.5000 (100/200 correct)
2026-10-02T22:34:24 [INFO] optimizer: Lineage recorded: retrain_id=d93abcd8 status=FAIL accuracy=0.5000
2026-10-02T22:34:24 [INFO] optimizer: Retrain cycle FAILED (gate): retrain_id=d93abcd8 accuracy=0.5000 < threshold=0.9500, duration=0.2s
2026-10-02T22:34:26 [DEBUG] flow_state: Flow finalized: flow_id=7d48a32224e81c0e reason=TIMEOUT
2026-10-02T22:34:26 [DEBUG] flow_state: Flow finalized: flow_id=9254ab409b140206 reason=TIMEOUT
2026-10-02T22:34:26 [DEBUG] flow_state: Flow finalized: flow_id=3f2a7b0fbe3537b3 reason=TIMEOUT
2026-10-02T22:34:26 [DEBUG] engine: Inference: flow_id=7d48a32224e81c0e risk=0.3334 class=1 latency=0.16ms
2026-10-02T22:34:26 [DEBUG] engine: Inference: flow_id=9254ab409b140206 risk=0.3334 class=1 latency=0.05ms
2026-10-02T22:34:26 [DEBUG] engine: Inference: flow_id=3f2a7b0fbe3537b3 risk=0.3334 class=1 latency=0.06ms
2026-10-02T22:34:31 [DEBUG] flow_state: Flow finalized: flow_id=34d70aa0496ec4b0 reason=TIMEOUT
2026-10-02T22:34:31 [DEBUG] flow_state: Flow finalized: flow_id=9e87ea9db0575cee reason=TIMEOUT
2026-10-02T22:34:31 [DEBUG] engine: Inference: flow_id=34d70aa0496ec4b0 risk=0.3334 class=1 latency=0.18ms
2026-10-02T22:34:31 [DEBUG] engine: Inference: flow_id=9e87ea9db0575cee risk=0.3334 class=1 latency=0.06ms
2026-10-02T22:34:34 [DEBUG] flow_state: Flow finalized: flow_id=acb7e2f65b07084a reason=FIN
2026-10-02T22:34:34 [DEBUG] flow_state: Flow finalized: flow_id=fb85dc3d215be5eb reason=FIN
2026-10-02T22:34:34 [DEBUG] engine: Inference: flow_id=acb7e2f65b07084a risk=0.7928 class=1 latency=0.23ms
2026-10-02T22:34:34 [DEBUG] engine: Inference: flow_id=fb85dc3d215be5eb risk=0.3334 class=1 latency=0.06ms
2026-10-02T22:34:34 [DEBUG] flow_state: Skipping non-IP packet (65 similar messages suppressed)
2026-10-02T22:34:38 [DEBUG] flow_state: Flow finalized: flow_id=96c1fee7d0a7dfc6 reason=TIMEOUT
2026-10-02T22:34:38 [DEBUG] engine: Inference: flow_id=96c1fee7d0a7dfc6 risk=0.3334 class=1 latency=0.21ms
2026-10-02T22:34:45 [DEBUG] flow_state: Flow finalized: flow_id=60c08969b56683a7 reason=TIMEOUT
2026-10-02T22:34:45 [DEBUG] flow_state: Flow finalized: flow_id=59aef161762ad89e reason=TIMEOUT
2026-10-02T22:34:45 [DEBUG] flow_state: Flow finalized: flow_id=7abd7d7e8cd83bed reason=TIMEOUT
2026-10-02T22:34:45 [DEBUG] engine: Inference: flow_id=60c08969b56683a7 risk=0.3334 class=1 latency=0.19ms
2026-10-02T22:34:45 [DEBUG] engine: Inference: flow_id=59aef161762ad89e risk=0.3334 class=1 latency=0.08ms
2026-10-02T22:34:45 [DEBUG] engine: Inference: flow_id=7abd7d7e8cd83bed risk=0.3334 class=1 latency=0.04ms
2026-10-02T22:34:50 [DEBUG] flow_state: Flow finalized: flow_id=d46409e67aacb8d8 reason=TIMEOUT
2026-10-02T22:34:50 [DEBUG] engine: Inference: flow_id=d46409e67aacb8d8 risk=0.3334 class=1 latency=0.19ms
2026-10-02T22:34:53 [DEBUG] flow_state: Flow finalized: flow_id=059f8922bbd2af27 reason=TIMEOUT
2026-10-02T22:34:53 [DEBUG] flow_state: Flow finalized: flow_id=bfd0ab5a344dbcf6 reason=TIMEOUT
2026-10-02T22:34:53 [DEBUG] engine: Inference: flow_id=059f8922bbd2af27 risk=0.3334 class=1 latency=0.21ms
2026-10-02T22:34:53 [DEBUG] engine: Inference: flow_id=bfd0ab5a344dbcf6 risk=0.3334 class=1 latency=0.08ms
2026-10-02T22:34:56 [DEBUG] flow_state: Flow finalized: flow_id=3a5025946f2aeaa5 reason=TIMEOUT
2026-10-02T22:34:56 [DEBUG] flow_state: Flow finalized: flow_id=720619e9a86d6245 reason=TIMEOUT
2026-10-02T22:34:56 [DEBUG] flow_state: Flow finalized: flow_id=1e7f13938d4188b3 reason=TIMEOUT
2026-10-02T22:34:56 [DEBUG] engine: Inference: flow_id=3a5025946f2aeaa5 risk=0.3334 class=1 latency=0.19ms
2026-10-02T22:34:56 [DEBUG] engine: Inference: flow_id=720619e9a86d6245 risk=0.3334 class=1 latency=0.06ms
2026-10-02T22:34:56 [DEBUG] engine: Inference: flow_id=1e7f13938d4188b3 risk=0.3334 class=1 latency=0.03ms
2026-10-02T22:35:01 [DEBUG] flow_state: Flow finalized: flow_id=e3225d530697d3c3 reason=TIMEOUT
2026-10-02T22:35:01 [DEBUG] engine: Inference: flow_id=e3225d530697d3c3 risk=0.3334 class=1 latency=0.18ms
2026-10-02T22:35:04 [DEBUG] flow_state: Skipping non-IP packet (3 similar messages suppressed)
2026-10-02T22:35:08 [DEBUG] flow_state: Flow finalized: flow_id=1a77d556c1fabddb reason=TIMEOUT
2026-10-02T22:35:08 [DEBUG] engine: Inference: flow_id=1a77d556c1fabddb risk=0.3334 class=1 latency=0.19ms
2026-10-02T22:35:14 [DEBUG] flow_state: Flow finalized: flow_id=a4bf65e4cef94e75 reason=TIMEOUT
2026-10-02T22:35:14 [DEBUG] flow_state: Flow finalized: flow_id=e0f013129405da81 reason=TIMEOUT
2026-10-02T22:35:14 [DEBUG] flow_state: Flow finalized: flow_id=861e7bf761ab11c9 reason=TIMEOUT
2026-10-02T22:35:14 [DEBUG] engine: Inference: flow_id=a4bf65e4cef94e75 risk=0.3334 class=1 latency=0.21ms
2026-10-02T22:35:14 [DEBUG] engine: Inference: flow_id=e0f013129405da81 risk=0.3334 class=1 latency=0.07ms
2026-10-02T22:35:14 [DEBUG] engine: Inference: flow_id=861e7bf761ab11c9 risk=0.3334 class=1 latency=0.03ms
2026-10-02T22:35:14 [DEBUG] flow_state: Skipping non-IP packet (3 similar messages suppressed)
2026-10-02T22:35:23 [DEBUG] flow_state: Flow finalized: flow_id=ca1b75e82bf539c7 reason=TIMEOUT
2026-10-02T22:35:23 [DEBUG] flow_state: Flow finalized: flow_id=f189c25fa3fdf784 reason=TIMEOUT
2026-10-02T22:35:23 [DEBUG] engine: Inference: flow_id=ca1b75e82bf539c7 risk=0.3334 class=1 latency=0.20ms
2026-10-02T22:35:23 [DEBUG] engine: Inference: flow_id=f189c25fa3fdf784 risk=0.3334 class=1 latency=0.04ms
2026-10-02T22:35:26 [DEBUG] flow_state: Flow finalized: flow_id=f08a717603fa6253 reason=TIMEOUT
2026-10-02T22:35:26 [DEBUG] flow_state: Flow finalized: flow_id=e7fadb7189f07319 reason=TIMEOUT
2026-10-02T22:35:26 [DEBUG] flow_state: Flow finalized: flow_id=82b56a0036917bf9 reason=TIMEOUT
2026-10-02T22:35:26 [DEBUG] engine: Inference: flow_id=f08a717603fa6253 risk=0.3334 class=1 latency=0.19ms
2026-10-02T22:35:26 [DEBUG] engine: Inference: flow_id=e7fadb7189f07319 risk=0.3334 class=1 latency=0.06ms
2026-10-02T22:35:26 [DEBUG] engine: Inference: flow_id=82b56a0036917bf9 risk=0.3334 class=1 latency=0.03ms
2026-10-02T22:35:31 [DEBUG] flow_state: Flow finalized: flow_id=dec3860fb7cc38a2 reason=TIMEOUT
2026-10-02T22:35:31 [DEBUG] engine: Inference: flow_id=dec3860fb7cc38a2 risk=0.3334 class=1 latency=0.21ms
2026-10-02T22:35:34 [DEBUG] flow_state: Skipping non-IP packet (63 similar messages suppressed)
2026-10-02T22:35:38 [DEBUG] flow_state: Flow finalized: flow_id=5a06ff6b2c7e2c6a reason=TIMEOUT
2026-10-02T22:35:38 [DEBUG] engine: Inference: flow_id=5a06ff6b2c7e2c6a risk=0.3334 class=1 latency=0.18ms
2026-10-02T22:35:44 [DEBUG] flow_state: Flow finalized: flow_id=b2185e9629cb02f6 reason=TIMEOUT
2026-10-02T22:35:44 [DEBUG] flow_state: Flow finalized: flow_id=a820b3c441e7a6a3 reason=TIMEOUT
2026-10-02T22:35:44 [DEBUG] flow_state: Flow finalized: flow_id=4e471f595e76df34 reason=TIMEOUT
2026-10-02T22:35:44 [DEBUG] engine: Inference: flow_id=b2185e9629cb02f6 risk=0.3334 class=1 latency=1.40ms
2026-10-02T22:35:44 [DEBUG] engine: Inference: flow_id=a820b3c441e7a6a3 risk=0.3334 class=1 latency=0.05ms
2026-10-02T22:35:44 [DEBUG] engine: Inference: flow_id=4e471f595e76df34 risk=0.3334 class=1 latency=0.02ms
2026-10-02T22:35:53 [DEBUG] flow_state: Flow finalized: flow_id=8529529a7eb4f672 reason=TIMEOUT
2026-10-02T22:35:53 [DEBUG] flow_state: Flow finalized: flow_id=e7fbec612cc74f79 reason=TIMEOUT
2026-10-02T22:35:53 [DEBUG] engine: Inference: flow_id=8529529a7eb4f672 risk=0.3334 class=1 latency=0.18ms
2026-10-02T22:35:53 [DEBUG] engine: Inference: flow_id=e7fbec612cc74f79 risk=0.3334 class=1 latency=0.04ms
2026-10-02T22:35:56 [DEBUG] flow_state: Flow finalized: flow_id=2529da411e037f79 reason=TIMEOUT
2026-10-02T22:35:56 [DEBUG] flow_state: Flow finalized: flow_id=0182c7ef9238dd66 reason=TIMEOUT
2026-10-02T22:35:56 [DEBUG] flow_state: Flow finalized: flow_id=b6a8a92f47c9e3e8 reason=TIMEOUT
2026-10-02T22:35:56 [DEBUG] engine: Inference: flow_id=2529da411e037f79 risk=0.3334 class=1 latency=0.18ms
2026-10-02T22:35:56 [DEBUG] engine: Inference: flow_id=0182c7ef9238dd66 risk=0.3334 class=1 latency=0.05ms
2026-10-02T22:35:56 [DEBUG] engine: Inference: flow_id=b6a8a92f47c9e3e8 risk=0.3334 class=1 latency=0.03ms
2026-10-02T22:36:01 [DEBUG] flow_state: Flow finalized: flow_id=c0a796208047361f reason=TIMEOUT
2026-10-02T22:36:01 [DEBUG] engine: Inference: flow_id=c0a796208047361f risk=0.3334 class=1 latency=2.13ms
2026-10-02T22:36:04 [DEBUG] flow_state: Skipping non-IP packet (3 similar messages suppressed)
2026-10-02T22:36:08 [DEBUG] flow_state: Flow finalized: flow_id=989b3e31a82e6061 reason=TIMEOUT
2026-10-02T22:36:08 [DEBUG] engine: Inference: flow_id=989b3e31a82e6061 risk=0.3334 class=1 latency=2.32ms
2026-10-02T22:36:14 [DEBUG] flow_state: Skipping non-IP packet (3 similar messages suppressed)
2026-10-02T22:36:14 [DEBUG] flow_state: Flow finalized: flow_id=630663a70a5f6c89 reason=TIMEOUT
2026-10-02T22:36:14 [DEBUG] flow_state: Flow finalized: flow_id=c298542bcfa92347 reason=TIMEOUT
2026-10-02T22:36:14 [DEBUG] flow_state: Flow finalized: flow_id=05c13783b6cdf1ae reason=TIMEOUT
2026-10-02T22:36:14 [DEBUG] engine: Inference: flow_id=630663a70a5f6c89 risk=0.3334 class=1 latency=0.09ms
2026-10-02T22:36:14 [DEBUG] engine: Inference: flow_id=c298542bcfa92347 risk=0.3334 class=1 latency=0.03ms
2026-10-02T22:36:14 [DEBUG] engine: Inference: flow_id=05c13783b6cdf1ae risk=0.3334 class=1 latency=0.02ms
2026-10-02T22:36:22 [DEBUG] flow_state: Flow finalized: flow_id=8b1f6e18a08b74a6 reason=TIMEOUT
2026-10-02T22:36:22 [DEBUG] flow_state: Flow finalized: flow_id=0c3471050b2718e8 reason=TIMEOUT
2026-10-02T22:36:22 [DEBUG] engine: Inference: flow_id=8b1f6e18a08b74a6 risk=0.3334 class=1 latency=0.19ms
2026-10-02T22:36:22 [DEBUG] engine: Inference: flow_id=0c3471050b2718e8 risk=0.3334 class=1 latency=0.05ms
2026-10-02T22:36:26 [DEBUG] flow_state: Flow finalized: flow_id=5e6b000474906584 reason=TIMEOUT
2026-10-02T22:36:26 [DEBUG] flow_state: Flow finalized: flow_id=eeac94acf018e8d6 reason=TIMEOUT
2026-10-02T22:36:26 [DEBUG] flow_state: Flow finalized: flow_id=20a00cf4211319b4 reason=TIMEOUT
2026-10-02T22:36:26 [DEBUG] engine: Inference: flow_id=5e6b000474906584 risk=0.3334 class=1 latency=0.21ms
2026-10-02T22:36:26 [DEBUG] engine: Inference: flow_id=eeac94acf018e8d6 risk=0.3334 class=1 latency=0.06ms
2026-10-02T22:36:26 [DEBUG] engine: Inference: flow_id=20a00cf4211319b4 risk=0.3334 class=1 latency=0.03ms
2026-10-02T22:36:31 [DEBUG] flow_state: Flow finalized: flow_id=dc58eb0f4d1d188c reason=TIMEOUT
2026-10-02T22:36:31 [DEBUG] engine: Inference: flow_id=dc58eb0f4d1d188c risk=0.3334 class=1 latency=0.20ms
2026-10-02T22:36:34 [DEBUG] flow_state: Skipping non-IP packet (65 similar messages suppressed)
2026-10-02T22:36:38 [DEBUG] flow_state: Flow finalized: flow_id=b79012d1da1317b9 reason=TIMEOUT
2026-10-02T22:36:38 [DEBUG] engine: Inference: flow_id=b79012d1da1317b9 risk=0.3334 class=1 latency=0.21ms
2026-10-02T22:36:44 [DEBUG] flow_state: Flow finalized: flow_id=d0dd60c6f4ad3f0d reason=TIMEOUT
2026-10-02T22:36:44 [DEBUG] flow_state: Flow finalized: flow_id=df604a2e90ccd574 reason=TIMEOUT
2026-10-02T22:36:44 [DEBUG] flow_state: Flow finalized: flow_id=ccec6b63693626c7 reason=TIMEOUT
2026-10-02T22:36:44 [DEBUG] engine: Inference: flow_id=d0dd60c6f4ad3f0d risk=0.3334 class=1 latency=0.16ms
2026-10-02T22:36:44 [DEBUG] engine: Inference: flow_id=df604a2e90ccd574 risk=0.3334 class=1 latency=0.03ms
2026-10-02T22:36:44 [DEBUG] engine: Inference: flow_id=ccec6b63693626c7 risk=0.3334 class=1 latency=0.02ms
2026-10-02T22:36:52 [DEBUG] flow_state: Flow finalized: flow_id=c612d768070118d1 reason=TIMEOUT
2026-10-02T22:36:52 [DEBUG] flow_state: Flow finalized: flow_id=0509febf15efcae9 reason=TIMEOUT
2026-10-02T22:36:52 [DEBUG] engine: Inference: flow_id=c612d768070118d1 risk=0.3334 class=1 latency=0.20ms
2026-10-02T22:36:52 [DEBUG] engine: Inference: flow_id=0509febf15efcae9 risk=0.3334 class=1 latency=0.07ms
2026-10-02T22:36:56 [DEBUG] flow_state: Flow finalized: flow_id=1f4c70df3cc8c704 reason=TIMEOUT
2026-10-02T22:36:56 [DEBUG] flow_state: Flow finalized: flow_id=9962260d2afa684f reason=TIMEOUT
2026-10-02T22:36:56 [DEBUG] flow_state: Flow finalized: flow_id=f1512a3159007a53 reason=TIMEOUT
2026-10-02T22:36:56 [DEBUG] engine: Inference: flow_id=1f4c70df3cc8c704 risk=0.3334 class=1 latency=0.18ms
2026-10-02T22:36:56 [DEBUG] engine: Inference: flow_id=9962260d2afa684f risk=0.3334 class=1 latency=0.06ms
2026-10-02T22:36:56 [DEBUG] engine: Inference: flow_id=f1512a3159007a53 risk=0.3334 class=1 latency=0.03ms
2026-10-02T22:37:01 [DEBUG] flow_state: Flow finalized: flow_id=f2f94ad3b07b9b85 reason=TIMEOUT
2026-10-02T22:37:01 [DEBUG] engine: Inference: flow_id=f2f94ad3b07b9b85 risk=0.3334 class=1 latency=0.18ms
2026-10-02T22:37:04 [DEBUG] flow_state: Skipping non-IP packet (3 similar messages suppressed)
2026-10-02T22:37:09 [DEBUG] flow_state: Flow finalized: flow_id=dab46707f1dcb00a reason=TIMEOUT
2026-10-02T22:37:09 [DEBUG] engine: Inference: flow_id=dab46707f1dcb00a risk=0.3334 class=1 latency=0.20ms
2026-10-02T22:37:14 [DEBUG] flow_state: Skipping non-IP packet (3 similar messages suppressed)
2026-10-02T22:37:15 [DEBUG] flow_state: Flow finalized: flow_id=fb55e6bb9a2e3f22 reason=TIMEOUT
2026-10-02T22:37:15 [DEBUG] flow_state: Flow finalized: flow_id=ab98994bc705d92f reason=TIMEOUT
2026-10-02T22:37:15 [DEBUG] flow_state: Flow finalized: flow_id=4f6e41d97b7eecb8 reason=TIMEOUT
2026-10-02T22:37:15 [DEBUG] engine: Inference: flow_id=fb55e6bb9a2e3f22 risk=0.3334 class=1 latency=0.14ms
2026-10-02T22:37:15 [DEBUG] engine: Inference: flow_id=ab98994bc705d92f risk=0.3334 class=1 latency=0.04ms
2026-10-02T22:37:15 [DEBUG] engine: Inference: flow_id=4f6e41d97b7eecb8 risk=0.3334 class=1 latency=0.03ms
2026-10-02T22:37:23 [DEBUG] flow_state: Flow finalized: flow_id=a44ea34411e856e5 reason=TIMEOUT
2026-10-02T22:37:23 [DEBUG] flow_state: Flow finalized: flow_id=98f28298fff6a0d2 reason=TIMEOUT
2026-10-02T22:37:23 [DEBUG] engine: Inference: flow_id=a44ea34411e856e5 risk=0.3334 class=1 latency=0.20ms
2026-10-02T22:37:23 [DEBUG] engine: Inference: flow_id=98f28298fff6a0d2 risk=0.3334 class=1 latency=0.08ms
2026-10-02T22:37:27 [DEBUG] flow_state: Flow finalized: flow_id=3b66514ec2048ef5 reason=TIMEOUT
2026-10-02T22:37:27 [DEBUG] flow_state: Flow finalized: flow_id=7c1a8e2117cdd8c7 reason=TIMEOUT
2026-10-02T22:37:27 [DEBUG] flow_state: Flow finalized: flow_id=33ebcbc9453ebfad reason=TIMEOUT
2026-10-02T22:37:27 [DEBUG] engine: Inference: flow_id=3b66514ec2048ef5 risk=0.3334 class=1 latency=0.22ms
2026-10-02T22:37:27 [DEBUG] engine: Inference: flow_id=7c1a8e2117cdd8c7 risk=0.3334 class=1 latency=0.08ms
2026-10-02T22:37:27 [DEBUG] engine: Inference: flow_id=33ebcbc9453ebfad risk=0.3334 class=1 latency=0.04ms
2026-10-02T22:37:32 [DEBUG] flow_state: Flow finalized: flow_id=055fef4c47166862 reason=TIMEOUT
2026-10-02T22:37:32 [DEBUG] engine: Inference: flow_id=055fef4c47166862 risk=0.3334 class=1 latency=0.19ms
2026-10-02T22:37:34 [DEBUG] flow_state: Skipping non-IP packet (63 similar messages suppressed)
2026-10-02T22:37:38 [DEBUG] flow_state: Flow finalized: flow_id=647706a93126bdb0 reason=TIMEOUT
2026-10-02T22:37:38 [DEBUG] engine: Inference: flow_id=647706a93126bdb0 risk=0.3334 class=1 latency=0.17ms
2026-10-02T22:37:40 [DEBUG] flow_state: Flow finalized: flow_id=ef7dda62d62f11a0 reason=TIMEOUT
2026-10-02T22:37:40 [DEBUG] engine: Inference: flow_id=ef7dda62d62f11a0 risk=0.7469 class=1 latency=2.18ms
2026-10-02T22:37:40 [DEBUG] flow_state: Skipping non-IP packet (3 similar messages suppressed)
2026-10-02T22:37:41 [DEBUG] flow_state: Skipping non-IP packet (2 similar messages suppressed)
2026-10-02T22:37:43 [DEBUG] flow_state: Skipping non-IP packet
2026-10-02T22:37:45 [DEBUG] flow_state: Flow finalized: flow_id=a69eb7849939d02e reason=TIMEOUT
2026-10-02T22:37:45 [DEBUG] flow_state: Flow finalized: flow_id=ada616723071ff08 reason=TIMEOUT
2026-10-02T22:37:45 [DEBUG] flow_state: Flow finalized: flow_id=8806903171770495 reason=TIMEOUT
2026-10-02T22:37:45 [DEBUG] engine: Inference: flow_id=a69eb7849939d02e risk=0.3334 class=1 latency=0.20ms
2026-10-02T22:37:45 [DEBUG] engine: Inference: flow_id=ada616723071ff08 risk=0.3334 class=1 latency=0.06ms
2026-10-02T22:37:45 [DEBUG] engine: Inference: flow_id=8806903171770495 risk=0.3334 class=1 latency=0.03ms
2026-10-02T22:37:47 [DEBUG] flow_state: Skipping non-IP packet (1 similar messages suppressed)
2026-10-02T22:37:53 [DEBUG] flow_state: Flow finalized: flow_id=a5e9bb25f90fdaa2 reason=TIMEOUT
2026-10-02T22:37:53 [DEBUG] flow_state: Flow finalized: flow_id=dbdfb117edcb4092 reason=TIMEOUT
2026-10-02T22:37:53 [DEBUG] engine: Inference: flow_id=a5e9bb25f90fdaa2 risk=0.3334 class=1 latency=0.15ms
2026-10-02T22:37:53 [DEBUG] engine: Inference: flow_id=dbdfb117edcb4092 risk=0.3334 class=1 latency=0.06ms
2026-10-02T22:37:55 [DEBUG] flow_state: Flow finalized: flow_id=2839970a864c354f reason=TIMEOUT
2026-10-02T22:37:55 [DEBUG] engine: Inference: flow_id=2839970a864c354f risk=0.3334 class=1 latency=0.19ms
2026-10-02T22:37:57 [DEBUG] flow_state: Flow finalized: flow_id=b2ff0d8ce06664b5 reason=TIMEOUT
2026-10-02T22:37:57 [DEBUG] flow_state: Flow finalized: flow_id=3a989edddf780eb1 reason=TIMEOUT
2026-10-02T22:37:57 [DEBUG] flow_state: Flow finalized: flow_id=6a27e1d60921274d reason=TIMEOUT
2026-10-02T22:37:57 [DEBUG] engine: Inference: flow_id=b2ff0d8ce06664b5 risk=0.3334 class=1 latency=0.13ms
2026-10-02T22:37:57 [DEBUG] engine: Inference: flow_id=3a989edddf780eb1 risk=0.3334 class=1 latency=0.03ms
2026-10-02T22:37:57 [DEBUG] engine: Inference: flow_id=6a27e1d60921274d risk=0.3334 class=1 latency=0.02ms
2026-10-02T22:38:02 [DEBUG] flow_state: Flow finalized: flow_id=13a01ae929b14df6 reason=TIMEOUT
2026-10-02T22:38:02 [DEBUG] engine: Inference: flow_id=13a01ae929b14df6 risk=0.3334 class=1 latency=0.19ms
2026-10-02T22:38:03 [DEBUG] flow_state: Flow finalized: flow_id=c40bc7fa5b88cdc5 reason=TIMEOUT
2026-10-02T22:38:03 [DEBUG] flow_state: Flow finalized: flow_id=d8d9f25287f7d224 reason=TIMEOUT
2026-10-02T22:38:03 [DEBUG] engine: Inference: flow_id=c40bc7fa5b88cdc5 risk=0.8937 class=1 latency=0.20ms
2026-10-02T22:38:03 [DEBUG] engine: Inference: flow_id=d8d9f25287f7d224 risk=0.8937 class=1 latency=0.06ms
2026-10-02T22:38:04 [DEBUG] flow_state: Skipping non-IP packet (1 similar messages suppressed)
2026-10-02T22:38:08 [DEBUG] flow_state: Flow finalized: flow_id=5efc760053c4b593 reason=TIMEOUT
2026-10-02T22:38:08 [DEBUG] engine: Inference: flow_id=5efc760053c4b593 risk=0.3334 class=1 latency=2.31ms
2026-10-02T22:38:10 [DEBUG] flow_state: Flow finalized: flow_id=3e4b2dc8eea73641 reason=TIMEOUT
2026-10-02T22:38:10 [DEBUG] engine: Inference: flow_id=3e4b2dc8eea73641 risk=0.3334 class=1 latency=0.20ms
2026-10-02T22:38:14 [DEBUG] flow_state: Skipping non-IP packet (3 similar messages suppressed)
2026-10-02T22:38:15 [DEBUG] flow_state: Flow finalized: flow_id=8cb47026fd583707 reason=TIMEOUT
2026-10-02T22:38:15 [DEBUG] flow_state: Flow finalized: flow_id=c537e61b08deb542 reason=TIMEOUT
2026-10-02T22:38:15 [DEBUG] flow_state: Flow finalized: flow_id=f7a2b837dbcf593d reason=TIMEOUT
2026-10-02T22:38:15 [DEBUG] engine: Inference: flow_id=8cb47026fd583707 risk=0.3334 class=1 latency=0.15ms
2026-10-02T22:38:15 [DEBUG] engine: Inference: flow_id=c537e61b08deb542 risk=0.3334 class=1 latency=0.05ms
2026-10-02T22:38:15 [DEBUG] engine: Inference: flow_id=f7a2b837dbcf593d risk=0.3334 class=1 latency=0.03ms
2026-10-02T22:38:23 [DEBUG] flow_state: Flow finalized: flow_id=b1b4ab30811a62b4 reason=TIMEOUT
2026-10-02T22:38:23 [DEBUG] flow_state: Flow finalized: flow_id=f13f86ea323f090f reason=TIMEOUT
2026-10-02T22:38:23 [DEBUG] engine: Inference: flow_id=b1b4ab30811a62b4 risk=0.3334 class=1 latency=0.20ms
2026-10-02T22:38:23 [DEBUG] engine: Inference: flow_id=f13f86ea323f090f risk=0.3334 class=1 latency=0.06ms
2026-10-02T22:38:27 [DEBUG] flow_state: Flow finalized: flow_id=92933d814dd47f59 reason=TIMEOUT
2026-10-02T22:38:27 [DEBUG] flow_state: Flow finalized: flow_id=ac03ed789a92ba07 reason=TIMEOUT
2026-10-02T22:38:27 [DEBUG] flow_state: Flow finalized: flow_id=db5ed760e4da53d2 reason=TIMEOUT
2026-10-02T22:38:27 [DEBUG] engine: Inference: flow_id=92933d814dd47f59 risk=0.3334 class=1 latency=0.19ms
2026-10-02T22:38:27 [DEBUG] engine: Inference: flow_id=ac03ed789a92ba07 risk=0.3334 class=1 latency=0.06ms
2026-10-02T22:38:27 [DEBUG] engine: Inference: flow_id=db5ed760e4da53d2 risk=0.3334 class=1 latency=0.03ms
2026-10-02T22:38:32 [DEBUG] flow_state: Flow finalized: flow_id=40fdf97b9c441cb1 reason=TIMEOUT
2026-10-02T22:38:32 [DEBUG] engine: Inference: flow_id=40fdf97b9c441cb1 risk=0.3334 class=1 latency=0.20ms
2026-10-02T22:38:34 [DEBUG] flow_state: Skipping non-IP packet (63 similar messages suppressed)
2026-10-02T22:38:38 [DEBUG] flow_state: Flow finalized: flow_id=bdc1763eb28efee4 reason=TIMEOUT
2026-10-02T22:38:38 [DEBUG] engine: Inference: flow_id=bdc1763eb28efee4 risk=0.3334 class=1 latency=0.30ms
2026-10-02T22:38:45 [DEBUG] flow_state: Flow finalized: flow_id=0ea20bef6823d655 reason=TIMEOUT
2026-10-02T22:38:45 [DEBUG] flow_state: Flow finalized: flow_id=a2acde4e9bf8c24b reason=TIMEOUT
2026-10-02T22:38:45 [DEBUG] flow_state: Flow finalized: flow_id=92086825fe2c92c1 reason=TIMEOUT
2026-10-02T22:38:45 [DEBUG] engine: Inference: flow_id=0ea20bef6823d655 risk=0.3334 class=1 latency=2.34ms
2026-10-02T22:38:45 [DEBUG] engine: Inference: flow_id=a2acde4e9bf8c24b risk=0.3334 class=1 latency=0.11ms
2026-10-02T22:38:45 [DEBUG] engine: Inference: flow_id=92086825fe2c92c1 risk=0.3334 class=1 latency=0.04ms
2026-10-02T22:38:53 [DEBUG] flow_state: Flow finalized: flow_id=a0a290b8b1bd0968 reason=TIMEOUT
2026-10-02T22:38:53 [DEBUG] flow_state: Flow finalized: flow_id=b1e0a5092e12500a reason=TIMEOUT
2026-10-02T22:38:53 [DEBUG] engine: Inference: flow_id=a0a290b8b1bd0968 risk=0.3334 class=1 latency=0.23ms
2026-10-02T22:38:53 [DEBUG] engine: Inference: flow_id=b1e0a5092e12500a risk=0.3334 class=1 latency=0.06ms
2026-10-02T22:38:57 [DEBUG] flow_state: Flow finalized: flow_id=75bf95f760f7cfa1 reason=TIMEOUT
2026-10-02T22:38:57 [DEBUG] flow_state: Flow finalized: flow_id=2eee0d1c135cd4b0 reason=TIMEOUT
2026-10-02T22:38:57 [DEBUG] flow_state: Flow finalized: flow_id=ae75f6f28706f72e reason=TIMEOUT
2026-10-02T22:38:57 [DEBUG] engine: Inference: flow_id=75bf95f760f7cfa1 risk=0.3334 class=1 latency=0.08ms
2026-10-02T22:38:57 [DEBUG] engine: Inference: flow_id=2eee0d1c135cd4b0 risk=0.3334 class=1 latency=0.16ms
2026-10-02T22:38:57 [DEBUG] engine: Inference: flow_id=ae75f6f28706f72e risk=0.3334 class=1 latency=0.03ms
2026-10-02T22:39:02 [DEBUG] flow_state: Flow finalized: flow_id=045a6bc429f158c1 reason=TIMEOUT
2026-10-02T22:39:02 [DEBUG] engine: Inference: flow_id=045a6bc429f158c1 risk=0.3334 class=1 latency=0.19ms
2026-10-02T22:39:04 [DEBUG] flow_state: Skipping non-IP packet (3 similar messages suppressed)
2026-10-02T22:39:08 [DEBUG] flow_state: Flow finalized: flow_id=fa34ff2752a9a70c reason=TIMEOUT
2026-10-02T22:39:08 [DEBUG] engine: Inference: flow_id=fa34ff2752a9a70c risk=0.3334 class=1 latency=0.19ms
2026-10-02T22:39:12 [DEBUG] flow_state: Skipping non-IP packet (3 similar messages suppressed)
2026-10-02T22:39:13 [DEBUG] flow_state: Skipping non-IP packet (1 similar messages suppressed)
2026-10-02T22:39:14 [DEBUG] flow_state: Skipping non-IP packet (11 similar messages suppressed)
2026-10-02T22:39:15 [DEBUG] flow_state: Flow finalized: flow_id=2d43dcb253861f02 reason=TIMEOUT
2026-10-02T22:39:15 [DEBUG] flow_state: Flow finalized: flow_id=a12c51e7507c8281 reason=TIMEOUT
2026-10-02T22:39:15 [DEBUG] flow_state: Flow finalized: flow_id=a0e122bfaa680a7d reason=TIMEOUT
2026-10-02T22:39:15 [DEBUG] engine: Inference: flow_id=2d43dcb253861f02 risk=0.3334 class=1 latency=0.19ms
2026-10-02T22:39:15 [DEBUG] engine: Inference: flow_id=a12c51e7507c8281 risk=0.3334 class=1 latency=0.06ms
2026-10-02T22:39:15 [DEBUG] engine: Inference: flow_id=a0e122bfaa680a7d risk=0.3334 class=1 latency=0.04ms
2026-10-02T22:39:16 [DEBUG] flow_state: Skipping non-IP packet (53 similar messages suppressed)
2026-10-02T22:39:18 [DEBUG] flow_state: Skipping non-IP packet (3 similar messages suppressed)
2026-10-02T22:39:21 [DEBUG] flow_state: Skipping non-IP packet (1 similar messages suppressed)
2026-10-02T22:39:23 [DEBUG] flow_state: Flow finalized: flow_id=5c136840c1d8ed84 reason=TIMEOUT
2026-10-02T22:39:23 [DEBUG] flow_state: Flow finalized: flow_id=9a6d2e14e010560e reason=TIMEOUT
2026-10-02T22:39:23 [DEBUG] engine: Inference: flow_id=5c136840c1d8ed84 risk=0.3334 class=1 latency=0.17ms
2026-10-02T22:39:23 [DEBUG] engine: Inference: flow_id=9a6d2e14e010560e risk=0.3334 class=1 latency=0.04ms
2026-10-02T22:39:26 [DEBUG] flow_state: Flow finalized: flow_id=bc20fb8d6c6880c7 reason=TIMEOUT
2026-10-02T22:39:26 [DEBUG] flow_state: Flow finalized: flow_id=b18bad5ad77afd01 reason=TIMEOUT
2026-10-02T22:39:26 [DEBUG] flow_state: Flow finalized: flow_id=737c07e4f7b59fb1 reason=TIMEOUT
2026-10-02T22:39:26 [DEBUG] engine: Inference: flow_id=bc20fb8d6c6880c7 risk=0.3334 class=1 latency=1.13ms
2026-10-02T22:39:26 [DEBUG] engine: Inference: flow_id=b18bad5ad77afd01 risk=0.3334 class=1 latency=0.07ms
2026-10-02T22:39:26 [DEBUG] engine: Inference: flow_id=737c07e4f7b59fb1 risk=0.3334 class=1 latency=0.04ms
2026-10-02T22:39:30 [DEBUG] flow_state: Skipping non-IP packet (1 similar messages suppressed)
2026-10-02T22:39:30 [DEBUG] flow_state: Flow finalized: flow_id=88cd90c4eda3e772 reason=FIN
2026-10-02T22:39:30 [DEBUG] flow_state: Flow finalized: flow_id=00ffba12c4cc7ef4 reason=FIN
2026-10-02T22:39:30 [DEBUG] engine: Inference: flow_id=88cd90c4eda3e772 risk=0.7928 class=1 latency=0.38ms
2026-10-02T22:39:30 [DEBUG] engine: Inference: flow_id=00ffba12c4cc7ef4 risk=0.3334 class=1 latency=0.04ms
2026-10-02T22:39:31 [DEBUG] flow_state: Flow finalized: flow_id=148c47c314eae135 reason=TIMEOUT
2026-10-02T22:39:31 [DEBUG] engine: Inference: flow_id=148c47c314eae135 risk=0.3334 class=1 latency=0.11ms
2026-10-02T22:39:34 [DEBUG] flow_state: Skipping non-IP packet (1 similar messages suppressed)
2026-10-02T22:39:38 [DEBUG] flow_state: Flow finalized: flow_id=7c1be92fc7a5d8f4 reason=TIMEOUT
2026-10-02T22:39:38 [DEBUG] engine: Inference: flow_id=7c1be92fc7a5d8f4 risk=0.3334 class=1 latency=0.20ms
2026-10-02T22:39:45 [DEBUG] flow_state: Flow finalized: flow_id=9a1670fc34b5c272 reason=TIMEOUT
2026-10-02T22:39:45 [DEBUG] flow_state: Flow finalized: flow_id=5ea7691312190e04 reason=TIMEOUT
2026-10-02T22:39:45 [DEBUG] flow_state: Flow finalized: flow_id=ac5546b1700843e3 reason=TIMEOUT
2026-10-02T22:39:45 [DEBUG] flow_state: Flow finalized: flow_id=fd69bf288ca72f09 reason=TIMEOUT
2026-10-02T22:39:45 [DEBUG] flow_state: Flow finalized: flow_id=a634fea055eca941 reason=TIMEOUT
2026-10-02T22:39:45 [DEBUG] engine: Inference: flow_id=9a1670fc34b5c272 risk=0.7469 class=1 latency=0.17ms
2026-10-02T22:39:45 [DEBUG] engine: Inference: flow_id=5ea7691312190e04 risk=0.7469 class=1 latency=0.04ms
2026-10-02T22:39:45 [DEBUG] engine: Inference: flow_id=ac5546b1700843e3 risk=0.3334 class=1 latency=0.03ms
2026-10-02T22:39:45 [DEBUG] engine: Inference: flow_id=fd69bf288ca72f09 risk=0.3334 class=1 latency=0.02ms
2026-10-02T22:39:45 [DEBUG] engine: Inference: flow_id=a634fea055eca941 risk=0.3334 class=1 latency=0.02ms
2026-10-02T22:39:46 [DEBUG] flow_state: Flow finalized: flow_id=b4dd4c700bf20129 reason=TIMEOUT
2026-10-02T22:39:46 [DEBUG] engine: Inference: flow_id=b4dd4c700bf20129 risk=0.3334 class=1 latency=0.20ms
2026-10-02T22:39:53 [DEBUG] flow_state: Flow finalized: flow_id=a58efda15b934447 reason=TIMEOUT
2026-10-02T22:39:53 [DEBUG] flow_state: Flow finalized: flow_id=299279d6a8dfb493 reason=TIMEOUT
2026-10-02T22:39:53 [DEBUG] engine: Inference: flow_id=a58efda15b934447 risk=0.3334 class=1 latency=0.20ms
2026-10-02T22:39:53 [DEBUG] engine: Inference: flow_id=299279d6a8dfb493 risk=0.3334 class=1 latency=0.08ms
2026-10-02T22:39:56 [DEBUG] flow_state: Flow finalized: flow_id=1d57b3da6bd02fbb reason=TIMEOUT
2026-10-02T22:39:56 [DEBUG] flow_state: Flow finalized: flow_id=c6843a8d192d7fb5 reason=TIMEOUT
2026-10-02T22:39:56 [DEBUG] flow_state: Flow finalized: flow_id=d9e183359ee607d5 reason=TIMEOUT
2026-10-02T22:39:56 [DEBUG] engine: Inference: flow_id=1d57b3da6bd02fbb risk=0.3334 class=1 latency=0.09ms
2026-10-02T22:39:56 [DEBUG] engine: Inference: flow_id=c6843a8d192d7fb5 risk=0.3334 class=1 latency=0.03ms
2026-10-02T22:39:56 [DEBUG] engine: Inference: flow_id=d9e183359ee607d5 risk=0.3334 class=1 latency=0.02ms
2026-10-02T22:39:57 [DEBUG] flow_state: Skipping non-IP packet (3 similar messages suppressed)
2026-10-02T22:40:01 [DEBUG] flow_state: Flow finalized: flow_id=deb06e3d5d43df29 reason=TIMEOUT
2026-10-02T22:40:01 [DEBUG] engine: Inference: flow_id=deb06e3d5d43df29 risk=0.3334 class=1 latency=0.13ms
2026-10-02T22:40:02 [DEBUG] flow_state: Flow finalized: flow_id=bb55a014e87b4221 reason=FIN
2026-10-02T22:40:02 [DEBUG] flow_state: Flow finalized: flow_id=fbfd75d2bbd97744 reason=FIN
2026-10-02T22:40:02 [DEBUG] engine: Inference: flow_id=bb55a014e87b4221 risk=0.7928 class=1 latency=0.24ms
2026-10-02T22:40:02 [DEBUG] engine: Inference: flow_id=fbfd75d2bbd97744 risk=0.3334 class=1 latency=0.09ms
2026-10-02T22:40:04 [DEBUG] flow_state: Skipping non-IP packet (1 similar messages suppressed)
2026-10-02T22:40:08 [DEBUG] flow_state: Flow finalized: flow_id=05088b473efb45dd reason=TIMEOUT
2026-10-02T22:40:08 [DEBUG] engine: Inference: flow_id=05088b473efb45dd risk=0.3334 class=1 latency=0.20ms
2026-10-02T22:40:12 [DEBUG] flow_state: Flow finalized: flow_id=cbda4380499dea82 reason=TIMEOUT
2026-10-02T22:40:12 [DEBUG] flow_state: Flow finalized: flow_id=e417bbbcee0f6393 reason=TIMEOUT
2026-10-02T22:40:12 [DEBUG] engine: Inference: flow_id=cbda4380499dea82 risk=0.3334 class=1 latency=0.17ms
2026-10-02T22:40:12 [DEBUG] engine: Inference: flow_id=e417bbbcee0f6393 risk=0.3334 class=1 latency=0.04ms
2026-10-02T22:40:14 [DEBUG] flow_state: Skipping non-IP packet (3 similar messages suppressed)
2026-10-02T22:40:15 [DEBUG] flow_state: Flow finalized: flow_id=04a838ccda5af047 reason=TIMEOUT
2026-10-02T22:40:15 [DEBUG] flow_state: Flow finalized: flow_id=683ff98cc56650cf reason=TIMEOUT
2026-10-02T22:40:15 [DEBUG] flow_state: Flow finalized: flow_id=5c8fd2c24297f054 reason=TIMEOUT
2026-10-02T22:40:15 [DEBUG] engine: Inference: flow_id=04a838ccda5af047 risk=0.3334 class=1 latency=0.20ms
2026-10-02T22:40:15 [DEBUG] engine: Inference: flow_id=683ff98cc56650cf risk=0.3334 class=1 latency=0.05ms
2026-10-02T22:40:15 [DEBUG] engine: Inference: flow_id=5c8fd2c24297f054 risk=0.3334 class=1 latency=0.03ms
2026-10-02T22:40:17 [DEBUG] flow_state: Flow finalized: flow_id=0d6157b080d09b8d reason=TIMEOUT
2026-10-02T22:40:17 [DEBUG] engine: Inference: flow_id=0d6157b080d09b8d risk=0.3334 class=1 latency=0.19ms
2026-10-02T22:40:23 [DEBUG] flow_state: Flow finalized: flow_id=23a310255863050e reason=TIMEOUT
2026-10-02T22:40:23 [DEBUG] flow_state: Flow finalized: flow_id=7e09827d9e23c7d2 reason=TIMEOUT
2026-10-02T22:40:23 [DEBUG] engine: Inference: flow_id=23a310255863050e risk=0.3334 class=1 latency=0.20ms
2026-10-02T22:40:23 [DEBUG] engine: Inference: flow_id=7e09827d9e23c7d2 risk=0.3334 class=1 latency=0.06ms
2026-10-02T22:40:26 [DEBUG] flow_state: Flow finalized: flow_id=e1fe80582f827cef reason=TIMEOUT
2026-10-02T22:40:26 [DEBUG] flow_state: Flow finalized: flow_id=dbbdbe751580e7d3 reason=TIMEOUT
2026-10-02T22:40:26 [DEBUG] flow_state: Flow finalized: flow_id=b583caf5dd39d797 reason=TIMEOUT
2026-10-02T22:40:26 [DEBUG] engine: Inference: flow_id=e1fe80582f827cef risk=0.3334 class=1 latency=0.16ms
2026-10-02T22:40:26 [DEBUG] engine: Inference: flow_id=dbbdbe751580e7d3 risk=0.3334 class=1 latency=0.03ms
2026-10-02T22:40:26 [DEBUG] engine: Inference: flow_id=b583caf5dd39d797 risk=0.3334 class=1 latency=0.02ms
2026-10-02T22:40:31 [DEBUG] flow_state: Flow finalized: flow_id=7fa81b8bd03b9a77 reason=TIMEOUT
2026-10-02T22:40:31 [DEBUG] engine: Inference: flow_id=7fa81b8bd03b9a77 risk=0.3334 class=1 latency=0.16ms
2026-10-02T22:40:34 [DEBUG] flow_state: Skipping non-IP packet (63 similar messages suppressed)
2026-10-02T22:40:38 [DEBUG] flow_state: Flow finalized: flow_id=fbd46aabe4e10f3b reason=TIMEOUT
2026-10-02T22:40:38 [DEBUG] engine: Inference: flow_id=fbd46aabe4e10f3b risk=0.3334 class=1 latency=0.19ms
2026-10-02T22:40:40 [DEBUG] flow_state: Flow finalized: flow_id=cf8ad354d2772b2a reason=TIMEOUT
2026-10-02T22:40:40 [DEBUG] engine: Inference: flow_id=cf8ad354d2772b2a risk=0.7928 class=1 latency=1.32ms
2026-10-02T22:40:45 [DEBUG] flow_state: Flow finalized: flow_id=b2c29cd7d78554d3 reason=TIMEOUT
2026-10-02T22:40:45 [DEBUG] flow_state: Flow finalized: flow_id=79b364b453a6099f reason=TIMEOUT
2026-10-02T22:40:45 [DEBUG] flow_state: Flow finalized: flow_id=fab1d515437da00e reason=TIMEOUT
2026-10-02T22:40:45 [DEBUG] engine: Inference: flow_id=b2c29cd7d78554d3 risk=0.3334 class=1 latency=0.17ms
2026-10-02T22:40:45 [DEBUG] engine: Inference: flow_id=79b364b453a6099f risk=0.3334 class=1 latency=0.04ms
2026-10-02T22:40:45 [DEBUG] engine: Inference: flow_id=fab1d515437da00e risk=0.3334 class=1 latency=0.02ms
2026-10-02T22:40:53 [DEBUG] flow_state: Flow finalized: flow_id=a982cd17a37aafab reason=TIMEOUT
2026-10-02T22:40:53 [DEBUG] flow_state: Flow finalized: flow_id=d48ff59547849045 reason=TIMEOUT
2026-10-02T22:40:53 [DEBUG] engine: Inference: flow_id=a982cd17a37aafab risk=0.3334 class=1 latency=0.15ms
2026-10-02T22:40:53 [DEBUG] engine: Inference: flow_id=d48ff59547849045 risk=0.3334 class=1 latency=0.05ms
2026-10-02T22:40:55 [DEBUG] flow_state: Flow finalized: flow_id=6d88c316555929fc reason=TIMEOUT
2026-10-02T22:40:55 [DEBUG] engine: Inference: flow_id=6d88c316555929fc risk=0.3334 class=1 latency=0.17ms
2026-10-02T22:40:56 [DEBUG] flow_state: Flow finalized: flow_id=a7518904e2c81394 reason=TIMEOUT
2026-10-02T22:40:56 [DEBUG] flow_state: Flow finalized: flow_id=7b46cfeb8fe9a8c2 reason=TIMEOUT
2026-10-02T22:40:56 [DEBUG] flow_state: Flow finalized: flow_id=26ce8b40bb824a87 reason=TIMEOUT
2026-10-02T22:40:56 [DEBUG] engine: Inference: flow_id=a7518904e2c81394 risk=0.3334 class=1 latency=0.19ms
2026-10-02T22:40:56 [DEBUG] engine: Inference: flow_id=7b46cfeb8fe9a8c2 risk=0.3334 class=1 latency=0.06ms
2026-10-02T22:40:56 [DEBUG] engine: Inference: flow_id=26ce8b40bb824a87 risk=0.3334 class=1 latency=0.03ms
2026-10-02T22:41:01 [DEBUG] flow_state: Flow finalized: flow_id=8eaa9f3048264395 reason=TIMEOUT
2026-10-02T22:41:01 [DEBUG] engine: Inference: flow_id=8eaa9f3048264395 risk=0.3334 class=1 latency=0.17ms
2026-10-02T22:41:04 [DEBUG] flow_state: Skipping non-IP packet (3 similar messages suppressed)
2026-10-02T22:41:08 [DEBUG] flow_state: Flow finalized: flow_id=05b10eced5c320bb reason=TIMEOUT
2026-10-02T22:41:08 [DEBUG] engine: Inference: flow_id=05b10eced5c320bb risk=0.3334 class=1 latency=0.18ms
2026-10-02T22:41:10 [DEBUG] flow_state: Flow finalized: flow_id=abfe17b84281be21 reason=TIMEOUT
2026-10-02T22:41:10 [DEBUG] engine: Inference: flow_id=abfe17b84281be21 risk=0.3334 class=1 latency=0.19ms
2026-10-02T22:41:14 [DEBUG] flow_state: Skipping non-IP packet (3 similar messages suppressed)
2026-10-02T22:41:15 [DEBUG] flow_state: Flow finalized: flow_id=4582be6b699dda65 reason=TIMEOUT
2026-10-02T22:41:15 [DEBUG] flow_state: Flow finalized: flow_id=7adedcfc2a444b22 reason=TIMEOUT
2026-10-02T22:41:15 [DEBUG] flow_state: Flow finalized: flow_id=b2505138f09eff82 reason=TIMEOUT
2026-10-02T22:41:15 [DEBUG] engine: Inference: flow_id=4582be6b699dda65 risk=0.3334 class=1 latency=0.12ms
2026-10-02T22:41:15 [DEBUG] engine: Inference: flow_id=7adedcfc2a444b22 risk=0.3334 class=1 latency=0.04ms
2026-10-02T22:41:15 [DEBUG] engine: Inference: flow_id=b2505138f09eff82 risk=0.3334 class=1 latency=0.02ms
2026-10-02T22:41:18 [DEBUG] flow_state: Skipping non-IP packet (63 similar messages suppressed)
2026-10-02T22:41:24 [DEBUG] flow_state: Flow finalized: flow_id=ce8c7d4fc0bbfcf2 reason=TIMEOUT
2026-10-02T22:41:24 [DEBUG] flow_state: Flow finalized: flow_id=053a8cd4cf66fdd0 reason=TIMEOUT
2026-10-02T22:41:24 [DEBUG] engine: Inference: flow_id=ce8c7d4fc0bbfcf2 risk=0.3334 class=1 latency=0.13ms
2026-10-02T22:41:24 [DEBUG] engine: Inference: flow_id=053a8cd4cf66fdd0 risk=0.3334 class=1 latency=0.06ms
2026-10-02T22:41:26 [DEBUG] flow_state: Flow finalized: flow_id=dbf44df20b9a53d8 reason=TIMEOUT
2026-10-02T22:41:26 [DEBUG] engine: Inference: flow_id=dbf44df20b9a53d8 risk=0.3334 class=1 latency=0.18ms
2026-10-02T22:41:27 [DEBUG] flow_state: Flow finalized: flow_id=2a6ab4d3cd02adc4 reason=TIMEOUT
2026-10-02T22:41:27 [DEBUG] flow_state: Flow finalized: flow_id=32c50055143aaaee reason=TIMEOUT
2026-10-02T22:41:27 [DEBUG] flow_state: Flow finalized: flow_id=e2a235b372ff8d76 reason=TIMEOUT
2026-10-02T22:41:27 [DEBUG] engine: Inference: flow_id=2a6ab4d3cd02adc4 risk=0.3334 class=1 latency=0.16ms
2026-10-02T22:41:27 [DEBUG] engine: Inference: flow_id=32c50055143aaaee risk=0.3334 class=1 latency=0.06ms
2026-10-02T22:41:27 [DEBUG] engine: Inference: flow_id=e2a235b372ff8d76 risk=0.3334 class=1 latency=0.03ms
2026-10-02T22:41:32 [DEBUG] flow_state: Flow finalized: flow_id=befa848d8535a556 reason=TIMEOUT
2026-10-02T22:41:32 [DEBUG] engine: Inference: flow_id=befa848d8535a556 risk=0.3334 class=1 latency=0.19ms
2026-10-02T22:41:34 [DEBUG] flow_state: Flow finalized: flow_id=a7005118dba4e1d1 reason=TIMEOUT
2026-10-02T22:41:34 [DEBUG] flow_state: Flow finalized: flow_id=7a4ffe733b213760 reason=TIMEOUT
2026-10-02T22:41:34 [DEBUG] engine: Inference: flow_id=a7005118dba4e1d1 risk=0.3334 class=1 latency=0.19ms
2026-10-02T22:41:34 [DEBUG] engine: Inference: flow_id=7a4ffe733b213760 risk=0.3334 class=1 latency=0.06ms
2026-10-02T22:41:34 [DEBUG] flow_state: Skipping non-IP packet (1 similar messages suppressed)
2026-10-02T22:41:39 [DEBUG] flow_state: Flow finalized: flow_id=e975c48b58fd48f9 reason=TIMEOUT
2026-10-02T22:41:39 [DEBUG] engine: Inference: flow_id=e975c48b58fd48f9 risk=0.3334 class=1 latency=0.20ms
2026-10-02T22:41:41 [DEBUG] flow_state: Flow finalized: flow_id=b80b03b98ab95f4d reason=TIMEOUT
2026-10-02T22:41:41 [DEBUG] engine: Inference: flow_id=b80b03b98ab95f4d risk=0.3334 class=1 latency=0.20ms
2026-10-02T22:41:45 [DEBUG] flow_state: Flow finalized: flow_id=223a1fb47e48d2fc reason=TIMEOUT
2026-10-02T22:41:45 [DEBUG] flow_state: Flow finalized: flow_id=ae4263550bf48c94 reason=TIMEOUT
2026-10-02T22:41:45 [DEBUG] flow_state: Flow finalized: flow_id=60437a49b26f200b reason=TIMEOUT
2026-10-02T22:41:45 [DEBUG] engine: Inference: flow_id=223a1fb47e48d2fc risk=0.3334 class=1 latency=0.19ms
2026-10-02T22:41:45 [DEBUG] engine: Inference: flow_id=ae4263550bf48c94 risk=0.3334 class=1 latency=0.07ms
2026-10-02T22:41:45 [DEBUG] engine: Inference: flow_id=60437a49b26f200b risk=0.3334 class=1 latency=0.03ms
2026-10-02T22:41:53 [DEBUG] flow_state: Flow finalized: flow_id=308a969f6a24a03c reason=TIMEOUT
2026-10-02T22:41:53 [DEBUG] flow_state: Flow finalized: flow_id=a8b14566bab5d103 reason=TIMEOUT
2026-10-02T22:41:53 [DEBUG] engine: Inference: flow_id=308a969f6a24a03c risk=0.3334 class=1 latency=0.16ms
2026-10-02T22:41:53 [DEBUG] engine: Inference: flow_id=a8b14566bab5d103 risk=0.3334 class=1 latency=0.03ms
2026-10-02T22:41:57 [DEBUG] flow_state: Flow finalized: flow_id=c189afe43969aa0a reason=TIMEOUT
2026-10-02T22:41:57 [DEBUG] flow_state: Flow finalized: flow_id=610fe1742db41d33 reason=TIMEOUT
2026-10-02T22:41:57 [DEBUG] flow_state: Flow finalized: flow_id=1c92aa9232459f54 reason=TIMEOUT
2026-10-02T22:41:57 [DEBUG] engine: Inference: flow_id=c189afe43969aa0a risk=0.3334 class=1 latency=0.19ms
2026-10-02T22:41:57 [DEBUG] engine: Inference: flow_id=610fe1742db41d33 risk=0.3334 class=1 latency=0.06ms
2026-10-02T22:41:57 [DEBUG] engine: Inference: flow_id=1c92aa9232459f54 risk=0.3334 class=1 latency=0.03ms
2026-10-02T22:42:02 [DEBUG] flow_state: Flow finalized: flow_id=7e50e0079a91467d reason=TIMEOUT
2026-10-02T22:42:02 [DEBUG] engine: Inference: flow_id=7e50e0079a91467d risk=0.3334 class=1 latency=0.18ms
2026-10-02T22:42:04 [DEBUG] flow_state: Skipping non-IP packet (3 similar messages suppressed)
2026-10-02T22:42:09 [DEBUG] flow_state: Flow finalized: flow_id=242125f94e9e859b reason=TIMEOUT
2026-10-02T22:42:09 [DEBUG] engine: Inference: flow_id=242125f94e9e859b risk=0.3334 class=1 latency=2.17ms
2026-10-02T22:42:14 [DEBUG] flow_state: Skipping non-IP packet (3 similar messages suppressed)
2026-10-02T22:42:15 [DEBUG] flow_state: Flow finalized: flow_id=8a27b66a541614d7 reason=TIMEOUT
2026-10-02T22:42:15 [DEBUG] flow_state: Flow finalized: flow_id=e210f0e28c1e983f reason=TIMEOUT
2026-10-02T22:42:15 [DEBUG] flow_state: Flow finalized: flow_id=d0de3ed3ffd8f1b5 reason=TIMEOUT
2026-10-02T22:42:15 [DEBUG] engine: Inference: flow_id=8a27b66a541614d7 risk=0.3334 class=1 latency=0.20ms
2026-10-02T22:42:15 [DEBUG] engine: Inference: flow_id=e210f0e28c1e983f risk=0.3334 class=1 latency=0.06ms
2026-10-02T22:42:15 [DEBUG] engine: Inference: flow_id=d0de3ed3ffd8f1b5 risk=0.3334 class=1 latency=0.03ms
2026-10-02T22:42:23 [DEBUG] flow_state: Flow finalized: flow_id=052d793589798dcf reason=TIMEOUT
2026-10-02T22:42:23 [DEBUG] flow_state: Flow finalized: flow_id=d17d449ae3d68b6b reason=TIMEOUT
2026-10-02T22:42:23 [DEBUG] engine: Inference: flow_id=052d793589798dcf risk=0.3334 class=1 latency=0.20ms
2026-10-02T22:42:23 [DEBUG] engine: Inference: flow_id=d17d449ae3d68b6b risk=0.3334 class=1 latency=0.07ms
2026-10-02T22:42:26 [DEBUG] flow_state: Skipping non-IP packet (65 similar messages suppressed)
2026-10-02T22:42:27 [DEBUG] flow_state: Flow finalized: flow_id=799e80733714095b reason=TIMEOUT
2026-10-02T22:42:27 [DEBUG] flow_state: Flow finalized: flow_id=0d69ac7c6313a9be reason=TIMEOUT
2026-10-02T22:42:27 [DEBUG] flow_state: Flow finalized: flow_id=2169a60e2136d995 reason=TIMEOUT
2026-10-02T22:42:27 [DEBUG] engine: Inference: flow_id=799e80733714095b risk=0.3334 class=1 latency=1.77ms
2026-10-02T22:42:27 [DEBUG] engine: Inference: flow_id=0d69ac7c6313a9be risk=0.3334 class=1 latency=0.06ms
2026-10-02T22:42:27 [DEBUG] engine: Inference: flow_id=2169a60e2136d995 risk=0.3334 class=1 latency=0.03ms
2026-10-02T22:42:27 [DEBUG] flow_state: Skipping non-IP packet (207 similar messages suppressed)
2026-10-02T22:42:28 [DEBUG] flow_state: Skipping non-IP packet (133 similar messages suppressed)
2026-10-02T22:42:29 [DEBUG] flow_state: Skipping non-IP packet (139 similar messages suppressed)
2026-10-02T22:42:30 [DEBUG] flow_state: Skipping non-IP packet (130 similar messages suppressed)
2026-10-02T22:42:31 [DEBUG] flow_state: Skipping non-IP packet (113 similar messages suppressed)
2026-10-02T22:42:32 [DEBUG] flow_state: Flow finalized: flow_id=cd27d3136f55bd36 reason=TIMEOUT
2026-10-02T22:42:32 [DEBUG] engine: Inference: flow_id=cd27d3136f55bd36 risk=0.3334 class=1 latency=1.10ms
2026-10-02T22:42:32 [DEBUG] flow_state: Skipping non-IP packet (132 similar messages suppressed)
2026-10-02T22:42:33 [DEBUG] flow_state: Skipping non-IP packet (127 similar messages suppressed)
2026-10-02T22:42:34 [DEBUG] flow_state: Skipping non-IP packet (135 similar messages suppressed)
2026-10-02T22:42:35 [DEBUG] flow_state: Skipping non-IP packet (133 similar messages suppressed)
2026-10-02T22:42:36 [DEBUG] flow_state: Skipping non-IP packet (127 similar messages suppressed)
2026-10-02T22:42:37 [DEBUG] flow_state: Skipping non-IP packet (131 similar messages suppressed)
2026-10-02T22:42:38 [DEBUG] flow_state: Skipping non-IP packet (134 similar messages suppressed)
2026-10-02T22:42:39 [DEBUG] flow_state: Flow finalized: flow_id=bb1134c93ab63a96 reason=TIMEOUT
2026-10-02T22:42:39 [DEBUG] engine: Inference: flow_id=bb1134c93ab63a96 risk=0.3334 class=1 latency=0.16ms
2026-10-02T22:42:39 [DEBUG] flow_state: Skipping non-IP packet (137 similar messages suppressed)
2026-10-02T22:42:40 [DEBUG] flow_state: Skipping non-IP packet (136 similar messages suppressed)
2026-10-02T22:42:41 [DEBUG] flow_state: Skipping non-IP packet (146 similar messages suppressed)
2026-10-02T22:42:42 [DEBUG] flow_state: Skipping non-IP packet (138 similar messages suppressed)
2026-10-02T22:42:43 [DEBUG] flow_state: Skipping non-IP packet (171 similar messages suppressed)
2026-10-02T22:42:44 [DEBUG] flow_state: Skipping non-IP packet (143 similar messages suppressed)
2026-10-02T22:42:45 [DEBUG] flow_state: Flow finalized: flow_id=38a6dae018fb8fa9 reason=TIMEOUT
2026-10-02T22:42:45 [DEBUG] flow_state: Flow finalized: flow_id=6eab56b6e21eda5b reason=TIMEOUT
2026-10-02T22:42:45 [DEBUG] flow_state: Flow finalized: flow_id=bccde072834201e6 reason=TIMEOUT
2026-10-02T22:42:45 [DEBUG] engine: Inference: flow_id=38a6dae018fb8fa9 risk=0.3334 class=1 latency=0.15ms
2026-10-02T22:42:45 [DEBUG] engine: Inference: flow_id=6eab56b6e21eda5b risk=0.3334 class=1 latency=0.04ms
2026-10-02T22:42:45 [DEBUG] engine: Inference: flow_id=bccde072834201e6 risk=0.3334 class=1 latency=0.02ms
2026-10-02T22:42:45 [DEBUG] flow_state: Skipping non-IP packet (123 similar messages suppressed)
2026-10-02T22:42:46 [DEBUG] flow_state: Skipping non-IP packet (137 similar messages suppressed)
2026-10-02T22:42:47 [DEBUG] flow_state: Skipping non-IP packet (121 similar messages suppressed)
2026-10-02T22:42:48 [DEBUG] flow_state: Skipping non-IP packet (122 similar messages suppressed)
2026-10-02T22:42:49 [DEBUG] flow_state: Skipping non-IP packet (139 similar messages suppressed)
2026-10-02T22:42:50 [DEBUG] flow_state: Skipping non-IP packet (127 similar messages suppressed)
2026-10-02T22:42:51 [DEBUG] flow_state: Skipping non-IP packet (128 similar messages suppressed)
2026-10-02T22:42:52 [DEBUG] flow_state: Skipping non-IP packet (136 similar messages suppressed)
2026-10-02T22:42:53 [DEBUG] flow_state: Flow finalized: flow_id=c46e9fc81d6fd9bd reason=TIMEOUT
2026-10-02T22:42:53 [DEBUG] flow_state: Flow finalized: flow_id=1740431a2142f758 reason=TIMEOUT
2026-10-02T22:42:53 [DEBUG] engine: Inference: flow_id=c46e9fc81d6fd9bd risk=0.3334 class=1 latency=0.14ms
2026-10-02T22:42:53 [DEBUG] engine: Inference: flow_id=1740431a2142f758 risk=0.3334 class=1 latency=0.03ms
2026-10-02T22:42:53 [DEBUG] flow_state: Skipping non-IP packet (119 similar messages suppressed)
2026-10-02T22:42:54 [DEBUG] flow_state: Skipping non-IP packet (130 similar messages suppressed)
2026-10-02T22:42:55 [DEBUG] flow_state: Skipping non-IP packet (139 similar messages suppressed)
2026-10-02T22:42:56 [DEBUG] flow_state: Skipping non-IP packet (125 similar messages suppressed)
2026-10-02T22:42:57 [DEBUG] flow_state: Flow finalized: flow_id=4785d9efce6761b3 reason=TIMEOUT
2026-10-02T22:42:57 [DEBUG] flow_state: Flow finalized: flow_id=893d5fa24d8e8bed reason=TIMEOUT
2026-10-02T22:42:57 [DEBUG] flow_state: Flow finalized: flow_id=e4c95128c9ea60c9 reason=TIMEOUT
2026-10-02T22:42:57 [DEBUG] engine: Inference: flow_id=4785d9efce6761b3 risk=0.3334 class=1 latency=1.39ms
2026-10-02T22:42:57 [DEBUG] engine: Inference: flow_id=893d5fa24d8e8bed risk=0.3334 class=1 latency=0.11ms
2026-10-02T22:42:57 [DEBUG] engine: Inference: flow_id=e4c95128c9ea60c9 risk=0.3334 class=1 latency=0.06ms
2026-10-02T22:42:57 [DEBUG] flow_state: Skipping non-IP packet (114 similar messages suppressed)
2026-10-02T22:42:58 [DEBUG] flow_state: Skipping non-IP packet (135 similar messages suppressed)
2026-10-02T22:42:59 [DEBUG] flow_state: Skipping non-IP packet (124 similar messages suppressed)
2026-10-02T22:43:00 [DEBUG] flow_state: Skipping non-IP packet (129 similar messages suppressed)
2026-10-02T22:43:01 [DEBUG] flow_state: Skipping non-IP packet (128 similar messages suppressed)
2026-10-02T22:43:02 [DEBUG] flow_state: Flow finalized: flow_id=41716fa9de086c92 reason=TIMEOUT
2026-10-02T22:43:02 [DEBUG] engine: Inference: flow_id=41716fa9de086c92 risk=0.3334 class=1 latency=1.12ms
2026-10-02T22:43:02 [DEBUG] flow_state: Skipping non-IP packet (145 similar messages suppressed)
2026-10-02T22:43:04 [DEBUG] flow_state: Skipping non-IP packet (131 similar messages suppressed)
2026-10-02T22:43:05 [DEBUG] flow_state: Skipping non-IP packet (139 similar messages suppressed)
2026-10-02T22:43:06 [DEBUG] flow_state: Skipping non-IP packet (119 similar messages suppressed)
2026-10-02T22:43:07 [DEBUG] flow_state: Skipping non-IP packet (120 similar messages suppressed)
2026-10-02T22:43:08 [DEBUG] flow_state: Skipping non-IP packet (131 similar messages suppressed)
2026-10-02T22:43:09 [DEBUG] flow_state: Skipping non-IP packet (124 similar messages suppressed)
2026-10-02T22:43:09 [DEBUG] flow_state: Flow finalized: flow_id=8382e9233d681668 reason=TIMEOUT
2026-10-02T22:43:09 [DEBUG] engine: Inference: flow_id=8382e9233d681668 risk=0.3334 class=1 latency=1.08ms
2026-10-02T22:43:10 [DEBUG] flow_state: Skipping non-IP packet (115 similar messages suppressed)
2026-10-02T22:43:11 [DEBUG] flow_state: Skipping non-IP packet (145 similar messages suppressed)
2026-10-02T22:43:12 [DEBUG] flow_state: Skipping non-IP packet (116 similar messages suppressed)
2026-10-02T22:43:13 [DEBUG] flow_state: Skipping non-IP packet (127 similar messages suppressed)
2026-10-02T22:43:14 [DEBUG] flow_state: Skipping non-IP packet (132 similar messages suppressed)
2026-10-02T22:43:15 [DEBUG] flow_state: Skipping non-IP packet (128 similar messages suppressed)
2026-10-02T22:43:15 [DEBUG] flow_state: Flow finalized: flow_id=15e46685b7be1800 reason=TIMEOUT
2026-10-02T22:43:15 [DEBUG] flow_state: Flow finalized: flow_id=09889191c71971fb reason=TIMEOUT
2026-10-02T22:43:15 [DEBUG] flow_state: Flow finalized: flow_id=5b09aa4be33a5012 reason=TIMEOUT
2026-10-02T22:43:15 [DEBUG] engine: Inference: flow_id=15e46685b7be1800 risk=0.3334 class=1 latency=0.12ms
2026-10-02T22:43:15 [DEBUG] engine: Inference: flow_id=09889191c71971fb risk=0.3334 class=1 latency=0.03ms
2026-10-02T22:43:15 [DEBUG] engine: Inference: flow_id=5b09aa4be33a5012 risk=0.3334 class=1 latency=0.05ms
2026-10-02T22:43:16 [DEBUG] flow_state: Skipping non-IP packet (111 similar messages suppressed)
2026-10-02T22:43:17 [DEBUG] flow_state: Skipping non-IP packet (129 similar messages suppressed)
2026-10-02T22:43:18 [DEBUG] flow_state: Skipping non-IP packet (114 similar messages suppressed)
2026-10-02T22:43:19 [DEBUG] flow_state: Skipping non-IP packet (112 similar messages suppressed)
2026-10-02T22:43:20 [DEBUG] flow_state: Skipping non-IP packet (145 similar messages suppressed)
2026-10-02T22:43:21 [DEBUG] flow_state: Skipping non-IP packet (123 similar messages suppressed)
2026-10-02T22:43:22 [DEBUG] flow_state: Skipping non-IP packet (131 similar messages suppressed)
2026-10-02T22:43:23 [DEBUG] flow_state: Skipping non-IP packet (132 similar messages suppressed)
2026-10-02T22:43:23 [DEBUG] flow_state: Flow finalized: flow_id=a5525217fb80e555 reason=TIMEOUT
2026-10-02T22:43:23 [DEBUG] flow_state: Flow finalized: flow_id=d5f94aa0d6de62e2 reason=TIMEOUT
2026-10-02T22:43:23 [DEBUG] engine: Inference: flow_id=a5525217fb80e555 risk=0.3334 class=1 latency=0.12ms
2026-10-02T22:43:23 [DEBUG] engine: Inference: flow_id=d5f94aa0d6de62e2 risk=0.3334 class=1 latency=0.03ms
2026-10-02T22:43:24 [DEBUG] flow_state: Skipping non-IP packet (122 similar messages suppressed)
2026-10-02T22:43:25 [DEBUG] flow_state: Skipping non-IP packet (131 similar messages suppressed)
2026-10-02T22:43:26 [DEBUG] flow_state: Skipping non-IP packet (130 similar messages suppressed)
2026-10-02T22:43:27 [DEBUG] flow_state: Skipping non-IP packet (114 similar messages suppressed)
2026-10-02T22:43:27 [DEBUG] flow_state: Flow finalized: flow_id=b39ebbcecc7227f8 reason=TIMEOUT
2026-10-02T22:43:27 [DEBUG] flow_state: Flow finalized: flow_id=7bae848cbe8d79ef reason=TIMEOUT
2026-10-02T22:43:27 [DEBUG] flow_state: Flow finalized: flow_id=6529003325572cf3 reason=TIMEOUT
2026-10-02T22:43:27 [DEBUG] engine: Inference: flow_id=b39ebbcecc7227f8 risk=0.3334 class=1 latency=0.13ms
2026-10-02T22:43:27 [DEBUG] engine: Inference: flow_id=7bae848cbe8d79ef risk=0.3334 class=1 latency=0.07ms
2026-10-02T22:43:27 [DEBUG] engine: Inference: flow_id=6529003325572cf3 risk=0.3334 class=1 latency=0.03ms
2026-10-02T22:43:28 [DEBUG] flow_state: Skipping non-IP packet (131 similar messages suppressed)
2026-10-02T22:43:29 [DEBUG] flow_state: Skipping non-IP packet (142 similar messages suppressed)
2026-10-02T22:43:30 [DEBUG] flow_state: Skipping non-IP packet (124 similar messages suppressed)
2026-10-02T22:43:31 [DEBUG] flow_state: Skipping non-IP packet (124 similar messages suppressed)
2026-10-02T22:43:32 [DEBUG] flow_state: Skipping non-IP packet (121 similar messages suppressed)
2026-10-02T22:43:32 [DEBUG] flow_state: Flow finalized: flow_id=1906becbf1cb1db6 reason=TIMEOUT
2026-10-02T22:43:32 [DEBUG] engine: Inference: flow_id=1906becbf1cb1db6 risk=0.3334 class=1 latency=1.30ms
2026-10-02T22:43:33 [DEBUG] flow_state: Skipping non-IP packet (130 similar messages suppressed)
2026-10-02T22:43:34 [DEBUG] flow_state: Skipping non-IP packet (133 similar messages suppressed)
2026-10-02T22:43:35 [DEBUG] flow_state: Skipping non-IP packet (128 similar messages suppressed)
2026-10-02T22:43:36 [DEBUG] flow_state: Skipping non-IP packet (120 similar messages suppressed)
2026-10-02T22:43:37 [DEBUG] flow_state: Skipping non-IP packet (123 similar messages suppressed)
2026-10-02T22:43:38 [DEBUG] flow_state: Skipping non-IP packet (131 similar messages suppressed)
2026-10-02T22:43:39 [DEBUG] flow_state: Flow finalized: flow_id=313f54c98c05c1e4 reason=TIMEOUT
2026-10-02T22:43:39 [DEBUG] engine: Inference: flow_id=313f54c98c05c1e4 risk=0.3334 class=1 latency=0.11ms
2026-10-02T22:43:39 [DEBUG] flow_state: Skipping non-IP packet (113 similar messages suppressed)
2026-10-02T22:43:40 [DEBUG] flow_state: Skipping non-IP packet (134 similar messages suppressed)
2026-10-02T22:43:41 [DEBUG] flow_state: Skipping non-IP packet (140 similar messages suppressed)
2026-10-02T22:43:42 [DEBUG] flow_state: Skipping non-IP packet (137 similar messages suppressed)
2026-10-02T22:43:43 [DEBUG] flow_state: Skipping non-IP packet (170 similar messages suppressed)
2026-10-02T22:43:44 [DEBUG] flow_state: Skipping non-IP packet (158 similar messages suppressed)
2026-10-02T22:43:45 [DEBUG] flow_state: Flow finalized: flow_id=2f2e787531018e4d reason=TIMEOUT
2026-10-02T22:43:45 [DEBUG] flow_state: Flow finalized: flow_id=91aa7ec25adecb7e reason=TIMEOUT
2026-10-02T22:43:45 [DEBUG] flow_state: Flow finalized: flow_id=c2bff0f4727d57d9 reason=TIMEOUT
2026-10-02T22:43:45 [DEBUG] engine: Inference: flow_id=2f2e787531018e4d risk=0.3334 class=1 latency=0.37ms
2026-10-02T22:43:45 [DEBUG] engine: Inference: flow_id=91aa7ec25adecb7e risk=0.3334 class=1 latency=0.13ms
2026-10-02T22:43:45 [DEBUG] engine: Inference: flow_id=c2bff0f4727d57d9 risk=0.3334 class=1 latency=0.07ms
2026-10-02T22:43:45 [DEBUG] flow_state: Skipping non-IP packet (151 similar messages suppressed)
2026-10-02T22:43:46 [DEBUG] flow_state: Skipping non-IP packet (156 similar messages suppressed)
2026-10-02T22:43:47 [DEBUG] flow_state: Skipping non-IP packet (138 similar messages suppressed)
2026-10-02T22:43:48 [DEBUG] flow_state: Skipping non-IP packet (152 similar messages suppressed)
2026-10-02T22:43:50 [DEBUG] flow_state: Skipping non-IP packet (140 similar messages suppressed)
2026-10-02T22:43:51 [DEBUG] flow_state: Skipping non-IP packet (66 similar messages suppressed)
2026-10-02T22:43:52 [DEBUG] flow_state: Skipping non-IP packet (57 similar messages suppressed)
2026-10-02T22:43:53 [DEBUG] flow_state: Flow finalized: flow_id=bc6059b5f6595a89 reason=TIMEOUT
2026-10-02T22:43:53 [DEBUG] flow_state: Flow finalized: flow_id=16151735727a2c80 reason=TIMEOUT
2026-10-02T22:43:53 [DEBUG] engine: Inference: flow_id=bc6059b5f6595a89 risk=0.3334 class=1 latency=0.15ms
2026-10-02T22:43:53 [DEBUG] engine: Inference: flow_id=16151735727a2c80 risk=0.3334 class=1 latency=0.05ms
2026-10-02T22:43:53 [DEBUG] flow_state: Skipping non-IP packet (58 similar messages suppressed)
2026-10-02T22:43:54 [DEBUG] flow_state: Skipping non-IP packet (57 similar messages suppressed)
2026-10-02T22:43:55 [DEBUG] flow_state: Skipping non-IP packet (64 similar messages suppressed)
2026-10-02T22:43:56 [DEBUG] flow_state: Skipping non-IP packet (63 similar messages suppressed)
2026-10-02T22:43:57 [DEBUG] flow_state: Flow finalized: flow_id=0ceaa260fbfa20c6 reason=TIMEOUT
2026-10-02T22:43:57 [DEBUG] flow_state: Flow finalized: flow_id=15ce88b2124eee4f reason=TIMEOUT
2026-10-02T22:43:57 [DEBUG] flow_state: Flow finalized: flow_id=7ff1c3930890b214 reason=TIMEOUT
2026-10-02T22:43:57 [DEBUG] engine: Inference: flow_id=0ceaa260fbfa20c6 risk=0.3334 class=1 latency=0.14ms
2026-10-02T22:43:57 [DEBUG] engine: Inference: flow_id=15ce88b2124eee4f risk=0.3334 class=1 latency=0.03ms
2026-10-02T22:43:57 [DEBUG] engine: Inference: flow_id=7ff1c3930890b214 risk=0.3334 class=1 latency=0.02ms
2026-10-02T22:43:57 [DEBUG] flow_state: Skipping non-IP packet (63 similar messages suppressed)
2026-10-02T22:43:58 [DEBUG] flow_state: Skipping non-IP packet (59 similar messages suppressed)
2026-10-02T22:43:59 [DEBUG] flow_state: Skipping non-IP packet (64 similar messages suppressed)
2026-10-02T22:44:00 [DEBUG] flow_state: Skipping non-IP packet (59 similar messages suppressed)
2026-10-02T22:44:01 [DEBUG] flow_state: Skipping non-IP packet (59 similar messages suppressed)
2026-10-02T22:44:02 [DEBUG] flow_state: Flow finalized: flow_id=0b593dc0ba4b3540 reason=TIMEOUT
2026-10-02T22:44:02 [DEBUG] engine: Inference: flow_id=0b593dc0ba4b3540 risk=0.3334 class=1 latency=0.18ms
2026-10-02T22:44:02 [DEBUG] flow_state: Skipping non-IP packet (66 similar messages suppressed)
2026-10-02T22:44:03 [DEBUG] flow_state: Flow finalized: flow_id=fdb35514dace3ed2 reason=FIN
2026-10-02T22:44:03 [DEBUG] flow_state: Flow finalized: flow_id=d0998452fece337c reason=FIN
2026-10-02T22:44:03 [DEBUG] engine: Inference: flow_id=fdb35514dace3ed2 risk=0.7928 class=1 latency=0.52ms
2026-10-02T22:44:03 [DEBUG] engine: Inference: flow_id=d0998452fece337c risk=0.3334 class=1 latency=0.05ms
2026-10-02T22:44:03 [DEBUG] flow_state: Skipping non-IP packet (61 similar messages suppressed)
2026-10-02T22:44:04 [DEBUG] flow_state: Skipping non-IP packet (61 similar messages suppressed)
2026-10-02T22:44:05 [DEBUG] flow_state: Skipping non-IP packet (107 similar messages suppressed)
2026-10-02T22:44:06 [DEBUG] flow_state: Skipping non-IP packet (23 similar messages suppressed)
2026-10-02T22:44:07 [DEBUG] flow_state: Skipping non-IP packet (67 similar messages suppressed)
2026-10-02T22:44:08 [DEBUG] flow_state: Skipping non-IP packet (71 similar messages suppressed)
2026-10-02T22:44:09 [DEBUG] flow_state: Flow finalized: flow_id=1bffa7acd2c6704f reason=TIMEOUT
2026-10-02T22:44:09 [DEBUG] engine: Inference: flow_id=1bffa7acd2c6704f risk=0.3334 class=1 latency=0.16ms
2026-10-02T22:44:09 [DEBUG] flow_state: Skipping non-IP packet (87 similar messages suppressed)
2026-10-02T22:44:10 [DEBUG] flow_state: Skipping non-IP packet (145 similar messages suppressed)
2026-10-02T22:44:11 [DEBUG] flow_state: Skipping non-IP packet (160 similar messages suppressed)
2026-10-02T22:44:12 [DEBUG] flow_state: Skipping non-IP packet (145 similar messages suppressed)
2026-10-02T22:44:14 [DEBUG] flow_state: Skipping non-IP packet (108 similar messages suppressed)
2026-10-02T22:44:15 [DEBUG] flow_state: Skipping non-IP packet (63 similar messages suppressed)
2026-10-02T22:44:15 [DEBUG] flow_state: Flow finalized: flow_id=042a8ffff746818a reason=TIMEOUT
2026-10-02T22:44:15 [DEBUG] flow_state: Flow finalized: flow_id=01bb9a56e097d622 reason=TIMEOUT
2026-10-02T22:44:15 [DEBUG] flow_state: Flow finalized: flow_id=0fad878d7be16336 reason=TIMEOUT
2026-10-02T22:44:15 [DEBUG] engine: Inference: flow_id=042a8ffff746818a risk=0.3334 class=1 latency=1.29ms
2026-10-02T22:44:15 [INFO] engine: Drift detected: features=['fwd_packets_per_sec'] at flow_id=042a8ffff746818a
2026-10-02T22:44:15 [INFO] optimizer: Retrain cycle started: retrain_id=27283770 trigger=fwd_packets_per_sec
2026-10-02T22:44:15 [DEBUG] engine: Inference: flow_id=01bb9a56e097d622 risk=0.3334 class=1 latency=0.04ms
2026-10-02T22:44:15 [DEBUG] engine: Inference: flow_id=0fad878d7be16336 risk=0.3334 class=1 latency=0.02ms
2026-10-02T22:44:15 [INFO] optimizer: Training window extracted: 1505 records (requested 2000), ts range [1788513862.2, 1790961255.7]
2026-10-02T22:44:15 [INFO] optimizer: Optuna sweep complete: 3/3 trials in 0.1s, best_value=0.0000, params={'n_estimators': 99, 'learning_rate': 0.0702330321268374, 'num_leaves': 32, 'max_depth': 6, 'min_child_samples': 20}
2026-10-02T22:44:15 [INFO] optimizer: Warm-start fit complete: 0.0s, 99 boosting rounds
2026-10-02T22:44:15 [INFO] golden_holdout: Golden holdout evaluation: accuracy=0.5000 (100/200 correct)
2026-10-02T22:44:15 [INFO] optimizer: Lineage recorded: retrain_id=27283770 status=FAIL accuracy=0.5000
2026-10-02T22:44:15 [INFO] optimizer: Retrain cycle FAILED (gate): retrain_id=27283770 accuracy=0.5000 < threshold=0.9500, duration=0.1s
2026-10-02T22:44:16 [DEBUG] flow_state: Skipping non-IP packet (68 similar messages suppressed)
2026-10-02T22:44:17 [DEBUG] flow_state: Skipping non-IP packet (60 similar messages suppressed)
2026-10-02T22:44:18 [DEBUG] flow_state: Skipping non-IP packet (65 similar messages suppressed)
2026-10-02T22:44:18 [DEBUG] flow_state: Flow finalized: flow_id=65beee2b2cd45b96 reason=TIMEOUT
2026-10-02T22:44:18 [DEBUG] engine: Inference: flow_id=65beee2b2cd45b96 risk=0.3334 class=1 latency=1.41ms
2026-10-02T22:44:19 [DEBUG] flow_state: Skipping non-IP packet (64 similar messages suppressed)
2026-10-02T22:44:20 [DEBUG] flow_state: Skipping non-IP packet (62 similar messages suppressed)
2026-10-02T22:44:21 [DEBUG] flow_state: Skipping non-IP packet (57 similar messages suppressed)
2026-10-02T22:44:22 [DEBUG] flow_state: Skipping non-IP packet (55 similar messages suppressed)
2026-10-02T22:44:23 [DEBUG] flow_state: Skipping non-IP packet (63 similar messages suppressed)
2026-10-02T22:44:23 [DEBUG] flow_state: Flow finalized: flow_id=47ead2d96088e356 reason=TIMEOUT
2026-10-02T22:44:23 [DEBUG] flow_state: Flow finalized: flow_id=08ce8a9f49ff10ae reason=TIMEOUT
2026-10-02T22:44:23 [DEBUG] engine: Inference: flow_id=47ead2d96088e356 risk=0.3334 class=1 latency=1.47ms
2026-10-02T22:44:23 [DEBUG] engine: Inference: flow_id=08ce8a9f49ff10ae risk=0.3334 class=1 latency=0.06ms
2026-10-02T22:44:24 [DEBUG] flow_state: Skipping non-IP packet (67 similar messages suppressed)
2026-10-02T22:44:25 [DEBUG] flow_state: Skipping non-IP packet (94 similar messages suppressed)
2026-10-02T22:44:26 [DEBUG] flow_state: Skipping non-IP packet (31 similar messages suppressed)
2026-10-02T22:44:26 [DEBUG] flow_state: Flow finalized: flow_id=a516b59564799949 reason=TIMEOUT
2026-10-02T22:44:26 [DEBUG] flow_state: Flow finalized: flow_id=c0f3a69d8b392126 reason=TIMEOUT
2026-10-02T22:44:26 [DEBUG] flow_state: Flow finalized: flow_id=f8af5b837e806518 reason=TIMEOUT
2026-10-02T22:44:26 [DEBUG] engine: Inference: flow_id=a516b59564799949 risk=0.3334 class=1 latency=0.13ms
2026-10-02T22:44:26 [DEBUG] engine: Inference: flow_id=c0f3a69d8b392126 risk=0.3334 class=1 latency=0.06ms
2026-10-02T22:44:26 [DEBUG] engine: Inference: flow_id=f8af5b837e806518 risk=0.3334 class=1 latency=0.03ms
2026-10-02T22:44:27 [DEBUG] flow_state: Skipping non-IP packet (65 similar messages suppressed)
2026-10-02T22:44:28 [DEBUG] flow_state: Skipping non-IP packet (58 similar messages suppressed)
2026-10-02T22:44:29 [DEBUG] flow_state: Skipping non-IP packet (99 similar messages suppressed)
2026-10-02T22:44:30 [DEBUG] flow_state: Skipping non-IP packet (37 similar messages suppressed)
2026-10-02T22:44:31 [DEBUG] flow_state: Flow finalized: flow_id=e635edfaba62bee3 reason=TIMEOUT
2026-10-02T22:44:31 [DEBUG] engine: Inference: flow_id=e635edfaba62bee3 risk=0.3334 class=1 latency=0.09ms
2026-10-02T22:44:32 [DEBUG] flow_state: Skipping non-IP packet (93 similar messages suppressed)
2026-10-02T22:44:33 [DEBUG] flow_state: Skipping non-IP packet (67 similar messages suppressed)
2026-10-02T22:44:34 [DEBUG] flow_state: Skipping non-IP packet (58 similar messages suppressed)
2026-10-02T22:44:35 [DEBUG] flow_state: Skipping non-IP packet (68 similar messages suppressed)
2026-10-02T22:44:36 [DEBUG] flow_state: Skipping non-IP packet (58 similar messages suppressed)
2026-10-02T22:44:37 [DEBUG] flow_state: Skipping non-IP packet (62 similar messages suppressed)
2026-10-02T22:44:38 [DEBUG] flow_state: Skipping non-IP packet (64 similar messages suppressed)
2026-10-02T22:44:38 [DEBUG] flow_state: Flow finalized: flow_id=e53faacd69f2d467 reason=TIMEOUT
2026-10-02T22:44:38 [DEBUG] engine: Inference: flow_id=e53faacd69f2d467 risk=0.3334 class=1 latency=0.10ms
2026-10-02T22:44:39 [DEBUG] flow_state: Skipping non-IP packet (64 similar messages suppressed)
2026-10-02T22:44:40 [DEBUG] flow_state: Skipping non-IP packet (59 similar messages suppressed)
2026-10-02T22:44:41 [DEBUG] flow_state: Skipping non-IP packet (63 similar messages suppressed)
2026-10-02T22:44:42 [DEBUG] flow_state: Skipping non-IP packet (63 similar messages suppressed)
2026-10-02T22:44:43 [DEBUG] flow_state: Skipping non-IP packet (65 similar messages suppressed)
2026-10-02T22:44:44 [DEBUG] flow_state: Skipping non-IP packet (57 similar messages suppressed)
2026-10-02T22:44:45 [DEBUG] flow_state: Flow finalized: flow_id=7e221b5efef6b787 reason=TIMEOUT
2026-10-02T22:44:45 [DEBUG] flow_state: Flow finalized: flow_id=112b06893df1a169 reason=TIMEOUT
2026-10-02T22:44:45 [DEBUG] flow_state: Flow finalized: flow_id=98994ac8e0c53987 reason=TIMEOUT
2026-10-02T22:44:45 [DEBUG] engine: Inference: flow_id=7e221b5efef6b787 risk=0.3334 class=1 latency=0.50ms
2026-10-02T22:44:45 [DEBUG] engine: Inference: flow_id=112b06893df1a169 risk=0.3334 class=1 latency=0.06ms
2026-10-02T22:44:45 [DEBUG] engine: Inference: flow_id=98994ac8e0c53987 risk=0.3334 class=1 latency=0.06ms
2026-10-02T22:44:45 [DEBUG] flow_state: Skipping non-IP packet (57 similar messages suppressed)
2026-10-02T22:44:46 [DEBUG] flow_state: Skipping non-IP packet (74 similar messages suppressed)
2026-10-02T22:44:47 [DEBUG] flow_state: Skipping non-IP packet (63 similar messages suppressed)
2026-10-02T22:44:48 [DEBUG] flow_state: Skipping non-IP packet (53 similar messages suppressed)
2026-10-02T22:44:49 [DEBUG] flow_state: Skipping non-IP packet (61 similar messages suppressed)
2026-10-02T22:44:50 [DEBUG] flow_state: Skipping non-IP packet (71 similar messages suppressed)
2026-10-02T22:44:51 [DEBUG] flow_state: Skipping non-IP packet (57 similar messages suppressed)
2026-10-02T22:44:52 [DEBUG] flow_state: Skipping non-IP packet (65 similar messages suppressed)
2026-10-02T22:44:53 [DEBUG] flow_state: Flow finalized: flow_id=a46d2c8cc0eac3c5 reason=TIMEOUT
2026-10-02T22:44:53 [DEBUG] flow_state: Flow finalized: flow_id=12b069b1d2c5e5ac reason=TIMEOUT
2026-10-02T22:44:53 [DEBUG] engine: Inference: flow_id=a46d2c8cc0eac3c5 risk=0.3334 class=1 latency=0.10ms
2026-10-02T22:44:53 [DEBUG] engine: Inference: flow_id=12b069b1d2c5e5ac risk=0.3334 class=1 latency=0.03ms
2026-10-02T22:44:53 [DEBUG] flow_state: Skipping non-IP packet (61 similar messages suppressed)
2026-10-02T22:44:54 [DEBUG] flow_state: Skipping non-IP packet (79 similar messages suppressed)
2026-10-02T22:44:55 [DEBUG] flow_state: Skipping non-IP packet (38 similar messages suppressed)
2026-10-02T22:44:56 [DEBUG] flow_state: Flow finalized: flow_id=0ddd0e95d3537a42 reason=TIMEOUT
2026-10-02T22:44:56 [DEBUG] flow_state: Flow finalized: flow_id=63c9f310e673e293 reason=TIMEOUT
2026-10-02T22:44:56 [DEBUG] flow_state: Flow finalized: flow_id=420dddcd4026b0ac reason=TIMEOUT
2026-10-02T22:44:56 [DEBUG] engine: Inference: flow_id=0ddd0e95d3537a42 risk=0.3334 class=1 latency=0.25ms
2026-10-02T22:44:56 [DEBUG] engine: Inference: flow_id=63c9f310e673e293 risk=0.3334 class=1 latency=0.04ms
2026-10-02T22:44:56 [DEBUG] engine: Inference: flow_id=420dddcd4026b0ac risk=0.3334 class=1 latency=0.02ms
2026-10-02T22:44:57 [DEBUG] flow_state: Skipping non-IP packet (93 similar messages suppressed)
2026-10-02T22:44:58 [DEBUG] flow_state: Skipping non-IP packet (56 similar messages suppressed)
2026-10-02T22:44:59 [DEBUG] flow_state: Skipping non-IP packet (64 similar messages suppressed)
2026-10-02T22:45:00 [DEBUG] flow_state: Skipping non-IP packet (63 similar messages suppressed)
2026-10-02T22:45:01 [DEBUG] flow_state: Skipping non-IP packet (67 similar messages suppressed)
2026-10-02T22:45:01 [DEBUG] flow_state: Flow finalized: flow_id=9146e0bfc68a1d96 reason=TIMEOUT
2026-10-02T22:45:01 [DEBUG] engine: Inference: flow_id=9146e0bfc68a1d96 risk=0.3334 class=1 latency=0.12ms
2026-10-02T22:45:02 [DEBUG] flow_state: Skipping non-IP packet (58 similar messages suppressed)
2026-10-02T22:45:03 [DEBUG] flow_state: Skipping non-IP packet (55 similar messages suppressed)
2026-10-02T22:45:04 [DEBUG] flow_state: Skipping non-IP packet (62 similar messages suppressed)
2026-10-02T22:45:05 [DEBUG] flow_state: Skipping non-IP packet (62 similar messages suppressed)
2026-10-02T22:45:06 [DEBUG] flow_state: Skipping non-IP packet (61 similar messages suppressed)
2026-10-02T22:45:07 [DEBUG] flow_state: Skipping non-IP packet (53 similar messages suppressed)
2026-10-02T22:45:08 [DEBUG] flow_state: Skipping non-IP packet (64 similar messages suppressed)
2026-10-02T22:45:08 [DEBUG] flow_state: Flow finalized: flow_id=89590751e8339944 reason=TIMEOUT
2026-10-02T22:45:08 [DEBUG] engine: Inference: flow_id=89590751e8339944 risk=0.3334 class=1 latency=0.12ms
2026-10-02T22:45:09 [DEBUG] flow_state: Skipping non-IP packet (64 similar messages suppressed)
2026-10-02T22:45:10 [DEBUG] flow_state: Skipping non-IP packet (61 similar messages suppressed)
2026-10-02T22:45:11 [DEBUG] flow_state: Skipping non-IP packet (63 similar messages suppressed)
2026-10-02T22:45:12 [DEBUG] flow_state: Flow finalized: flow_id=0da7837333970571 reason=FIN
2026-10-02T22:45:12 [DEBUG] flow_state: Flow finalized: flow_id=a4790613aa7871e1 reason=FIN
2026-10-02T22:45:12 [DEBUG] engine: Inference: flow_id=0da7837333970571 risk=0.7928 class=1 latency=0.29ms
2026-10-02T22:45:12 [DEBUG] engine: Inference: flow_id=a4790613aa7871e1 risk=0.3334 class=1 latency=0.05ms
2026-10-02T22:45:12 [DEBUG] flow_state: Skipping non-IP packet (63 similar messages suppressed)
2026-10-02T22:45:14 [DEBUG] flow_state: Skipping non-IP packet (48 similar messages suppressed)
2026-10-02T22:45:16 [DEBUG] flow_state: Flow finalized: flow_id=e0198a2f385a6c90 reason=TIMEOUT
2026-10-02T22:45:16 [DEBUG] flow_state: Flow finalized: flow_id=efd3245827b6929d reason=TIMEOUT
2026-10-02T22:45:16 [DEBUG] flow_state: Flow finalized: flow_id=ab0d00cbaf39e9f5 reason=TIMEOUT
2026-10-02T22:45:16 [DEBUG] engine: Inference: flow_id=e0198a2f385a6c90 risk=0.3334 class=1 latency=0.12ms
2026-10-02T22:45:16 [DEBUG] engine: Inference: flow_id=efd3245827b6929d risk=0.3334 class=1 latency=0.03ms
2026-10-02T22:45:16 [DEBUG] engine: Inference: flow_id=ab0d00cbaf39e9f5 risk=0.3334 class=1 latency=0.02ms
2026-10-02T22:45:22 [DEBUG] flow_state: Skipping non-IP packet (63 similar messages suppressed)
2026-10-02T22:45:23 [DEBUG] flow_state: Flow finalized: flow_id=e44be57d442f498a reason=TIMEOUT
2026-10-02T22:45:23 [DEBUG] flow_state: Flow finalized: flow_id=08bea2d5f1fed328 reason=TIMEOUT
2026-10-02T22:45:23 [DEBUG] engine: Inference: flow_id=e44be57d442f498a risk=0.3334 class=1 latency=1.67ms
2026-10-02T22:45:23 [DEBUG] engine: Inference: flow_id=08bea2d5f1fed328 risk=0.3334 class=1 latency=0.05ms
2026-10-02T22:45:26 [DEBUG] flow_state: Flow finalized: flow_id=fcdde0d346349084 reason=TIMEOUT
2026-10-02T22:45:26 [DEBUG] flow_state: Flow finalized: flow_id=a085acc2a02d35cc reason=TIMEOUT
2026-10-02T22:45:26 [DEBUG] flow_state: Flow finalized: flow_id=a28f7af5617596fa reason=TIMEOUT
2026-10-02T22:45:26 [DEBUG] engine: Inference: flow_id=fcdde0d346349084 risk=0.3334 class=1 latency=0.20ms
2026-10-02T22:45:26 [DEBUG] engine: Inference: flow_id=a085acc2a02d35cc risk=0.3334 class=1 latency=0.08ms
2026-10-02T22:45:26 [DEBUG] engine: Inference: flow_id=a28f7af5617596fa risk=0.3334 class=1 latency=0.04ms
2026-10-02T22:45:27 [DEBUG] flow_state: Flow finalized: flow_id=5635e5d0c9480e08 reason=TIMEOUT
2026-10-02T22:45:27 [DEBUG] engine: Inference: flow_id=5635e5d0c9480e08 risk=0.3334 class=1 latency=0.14ms
2026-10-02T22:45:30 [DEBUG] flow_state: Flow finalized: flow_id=b28fa341d8f0e81c reason=FIN
2026-10-02T22:45:30 [DEBUG] flow_state: Flow finalized: flow_id=029d9a7919bfab39 reason=FIN
2026-10-02T22:45:30 [DEBUG] engine: Inference: flow_id=b28fa341d8f0e81c risk=0.7928 class=1 latency=0.42ms
2026-10-02T22:45:30 [DEBUG] engine: Inference: flow_id=029d9a7919bfab39 risk=0.3334 class=1 latency=0.06ms
2026-10-02T22:45:31 [DEBUG] flow_state: Flow finalized: flow_id=23e17f6c69d0a964 reason=TIMEOUT
2026-10-02T22:45:31 [DEBUG] engine: Inference: flow_id=23e17f6c69d0a964 risk=0.3334 class=1 latency=0.19ms
2026-10-02T22:45:34 [DEBUG] flow_state: Skipping non-IP packet (1 similar messages suppressed)
2026-10-02T22:45:38 [DEBUG] flow_state: Flow finalized: flow_id=e72d5059ac5497d3 reason=TIMEOUT
2026-10-02T22:45:38 [DEBUG] flow_state: Flow finalized: flow_id=3c4ec6df0a8bc101 reason=TIMEOUT
2026-10-02T22:45:38 [DEBUG] engine: Inference: flow_id=e72d5059ac5497d3 risk=0.3334 class=1 latency=0.20ms
2026-10-02T22:45:38 [DEBUG] engine: Inference: flow_id=3c4ec6df0a8bc101 risk=0.3334 class=1 latency=0.07ms
2026-10-02T22:45:39 [DEBUG] flow_state: Flow finalized: flow_id=d4fc2925ff19a005 reason=TIMEOUT
2026-10-02T22:45:39 [DEBUG] engine: Inference: flow_id=d4fc2925ff19a005 risk=0.3334 class=1 latency=0.18ms
2026-10-02T22:45:46 [DEBUG] flow_state: Flow finalized: flow_id=ce71c00203055a45 reason=TIMEOUT
2026-10-02T22:45:46 [DEBUG] flow_state: Flow finalized: flow_id=8860ba848b9461af reason=TIMEOUT
2026-10-02T22:45:46 [DEBUG] flow_state: Flow finalized: flow_id=f6982ea84de97272 reason=TIMEOUT
2026-10-02T22:45:46 [DEBUG] flow_state: Flow finalized: flow_id=631220e1f9beb5e6 reason=TIMEOUT
2026-10-02T22:45:46 [DEBUG] engine: Inference: flow_id=ce71c00203055a45 risk=0.3334 class=1 latency=0.20ms
2026-10-02T22:45:46 [DEBUG] engine: Inference: flow_id=8860ba848b9461af risk=0.3334 class=1 latency=0.06ms
2026-10-02T22:45:46 [DEBUG] engine: Inference: flow_id=f6982ea84de97272 risk=0.3334 class=1 latency=0.03ms
2026-10-02T22:45:46 [DEBUG] engine: Inference: flow_id=631220e1f9beb5e6 risk=0.3334 class=1 latency=0.03ms
2026-10-02T22:45:54 [DEBUG] flow_state: Flow finalized: flow_id=006fec841b642366 reason=TIMEOUT
2026-10-02T22:45:54 [DEBUG] flow_state: Flow finalized: flow_id=e615024cc4353b31 reason=TIMEOUT
2026-10-02T22:45:54 [DEBUG] engine: Inference: flow_id=006fec841b642366 risk=0.3334 class=1 latency=0.23ms
2026-10-02T22:45:54 [DEBUG] engine: Inference: flow_id=e615024cc4353b31 risk=0.3334 class=1 latency=0.07ms
2026-10-02T22:45:57 [DEBUG] flow_state: Flow finalized: flow_id=50dee6062df4c476 reason=TIMEOUT
2026-10-02T22:45:57 [DEBUG] flow_state: Flow finalized: flow_id=2d63b3560eca38d6 reason=TIMEOUT
2026-10-02T22:45:57 [DEBUG] flow_state: Flow finalized: flow_id=a0fad7af3e2e580a reason=TIMEOUT
2026-10-02T22:45:57 [DEBUG] engine: Inference: flow_id=50dee6062df4c476 risk=0.3334 class=1 latency=0.18ms
2026-10-02T22:45:57 [DEBUG] engine: Inference: flow_id=2d63b3560eca38d6 risk=0.3334 class=1 latency=0.06ms
2026-10-02T22:45:57 [DEBUG] engine: Inference: flow_id=a0fad7af3e2e580a risk=0.3334 class=1 latency=0.04ms
2026-10-02T22:46:02 [DEBUG] flow_state: Flow finalized: flow_id=75b3b9ee6dbdca9c reason=TIMEOUT
2026-10-02T22:46:02 [DEBUG] engine: Inference: flow_id=75b3b9ee6dbdca9c risk=0.3334 class=1 latency=0.20ms
2026-10-02T22:46:04 [DEBUG] flow_state: Skipping non-IP packet (3 similar messages suppressed)
2026-10-02T22:46:09 [DEBUG] flow_state: Flow finalized: flow_id=d09f6e6a7960e963 reason=TIMEOUT
2026-10-02T22:46:09 [DEBUG] engine: Inference: flow_id=d09f6e6a7960e963 risk=0.3334 class=1 latency=0.14ms
2026-10-02T22:46:14 [DEBUG] flow_state: Skipping non-IP packet (3 similar messages suppressed)
2026-10-02T22:46:15 [DEBUG] flow_state: Flow finalized: flow_id=1fc690b28cee10c6 reason=TIMEOUT
2026-10-02T22:46:15 [DEBUG] flow_state: Flow finalized: flow_id=dd4de9a7d560435a reason=TIMEOUT
2026-10-02T22:46:15 [DEBUG] flow_state: Flow finalized: flow_id=ef29df9d6b6ac837 reason=TIMEOUT
2026-10-02T22:46:15 [DEBUG] engine: Inference: flow_id=1fc690b28cee10c6 risk=0.3334 class=1 latency=0.17ms
2026-10-02T22:46:15 [DEBUG] engine: Inference: flow_id=dd4de9a7d560435a risk=0.3334 class=1 latency=0.06ms
2026-10-02T22:46:15 [DEBUG] engine: Inference: flow_id=ef29df9d6b6ac837 risk=0.3334 class=1 latency=0.05ms
2026-10-02T22:46:24 [DEBUG] flow_state: Flow finalized: flow_id=3a6d42fbb967ee71 reason=TIMEOUT
2026-10-02T22:46:24 [DEBUG] flow_state: Flow finalized: flow_id=ffce4665412fde84 reason=TIMEOUT
2026-10-02T22:46:24 [DEBUG] engine: Inference: flow_id=3a6d42fbb967ee71 risk=0.3334 class=1 latency=0.21ms
2026-10-02T22:46:24 [DEBUG] engine: Inference: flow_id=ffce4665412fde84 risk=0.3334 class=1 latency=0.06ms
2026-10-02T22:46:27 [DEBUG] flow_state: Flow finalized: flow_id=9bd68b76b457ec1a reason=TIMEOUT
2026-10-02T22:46:27 [DEBUG] flow_state: Flow finalized: flow_id=d227f70716d00c44 reason=TIMEOUT
2026-10-02T22:46:27 [DEBUG] flow_state: Flow finalized: flow_id=328b83f913f197b5 reason=TIMEOUT
2026-10-02T22:46:27 [DEBUG] engine: Inference: flow_id=9bd68b76b457ec1a risk=0.3334 class=1 latency=0.15ms
2026-10-02T22:46:27 [DEBUG] engine: Inference: flow_id=d227f70716d00c44 risk=0.3334 class=1 latency=0.05ms
2026-10-02T22:46:27 [DEBUG] engine: Inference: flow_id=328b83f913f197b5 risk=0.3334 class=1 latency=0.03ms
2026-10-02T22:46:32 [DEBUG] flow_state: Flow finalized: flow_id=083ab2a2ed27ee08 reason=TIMEOUT
2026-10-02T22:46:32 [DEBUG] engine: Inference: flow_id=083ab2a2ed27ee08 risk=0.3334 class=1 latency=0.21ms
2026-10-02T22:46:34 [DEBUG] flow_state: Skipping non-IP packet (66 similar messages suppressed)
2026-10-02T22:46:39 [DEBUG] flow_state: Flow finalized: flow_id=5c15295c3dd6c282 reason=TIMEOUT
2026-10-02T22:46:39 [DEBUG] engine: Inference: flow_id=5c15295c3dd6c282 risk=0.3334 class=1 latency=0.21ms
2026-10-02T22:46:44 [DEBUG] flow_state: Skipping non-IP packet (3 similar messages suppressed)
2026-10-02T22:46:45 [DEBUG] flow_state: Flow finalized: flow_id=c23be09c2e1873ec reason=TIMEOUT
2026-10-02T22:46:45 [DEBUG] flow_state: Flow finalized: flow_id=e89fecabcaedd423 reason=TIMEOUT
2026-10-02T22:46:45 [DEBUG] flow_state: Flow finalized: flow_id=f9656174342580e4 reason=TIMEOUT
2026-10-02T22:46:45 [DEBUG] engine: Inference: flow_id=c23be09c2e1873ec risk=0.3334 class=1 latency=0.11ms
2026-10-02T22:46:45 [DEBUG] engine: Inference: flow_id=e89fecabcaedd423 risk=0.3334 class=1 latency=0.03ms
2026-10-02T22:46:45 [DEBUG] engine: Inference: flow_id=f9656174342580e4 risk=0.3334 class=1 latency=0.02ms
2026-10-02T22:46:45 [DEBUG] flow_state: Skipping non-IP packet (233 similar messages suppressed)
2026-10-02T22:46:46 [DEBUG] flow_state: Skipping non-IP packet (150 similar messages suppressed)
2026-10-02T22:46:47 [DEBUG] flow_state: Skipping non-IP packet (140 similar messages suppressed)
2026-10-02T22:46:48 [DEBUG] flow_state: Skipping non-IP packet (140 similar messages suppressed)
2026-10-02T22:46:49 [DEBUG] flow_state: Skipping non-IP packet (132 similar messages suppressed)
2026-10-02T22:46:50 [DEBUG] flow_state: Skipping non-IP packet (136 similar messages suppressed)
2026-10-02T22:46:51 [DEBUG] flow_state: Skipping non-IP packet (108 similar messages suppressed)
2026-10-02T22:46:52 [DEBUG] flow_state: Skipping non-IP packet (114 similar messages suppressed)
2026-10-02T22:46:53 [DEBUG] flow_state: Skipping non-IP packet (137 similar messages suppressed)
2026-10-02T22:46:54 [DEBUG] flow_state: Flow finalized: flow_id=9ca50ecd25728a51 reason=TIMEOUT
2026-10-02T22:46:54 [DEBUG] flow_state: Flow finalized: flow_id=2f0d23cc1b326db8 reason=TIMEOUT
2026-10-02T22:46:54 [DEBUG] engine: Inference: flow_id=9ca50ecd25728a51 risk=0.3334 class=1 latency=0.17ms
2026-10-02T22:46:54 [DEBUG] engine: Inference: flow_id=2f0d23cc1b326db8 risk=0.3334 class=1 latency=0.04ms
2026-10-02T22:46:54 [DEBUG] flow_state: Skipping non-IP packet (140 similar messages suppressed)
2026-10-02T22:46:55 [DEBUG] flow_state: Skipping non-IP packet (146 similar messages suppressed)
2026-10-02T22:46:56 [DEBUG] flow_state: Skipping non-IP packet (139 similar messages suppressed)
2026-10-02T22:46:57 [DEBUG] flow_state: Flow finalized: flow_id=288650b77b4ea87f reason=TIMEOUT
2026-10-02T22:46:57 [DEBUG] flow_state: Flow finalized: flow_id=b6ea09eab9ee9957 reason=TIMEOUT
2026-10-02T22:46:57 [DEBUG] flow_state: Flow finalized: flow_id=c98ef2e0537631a7 reason=TIMEOUT
2026-10-02T22:46:57 [DEBUG] engine: Inference: flow_id=288650b77b4ea87f risk=0.3334 class=1 latency=0.12ms
2026-10-02T22:46:57 [DEBUG] engine: Inference: flow_id=b6ea09eab9ee9957 risk=0.3334 class=1 latency=0.06ms
2026-10-02T22:46:57 [DEBUG] engine: Inference: flow_id=c98ef2e0537631a7 risk=0.3334 class=1 latency=0.03ms
2026-10-02T22:46:57 [DEBUG] flow_state: Skipping non-IP packet (125 similar messages suppressed)
2026-10-02T22:46:58 [DEBUG] flow_state: Skipping non-IP packet (150 similar messages suppressed)
2026-10-02T22:46:59 [DEBUG] flow_state: Skipping non-IP packet (126 similar messages suppressed)
2026-10-02T22:47:00 [DEBUG] flow_state: Skipping non-IP packet (133 similar messages suppressed)
2026-10-02T22:47:01 [DEBUG] flow_state: Skipping non-IP packet (128 similar messages suppressed)
2026-10-02T22:47:02 [DEBUG] flow_state: Flow finalized: flow_id=227a5496cf2e331f reason=TIMEOUT
2026-10-02T22:47:02 [DEBUG] engine: Inference: flow_id=227a5496cf2e331f risk=0.3334 class=1 latency=0.99ms
2026-10-02T22:47:02 [DEBUG] flow_state: Skipping non-IP packet (118 similar messages suppressed)
2026-10-02T22:47:03 [DEBUG] flow_state: Skipping non-IP packet (143 similar messages suppressed)
2026-10-02T22:47:04 [DEBUG] flow_state: Skipping non-IP packet (130 similar messages suppressed)
2026-10-02T22:47:05 [DEBUG] flow_state: Skipping non-IP packet (151 similar messages suppressed)
2026-10-02T22:47:06 [DEBUG] flow_state: Skipping non-IP packet (145 similar messages suppressed)
2026-10-02T22:47:07 [DEBUG] flow_state: Skipping non-IP packet (129 similar messages suppressed)
2026-10-02T22:47:08 [DEBUG] flow_state: Skipping non-IP packet (153 similar messages suppressed)
2026-10-02T22:47:09 [DEBUG] flow_state: Flow finalized: flow_id=6c42579f5d415873 reason=TIMEOUT
2026-10-02T22:47:09 [DEBUG] engine: Inference: flow_id=6c42579f5d415873 risk=0.3334 class=1 latency=0.73ms
2026-10-02T22:47:09 [DEBUG] flow_state: Skipping non-IP packet (157 similar messages suppressed)
2026-10-02T22:47:10 [DEBUG] flow_state: Skipping non-IP packet (150 similar messages suppressed)
2026-10-02T22:47:11 [DEBUG] flow_state: Skipping non-IP packet (134 similar messages suppressed)
2026-10-02T22:47:12 [DEBUG] flow_state: Skipping non-IP packet (125 similar messages suppressed)
2026-10-02T22:47:13 [DEBUG] flow_state: Skipping non-IP packet (150 similar messages suppressed)
2026-10-02T22:47:14 [DEBUG] flow_state: Skipping non-IP packet (149 similar messages suppressed)
2026-10-02T22:47:15 [DEBUG] flow_state: Flow finalized: flow_id=28874ff9f8f28a75 reason=TIMEOUT
2026-10-02T22:47:15 [DEBUG] flow_state: Flow finalized: flow_id=1852142856d77ce7 reason=TIMEOUT
2026-10-02T22:47:15 [DEBUG] flow_state: Flow finalized: flow_id=91c570dea2509dd9 reason=TIMEOUT
2026-10-02T22:47:15 [DEBUG] engine: Inference: flow_id=28874ff9f8f28a75 risk=0.3334 class=1 latency=0.12ms
2026-10-02T22:47:15 [DEBUG] engine: Inference: flow_id=1852142856d77ce7 risk=0.3334 class=1 latency=0.03ms
2026-10-02T22:47:15 [DEBUG] engine: Inference: flow_id=91c570dea2509dd9 risk=0.3334 class=1 latency=0.02ms
2026-10-02T22:47:15 [DEBUG] flow_state: Skipping non-IP packet (149 similar messages suppressed)
2026-10-02T22:47:16 [DEBUG] flow_state: Skipping non-IP packet (144 similar messages suppressed)
2026-10-02T22:47:17 [DEBUG] flow_state: Skipping non-IP packet (137 similar messages suppressed)
2026-10-02T22:47:18 [DEBUG] flow_state: Skipping non-IP packet (139 similar messages suppressed)
2026-10-02T22:47:19 [DEBUG] flow_state: Skipping non-IP packet (135 similar messages suppressed)
2026-10-02T22:47:21 [DEBUG] flow_state: Skipping non-IP packet (124 similar messages suppressed)
2026-10-02T22:47:22 [DEBUG] flow_state: Skipping non-IP packet (130 similar messages suppressed)
2026-10-02T22:47:23 [DEBUG] flow_state: Skipping non-IP packet (128 similar messages suppressed)
2026-10-02T22:47:24 [DEBUG] flow_state: Skipping non-IP packet (118 similar messages suppressed)
2026-10-02T22:47:24 [DEBUG] flow_state: Flow finalized: flow_id=878ce75bbb77af82 reason=TIMEOUT
2026-10-02T22:47:24 [DEBUG] flow_state: Flow finalized: flow_id=a064f0b84cfae75c reason=TIMEOUT
2026-10-02T22:47:24 [DEBUG] engine: Inference: flow_id=878ce75bbb77af82 risk=0.3334 class=1 latency=0.16ms
2026-10-02T22:47:24 [DEBUG] engine: Inference: flow_id=a064f0b84cfae75c risk=0.3334 class=1 latency=0.03ms
2026-10-02T22:47:25 [DEBUG] flow_state: Skipping non-IP packet (117 similar messages suppressed)
2026-10-02T22:47:26 [DEBUG] flow_state: Skipping non-IP packet (55 similar messages suppressed)
2026-10-02T22:47:27 [DEBUG] flow_state: Flow finalized: flow_id=22456c27ded0244b reason=TIMEOUT
2026-10-02T22:47:27 [DEBUG] flow_state: Flow finalized: flow_id=99f1c3dc4941f5c6 reason=TIMEOUT
2026-10-02T22:47:27 [DEBUG] flow_state: Flow finalized: flow_id=e44445ca1c35c44e reason=TIMEOUT
2026-10-02T22:47:27 [DEBUG] engine: Inference: flow_id=22456c27ded0244b risk=0.3334 class=1 latency=0.18ms
2026-10-02T22:47:27 [DEBUG] engine: Inference: flow_id=99f1c3dc4941f5c6 risk=0.3334 class=1 latency=0.05ms
2026-10-02T22:47:27 [DEBUG] engine: Inference: flow_id=e44445ca1c35c44e risk=0.3334 class=1 latency=0.03ms
2026-10-02T22:47:27 [DEBUG] flow_state: Skipping non-IP packet (57 similar messages suppressed)
2026-10-02T22:47:28 [DEBUG] flow_state: Skipping non-IP packet (62 similar messages suppressed)
2026-10-02T22:47:29 [DEBUG] flow_state: Skipping non-IP packet (63 similar messages suppressed)
2026-10-02T22:47:30 [DEBUG] flow_state: Skipping non-IP packet (64 similar messages suppressed)
2026-10-02T22:47:31 [DEBUG] flow_state: Skipping non-IP packet (55 similar messages suppressed)
2026-10-02T22:47:32 [DEBUG] flow_state: Flow finalized: flow_id=c2ffbc762c0aa85f reason=TIMEOUT
2026-10-02T22:47:32 [DEBUG] engine: Inference: flow_id=c2ffbc762c0aa85f risk=0.3334 class=1 latency=0.16ms
2026-10-02T22:47:32 [DEBUG] flow_state: Skipping non-IP packet (67 similar messages suppressed)
2026-10-02T22:47:33 [DEBUG] flow_state: Skipping non-IP packet (59 similar messages suppressed)
2026-10-02T22:47:34 [DEBUG] flow_state: Skipping non-IP packet (63 similar messages suppressed)
2026-10-02T22:47:35 [DEBUG] flow_state: Skipping non-IP packet (65 similar messages suppressed)
2026-10-02T22:47:36 [DEBUG] flow_state: Skipping non-IP packet (53 similar messages suppressed)
2026-10-02T22:47:37 [DEBUG] flow_state: Skipping non-IP packet (59 similar messages suppressed)
2026-10-02T22:47:38 [DEBUG] flow_state: Skipping non-IP packet (67 similar messages suppressed)
2026-10-02T22:47:39 [DEBUG] flow_state: Flow finalized: flow_id=6034984caf629844 reason=TIMEOUT
2026-10-02T22:47:39 [DEBUG] engine: Inference: flow_id=6034984caf629844 risk=0.3334 class=1 latency=0.22ms
2026-10-02T22:47:39 [DEBUG] flow_state: Skipping non-IP packet (65 similar messages suppressed)
2026-10-02T22:47:40 [DEBUG] flow_state: Skipping non-IP packet (66 similar messages suppressed)
2026-10-02T22:47:41 [DEBUG] flow_state: Skipping non-IP packet (77 similar messages suppressed)
2026-10-02T22:47:42 [DEBUG] flow_state: Skipping non-IP packet (41 similar messages suppressed)
2026-10-02T22:47:43 [DEBUG] flow_state: Skipping non-IP packet (71 similar messages suppressed)
2026-10-02T22:47:44 [DEBUG] flow_state: Skipping non-IP packet (57 similar messages suppressed)
2026-10-02T22:47:45 [DEBUG] flow_state: Flow finalized: flow_id=ba43408ea67463fb reason=TIMEOUT
2026-10-02T22:47:45 [DEBUG] flow_state: Flow finalized: flow_id=69763f2113784a0d reason=TIMEOUT
2026-10-02T22:47:45 [DEBUG] flow_state: Flow finalized: flow_id=4cb6285a168c9f96 reason=TIMEOUT
2026-10-02T22:47:45 [DEBUG] engine: Inference: flow_id=ba43408ea67463fb risk=0.3334 class=1 latency=0.18ms
2026-10-02T22:47:45 [DEBUG] engine: Inference: flow_id=69763f2113784a0d risk=0.3334 class=1 latency=0.05ms
2026-10-02T22:47:45 [DEBUG] engine: Inference: flow_id=4cb6285a168c9f96 risk=0.3334 class=1 latency=0.02ms
2026-10-02T22:47:45 [DEBUG] flow_state: Skipping non-IP packet (43 similar messages suppressed)
2026-10-02T22:47:46 [DEBUG] flow_state: Skipping non-IP packet (63 similar messages suppressed)
2026-10-02T22:47:47 [DEBUG] flow_state: Skipping non-IP packet (90 similar messages suppressed)
2026-10-02T22:47:48 [DEBUG] flow_state: Skipping non-IP packet (71 similar messages suppressed)
2026-10-02T22:47:50 [DEBUG] flow_state: Skipping non-IP packet (69 similar messages suppressed)
2026-10-02T22:47:51 [DEBUG] flow_state: Skipping non-IP packet (64 similar messages suppressed)
2026-10-02T22:47:52 [DEBUG] flow_state: Skipping non-IP packet (63 similar messages suppressed)
2026-10-02T22:47:53 [DEBUG] flow_state: Flow finalized: flow_id=8da3716c766b186e reason=TIMEOUT
2026-10-02T22:47:53 [DEBUG] flow_state: Flow finalized: flow_id=274e6074ef9aefd1 reason=TIMEOUT
2026-10-02T22:47:53 [DEBUG] engine: Inference: flow_id=8da3716c766b186e risk=0.3334 class=1 latency=0.19ms
2026-10-02T22:47:53 [DEBUG] engine: Inference: flow_id=274e6074ef9aefd1 risk=0.3334 class=1 latency=0.06ms
2026-10-02T22:47:53 [DEBUG] flow_state: Skipping non-IP packet (55 similar messages suppressed)
2026-10-02T22:47:54 [DEBUG] flow_state: Skipping non-IP packet (66 similar messages suppressed)
2026-10-02T22:47:55 [DEBUG] flow_state: Skipping non-IP packet (64 similar messages suppressed)
2026-10-02T22:47:56 [DEBUG] flow_state: Skipping non-IP packet (59 similar messages suppressed)
2026-10-02T22:47:57 [DEBUG] flow_state: Flow finalized: flow_id=d188032bbcc66d56 reason=TIMEOUT
2026-10-02T22:47:57 [DEBUG] flow_state: Flow finalized: flow_id=61149ad270aa127c reason=TIMEOUT
2026-10-02T22:47:57 [DEBUG] flow_state: Flow finalized: flow_id=786be7d59dbce812 reason=TIMEOUT
2026-10-02T22:47:57 [DEBUG] engine: Inference: flow_id=d188032bbcc66d56 risk=0.3334 class=1 latency=0.14ms
2026-10-02T22:47:57 [DEBUG] engine: Inference: flow_id=61149ad270aa127c risk=0.3334 class=1 latency=0.04ms
2026-10-02T22:47:57 [DEBUG] engine: Inference: flow_id=786be7d59dbce812 risk=0.3334 class=1 latency=0.02ms
2026-10-02T22:47:57 [DEBUG] flow_state: Skipping non-IP packet (60 similar messages suppressed)
2026-10-02T22:47:58 [DEBUG] flow_state: Skipping non-IP packet (61 similar messages suppressed)
2026-10-02T22:47:59 [DEBUG] flow_state: Skipping non-IP packet (63 similar messages suppressed)
2026-10-02T22:48:00 [DEBUG] flow_state: Skipping non-IP packet (65 similar messages suppressed)
2026-10-02T22:48:01 [DEBUG] flow_state: Skipping non-IP packet (57 similar messages suppressed)
2026-10-02T22:48:02 [DEBUG] flow_state: Flow finalized: flow_id=34deafaaf837442c reason=TIMEOUT
2026-10-02T22:48:02 [DEBUG] engine: Inference: flow_id=34deafaaf837442c risk=0.3334 class=1 latency=0.18ms
2026-10-02T22:48:02 [DEBUG] flow_state: Skipping non-IP packet (71 similar messages suppressed)
2026-10-02T22:48:03 [DEBUG] flow_state: Skipping non-IP packet (70 similar messages suppressed)
2026-10-02T22:48:04 [DEBUG] flow_state: Skipping non-IP packet (51 similar messages suppressed)
2026-10-02T22:48:05 [DEBUG] flow_state: Skipping non-IP packet (71 similar messages suppressed)
2026-10-02T22:48:06 [DEBUG] flow_state: Skipping non-IP packet (61 similar messages suppressed)
2026-10-02T22:48:07 [DEBUG] flow_state: Skipping non-IP packet (83 similar messages suppressed)
2026-10-02T22:48:08 [DEBUG] flow_state: Skipping non-IP packet (37 similar messages suppressed)
2026-10-02T22:48:09 [DEBUG] flow_state: Flow finalized: flow_id=c78c08f3feff4ae4 reason=TIMEOUT
2026-10-02T22:48:09 [DEBUG] engine: Inference: flow_id=c78c08f3feff4ae4 risk=0.3334 class=1 latency=0.09ms
2026-10-02T22:48:09 [DEBUG] flow_state: Skipping non-IP packet (71 similar messages suppressed)
2026-10-02T22:48:10 [DEBUG] flow_state: Skipping non-IP packet (81 similar messages suppressed)
2026-10-02T22:48:11 [DEBUG] flow_state: Skipping non-IP packet (73 similar messages suppressed)
2026-10-02T22:48:13 [DEBUG] flow_state: Skipping non-IP packet (61 similar messages suppressed)
2026-10-02T22:48:14 [DEBUG] flow_state: Skipping non-IP packet (61 similar messages suppressed)
2026-10-02T22:48:15 [DEBUG] flow_state: Skipping non-IP packet (58 similar messages suppressed)
2026-10-02T22:48:15 [DEBUG] flow_state: Flow finalized: flow_id=0eac1e690bd673e6 reason=TIMEOUT
2026-10-02T22:48:15 [DEBUG] flow_state: Flow finalized: flow_id=e652cd08ebc7f2ec reason=TIMEOUT
2026-10-02T22:48:15 [DEBUG] flow_state: Flow finalized: flow_id=c625f222a1fee213 reason=TIMEOUT
2026-10-02T22:48:15 [DEBUG] engine: Inference: flow_id=0eac1e690bd673e6 risk=0.3334 class=1 latency=0.40ms
2026-10-02T22:48:15 [DEBUG] engine: Inference: flow_id=e652cd08ebc7f2ec risk=0.3334 class=1 latency=0.06ms
2026-10-02T22:48:15 [DEBUG] engine: Inference: flow_id=c625f222a1fee213 risk=0.3334 class=1 latency=0.09ms
2026-10-02T22:48:16 [DEBUG] flow_state: Skipping non-IP packet (65 similar messages suppressed)
2026-10-02T22:48:17 [DEBUG] flow_state: Skipping non-IP packet (63 similar messages suppressed)
2026-10-02T22:48:18 [DEBUG] flow_state: Skipping non-IP packet (59 similar messages suppressed)
2026-10-02T22:48:19 [DEBUG] flow_state: Skipping non-IP packet (65 similar messages suppressed)
2026-10-02T22:48:20 [DEBUG] flow_state: Skipping non-IP packet (61 similar messages suppressed)
2026-10-02T22:48:21 [DEBUG] flow_state: Skipping non-IP packet (63 similar messages suppressed)
2026-10-02T22:48:22 [DEBUG] flow_state: Skipping non-IP packet (55 similar messages suppressed)
2026-10-02T22:48:23 [DEBUG] flow_state: Skipping non-IP packet (60 similar messages suppressed)
2026-10-02T22:48:23 [DEBUG] flow_state: Flow finalized: flow_id=dde061e48e42f794 reason=TIMEOUT
2026-10-02T22:48:23 [DEBUG] flow_state: Flow finalized: flow_id=14bd4c654816217c reason=TIMEOUT
2026-10-02T22:48:23 [DEBUG] engine: Inference: flow_id=dde061e48e42f794 risk=0.3334 class=1 latency=1.51ms
2026-10-02T22:48:23 [DEBUG] engine: Inference: flow_id=14bd4c654816217c risk=0.3334 class=1 latency=0.07ms
2026-10-02T22:48:24 [DEBUG] flow_state: Skipping non-IP packet (66 similar messages suppressed)
2026-10-02T22:48:27 [DEBUG] flow_state: Flow finalized: flow_id=274d46da90b6b7f0 reason=TIMEOUT
2026-10-02T22:48:27 [DEBUG] flow_state: Flow finalized: flow_id=562cb1507d5f44ab reason=TIMEOUT
2026-10-02T22:48:27 [DEBUG] flow_state: Flow finalized: flow_id=5ec742a39d25b0c4 reason=TIMEOUT
2026-10-02T22:48:27 [DEBUG] engine: Inference: flow_id=274d46da90b6b7f0 risk=0.3334 class=1 latency=0.20ms
2026-10-02T22:48:27 [DEBUG] engine: Inference: flow_id=562cb1507d5f44ab risk=0.3334 class=1 latency=0.04ms
2026-10-02T22:48:27 [DEBUG] engine: Inference: flow_id=5ec742a39d25b0c4 risk=0.3334 class=1 latency=0.03ms
2026-10-02T22:48:32 [DEBUG] flow_state: Flow finalized: flow_id=34b0a892a97d206a reason=TIMEOUT
2026-10-02T22:48:32 [DEBUG] engine: Inference: flow_id=34b0a892a97d206a risk=0.3334 class=1 latency=0.20ms
2026-10-02T22:48:34 [DEBUG] flow_state: Skipping non-IP packet (58 similar messages suppressed)
2026-10-02T22:48:39 [DEBUG] flow_state: Flow finalized: flow_id=196edb4577bd41be reason=TIMEOUT
2026-10-02T22:48:39 [DEBUG] engine: Inference: flow_id=196edb4577bd41be risk=0.3334 class=1 latency=0.13ms
2026-10-02T22:48:45 [DEBUG] flow_state: Flow finalized: flow_id=1b5b6e093524b271 reason=TIMEOUT
2026-10-02T22:48:45 [DEBUG] flow_state: Flow finalized: flow_id=1800933787d577d2 reason=TIMEOUT
2026-10-02T22:48:45 [DEBUG] flow_state: Flow finalized: flow_id=5fe75eca71b79891 reason=TIMEOUT
2026-10-02T22:48:45 [DEBUG] engine: Inference: flow_id=1b5b6e093524b271 risk=0.3334 class=1 latency=0.08ms
2026-10-02T22:48:45 [DEBUG] engine: Inference: flow_id=1800933787d577d2 risk=0.3334 class=1 latency=0.02ms
2026-10-02T22:48:45 [DEBUG] engine: Inference: flow_id=5fe75eca71b79891 risk=0.3334 class=1 latency=0.02ms
2026-10-02T22:48:53 [DEBUG] flow_state: Flow finalized: flow_id=d1e303cb0f001e66 reason=TIMEOUT
2026-10-02T22:48:53 [DEBUG] flow_state: Flow finalized: flow_id=accb695194f63c40 reason=TIMEOUT
2026-10-02T22:48:53 [DEBUG] engine: Inference: flow_id=d1e303cb0f001e66 risk=0.3334 class=1 latency=0.16ms
2026-10-02T22:48:53 [DEBUG] engine: Inference: flow_id=accb695194f63c40 risk=0.3334 class=1 latency=0.09ms
2026-10-02T22:48:57 [DEBUG] flow_state: Flow finalized: flow_id=5f8a9cd5e89d108d reason=TIMEOUT
2026-10-02T22:48:57 [DEBUG] flow_state: Flow finalized: flow_id=17285f47a063deb7 reason=TIMEOUT
2026-10-02T22:48:57 [DEBUG] flow_state: Flow finalized: flow_id=625cd0ea44ca1e32 reason=TIMEOUT
2026-10-02T22:48:57 [DEBUG] engine: Inference: flow_id=5f8a9cd5e89d108d risk=0.3334 class=1 latency=0.20ms
2026-10-02T22:48:57 [DEBUG] engine: Inference: flow_id=17285f47a063deb7 risk=0.3334 class=1 latency=0.07ms
2026-10-02T22:48:57 [DEBUG] engine: Inference: flow_id=625cd0ea44ca1e32 risk=0.3334 class=1 latency=0.04ms
2026-10-02T22:49:02 [DEBUG] flow_state: Flow finalized: flow_id=febcde5665ac2b3c reason=TIMEOUT
2026-10-02T22:49:02 [DEBUG] engine: Inference: flow_id=febcde5665ac2b3c risk=0.3334 class=1 latency=0.14ms
2026-10-02T22:49:04 [DEBUG] flow_state: Skipping non-IP packet (3 similar messages suppressed)
2026-10-02T22:49:09 [DEBUG] flow_state: Flow finalized: flow_id=1b419a91f6d71208 reason=TIMEOUT
2026-10-02T22:49:09 [DEBUG] engine: Inference: flow_id=1b419a91f6d71208 risk=0.3334 class=1 latency=0.18ms
2026-10-02T22:49:14 [DEBUG] flow_state: Skipping non-IP packet (3 similar messages suppressed)
2026-10-02T22:49:15 [DEBUG] flow_state: Skipping non-IP packet (224 similar messages suppressed)
2026-10-02T22:49:15 [DEBUG] flow_state: Flow finalized: flow_id=628873301a9bf79d reason=TIMEOUT
2026-10-02T22:49:15 [DEBUG] flow_state: Flow finalized: flow_id=862e2aca0dcc25c2 reason=TIMEOUT
2026-10-02T22:49:15 [DEBUG] flow_state: Flow finalized: flow_id=cd85c1af0c097057 reason=TIMEOUT
2026-10-02T22:49:15 [DEBUG] engine: Inference: flow_id=628873301a9bf79d risk=0.3334 class=1 latency=0.15ms
2026-10-02T22:49:15 [DEBUG] engine: Inference: flow_id=862e2aca0dcc25c2 risk=0.3334 class=1 latency=0.03ms
2026-10-02T22:49:15 [DEBUG] engine: Inference: flow_id=cd85c1af0c097057 risk=0.3334 class=1 latency=0.02ms
2026-10-02T22:49:16 [DEBUG] flow_state: Skipping non-IP packet (142 similar messages suppressed)
2026-10-02T22:49:17 [DEBUG] flow_state: Skipping non-IP packet (135 similar messages suppressed)
2026-10-02T22:49:18 [DEBUG] flow_state: Skipping non-IP packet (141 similar messages suppressed)
2026-10-02T22:49:19 [DEBUG] flow_state: Skipping non-IP packet (128 similar messages suppressed)
2026-10-02T22:49:20 [DEBUG] flow_state: Skipping non-IP packet (121 similar messages suppressed)
2026-10-02T22:49:21 [DEBUG] flow_state: Skipping non-IP packet (134 similar messages suppressed)
2026-10-02T22:49:22 [DEBUG] flow_state: Skipping non-IP packet (121 similar messages suppressed)
2026-10-02T22:49:23 [DEBUG] flow_state: Skipping non-IP packet (128 similar messages suppressed)
2026-10-02T22:49:23 [DEBUG] flow_state: Flow finalized: flow_id=7cfb95334102522b reason=TIMEOUT
2026-10-02T22:49:23 [DEBUG] flow_state: Flow finalized: flow_id=2b1db5198ded0540 reason=TIMEOUT
2026-10-02T22:49:23 [DEBUG] engine: Inference: flow_id=7cfb95334102522b risk=0.3334 class=1 latency=0.10ms
2026-10-02T22:49:23 [DEBUG] engine: Inference: flow_id=2b1db5198ded0540 risk=0.3334 class=1 latency=0.03ms
2026-10-02T22:49:24 [DEBUG] flow_state: Skipping non-IP packet (159 similar messages suppressed)
2026-10-02T22:49:25 [DEBUG] flow_state: Skipping non-IP packet (117 similar messages suppressed)
2026-10-02T22:49:26 [DEBUG] flow_state: Skipping non-IP packet (151 similar messages suppressed)
2026-10-02T22:49:27 [DEBUG] flow_state: Skipping non-IP packet (135 similar messages suppressed)
2026-10-02T22:49:27 [DEBUG] flow_state: Flow finalized: flow_id=7223ce693f8dc266 reason=TIMEOUT
2026-10-02T22:49:27 [DEBUG] flow_state: Flow finalized: flow_id=5e19805cb1c00b18 reason=TIMEOUT
2026-10-02T22:49:27 [DEBUG] flow_state: Flow finalized: flow_id=1da59d4e1ae6833f reason=TIMEOUT
2026-10-02T22:49:27 [DEBUG] engine: Inference: flow_id=7223ce693f8dc266 risk=0.3334 class=1 latency=0.12ms
2026-10-02T22:49:27 [DEBUG] engine: Inference: flow_id=5e19805cb1c00b18 risk=0.3334 class=1 latency=0.05ms
2026-10-02T22:49:27 [DEBUG] engine: Inference: flow_id=1da59d4e1ae6833f risk=0.3334 class=1 latency=0.03ms
2026-10-02T22:49:28 [DEBUG] flow_state: Skipping non-IP packet (119 similar messages suppressed)
2026-10-02T22:49:29 [DEBUG] flow_state: Skipping non-IP packet (142 similar messages suppressed)
2026-10-02T22:49:30 [DEBUG] flow_state: Skipping non-IP packet (124 similar messages suppressed)
2026-10-02T22:49:31 [DEBUG] flow_state: Skipping non-IP packet (114 similar messages suppressed)
2026-10-02T22:49:32 [DEBUG] flow_state: Skipping non-IP packet (136 similar messages suppressed)
2026-10-02T22:49:32 [DEBUG] flow_state: Flow finalized: flow_id=45e0ff78887add84 reason=TIMEOUT
2026-10-02T22:49:32 [DEBUG] engine: Inference: flow_id=45e0ff78887add84 risk=0.3334 class=1 latency=0.21ms
2026-10-02T22:49:34 [DEBUG] flow_state: Skipping non-IP packet (150 similar messages suppressed)
2026-10-02T22:49:35 [DEBUG] flow_state: Skipping non-IP packet (64 similar messages suppressed)
2026-10-02T22:49:36 [DEBUG] flow_state: Skipping non-IP packet (57 similar messages suppressed)
2026-10-02T22:49:37 [DEBUG] flow_state: Skipping non-IP packet (58 similar messages suppressed)
2026-10-02T22:49:38 [DEBUG] flow_state: Skipping non-IP packet (61 similar messages suppressed)
2026-10-02T22:49:39 [DEBUG] flow_state: Skipping non-IP packet (63 similar messages suppressed)
2026-10-02T22:49:39 [DEBUG] flow_state: Flow finalized: flow_id=e75d2e96e5f43bdc reason=TIMEOUT
2026-10-02T22:49:39 [DEBUG] engine: Inference: flow_id=e75d2e96e5f43bdc risk=0.3334 class=1 latency=0.13ms
2026-10-02T22:49:40 [DEBUG] flow_state: Skipping non-IP packet (53 similar messages suppressed)
2026-10-02T22:49:41 [DEBUG] flow_state: Skipping non-IP packet (68 similar messages suppressed)
2026-10-02T22:49:42 [DEBUG] flow_state: Skipping non-IP packet (91 similar messages suppressed)
2026-10-02T22:49:43 [DEBUG] flow_state: Skipping non-IP packet (31 similar messages suppressed)
2026-10-02T22:49:44 [DEBUG] flow_state: Skipping non-IP packet (79 similar messages suppressed)
2026-10-02T22:49:45 [DEBUG] flow_state: Skipping non-IP packet (55 similar messages suppressed)
2026-10-02T22:49:46 [DEBUG] flow_state: Flow finalized: flow_id=3c0219e09c3be6c1 reason=TIMEOUT
2026-10-02T22:49:46 [DEBUG] flow_state: Flow finalized: flow_id=d0734f7ef6578a94 reason=TIMEOUT
2026-10-02T22:49:46 [DEBUG] flow_state: Flow finalized: flow_id=2925203de45a7345 reason=TIMEOUT
2026-10-02T22:49:46 [DEBUG] engine: Inference: flow_id=3c0219e09c3be6c1 risk=0.3334 class=1 latency=0.09ms
2026-10-02T22:49:46 [DEBUG] engine: Inference: flow_id=d0734f7ef6578a94 risk=0.3334 class=1 latency=0.03ms
2026-10-02T22:49:46 [DEBUG] engine: Inference: flow_id=2925203de45a7345 risk=0.3334 class=1 latency=0.02ms
2026-10-02T22:49:46 [DEBUG] flow_state: Skipping non-IP packet (43 similar messages suppressed)
2026-10-02T22:49:47 [DEBUG] flow_state: Skipping non-IP packet (68 similar messages suppressed)
2026-10-02T22:49:48 [DEBUG] flow_state: Skipping non-IP packet (77 similar messages suppressed)
2026-10-02T22:49:50 [DEBUG] flow_state: Skipping non-IP packet (87 similar messages suppressed)
2026-10-02T22:49:51 [DEBUG] flow_state: Skipping non-IP packet (63 similar messages suppressed)
2026-10-02T22:49:52 [DEBUG] flow_state: Skipping non-IP packet (60 similar messages suppressed)
2026-10-02T22:49:53 [DEBUG] flow_state: Skipping non-IP packet (56 similar messages suppressed)
2026-10-02T22:49:54 [DEBUG] flow_state: Flow finalized: flow_id=d829446209251084 reason=TIMEOUT
2026-10-02T22:49:54 [DEBUG] flow_state: Flow finalized: flow_id=d694c0ca764932db reason=TIMEOUT
2026-10-02T22:49:54 [DEBUG] engine: Inference: flow_id=d829446209251084 risk=0.3334 class=1 latency=0.14ms
2026-10-02T22:49:54 [DEBUG] engine: Inference: flow_id=d694c0ca764932db risk=0.3334 class=1 latency=0.05ms
2026-10-02T22:49:54 [DEBUG] flow_state: Skipping non-IP packet (68 similar messages suppressed)
2026-10-02T22:49:55 [DEBUG] flow_state: Skipping non-IP packet (62 similar messages suppressed)
2026-10-02T22:49:56 [DEBUG] flow_state: Skipping non-IP packet (64 similar messages suppressed)
2026-10-02T22:49:57 [DEBUG] flow_state: Flow finalized: flow_id=1baef7934ee3b145 reason=TIMEOUT
2026-10-02T22:49:57 [DEBUG] flow_state: Flow finalized: flow_id=6801449482cd77dc reason=TIMEOUT
2026-10-02T22:49:57 [DEBUG] flow_state: Flow finalized: flow_id=75f38f1eb3607d6b reason=TIMEOUT
2026-10-02T22:49:57 [DEBUG] engine: Inference: flow_id=1baef7934ee3b145 risk=0.3334 class=1 latency=1.81ms
2026-10-02T22:49:57 [DEBUG] engine: Inference: flow_id=6801449482cd77dc risk=0.3334 class=1 latency=0.07ms
2026-10-02T22:49:57 [DEBUG] engine: Inference: flow_id=75f38f1eb3607d6b risk=0.3334 class=1 latency=0.03ms
2026-10-02T22:49:57 [DEBUG] flow_state: Skipping non-IP packet (64 similar messages suppressed)
2026-10-02T22:49:58 [DEBUG] flow_state: Skipping non-IP packet (54 similar messages suppressed)
2026-10-02T22:49:59 [DEBUG] flow_state: Skipping non-IP packet (61 similar messages suppressed)
2026-10-02T22:50:00 [DEBUG] flow_state: Skipping non-IP packet (61 similar messages suppressed)
2026-10-02T22:50:01 [DEBUG] flow_state: Skipping non-IP packet (57 similar messages suppressed)
2026-10-02T22:50:02 [DEBUG] flow_state: Skipping non-IP packet (57 similar messages suppressed)
2026-10-02T22:50:03 [DEBUG] flow_state: Flow finalized: flow_id=8f4b9e5714019772 reason=TIMEOUT
2026-10-02T22:50:03 [DEBUG] engine: Inference: flow_id=8f4b9e5714019772 risk=0.3334 class=1 latency=0.19ms
2026-10-02T22:50:03 [DEBUG] flow_state: Skipping non-IP packet (53 similar messages suppressed)
2026-10-02T22:50:04 [DEBUG] flow_state: Skipping non-IP packet (67 similar messages suppressed)
2026-10-02T22:50:05 [DEBUG] flow_state: Skipping non-IP packet (67 similar messages suppressed)
2026-10-02T22:50:06 [DEBUG] flow_state: Skipping non-IP packet (59 similar messages suppressed)
2026-10-02T22:50:07 [DEBUG] flow_state: Skipping non-IP packet (83 similar messages suppressed)
2026-10-02T22:50:08 [DEBUG] flow_state: Skipping non-IP packet (59 similar messages suppressed)
2026-10-02T22:50:09 [DEBUG] flow_state: Flow finalized: flow_id=56247de6e43f2780 reason=TIMEOUT
2026-10-02T22:50:09 [DEBUG] engine: Inference: flow_id=56247de6e43f2780 risk=0.3334 class=1 latency=0.19ms
2026-10-02T22:50:09 [DEBUG] flow_state: Skipping non-IP packet (73 similar messages suppressed)
2026-10-02T22:50:10 [DEBUG] flow_state: Skipping non-IP packet (38 similar messages suppressed)
2026-10-02T22:50:12 [DEBUG] flow_state: Skipping non-IP packet (83 similar messages suppressed)
2026-10-02T22:50:13 [DEBUG] flow_state: Skipping non-IP packet (62 similar messages suppressed)
2026-10-02T22:50:14 [DEBUG] flow_state: Skipping non-IP packet (63 similar messages suppressed)
2026-10-02T22:50:15 [DEBUG] flow_state: Skipping non-IP packet (61 similar messages suppressed)
2026-10-02T22:50:16 [DEBUG] flow_state: Flow finalized: flow_id=5b4386fdf9c48663 reason=TIMEOUT
2026-10-02T22:50:16 [DEBUG] flow_state: Flow finalized: flow_id=6ba2b9a9704e2acf reason=TIMEOUT
2026-10-02T22:50:16 [DEBUG] flow_state: Flow finalized: flow_id=84eed3ad1506da17 reason=TIMEOUT
2026-10-02T22:50:16 [DEBUG] engine: Inference: flow_id=5b4386fdf9c48663 risk=0.3334 class=1 latency=0.18ms
2026-10-02T22:50:16 [DEBUG] engine: Inference: flow_id=6ba2b9a9704e2acf risk=0.3334 class=1 latency=0.05ms
2026-10-02T22:50:16 [DEBUG] engine: Inference: flow_id=84eed3ad1506da17 risk=0.3334 class=1 latency=0.03ms
2026-10-02T22:50:16 [DEBUG] flow_state: Skipping non-IP packet (62 similar messages suppressed)
2026-10-02T22:50:17 [DEBUG] flow_state: Skipping non-IP packet (64 similar messages suppressed)
2026-10-02T22:50:18 [DEBUG] flow_state: Skipping non-IP packet (63 similar messages suppressed)
2026-10-02T22:50:19 [DEBUG] flow_state: Skipping non-IP packet (59 similar messages suppressed)
2026-10-02T22:50:20 [DEBUG] flow_state: Skipping non-IP packet (63 similar messages suppressed)
2026-10-02T22:50:21 [DEBUG] flow_state: Skipping non-IP packet (61 similar messages suppressed)
2026-10-02T22:50:22 [DEBUG] flow_state: Skipping non-IP packet (63 similar messages suppressed)
2026-10-02T22:50:23 [DEBUG] flow_state: Skipping non-IP packet (73 similar messages suppressed)
2026-10-02T22:50:24 [DEBUG] flow_state: Flow finalized: flow_id=40b780d379ef31d6 reason=TIMEOUT
2026-10-02T22:50:24 [DEBUG] flow_state: Flow finalized: flow_id=92fbcb8e12afa7bc reason=TIMEOUT
2026-10-02T22:50:24 [DEBUG] engine: Inference: flow_id=40b780d379ef31d6 risk=0.3334 class=1 latency=0.18ms
2026-10-02T22:50:24 [DEBUG] engine: Inference: flow_id=92fbcb8e12afa7bc risk=0.3334 class=1 latency=0.05ms
2026-10-02T22:50:24 [DEBUG] flow_state: Skipping non-IP packet (81 similar messages suppressed)
2026-10-02T22:50:25 [DEBUG] flow_state: Skipping non-IP packet (38 similar messages suppressed)
2026-10-02T22:50:26 [DEBUG] flow_state: Skipping non-IP packet (65 similar messages suppressed)
2026-10-02T22:50:27 [DEBUG] flow_state: Flow finalized: flow_id=48ef31deadc63872 reason=TIMEOUT
2026-10-02T22:50:27 [DEBUG] flow_state: Flow finalized: flow_id=a5dcee60d354d6aa reason=TIMEOUT
2026-10-02T22:50:27 [DEBUG] flow_state: Flow finalized: flow_id=a17bffa3b1476eac reason=TIMEOUT
2026-10-02T22:50:27 [DEBUG] engine: Inference: flow_id=48ef31deadc63872 risk=0.3334 class=1 latency=0.20ms
2026-10-02T22:50:27 [DEBUG] engine: Inference: flow_id=a5dcee60d354d6aa risk=0.3334 class=1 latency=0.06ms
2026-10-02T22:50:27 [DEBUG] engine: Inference: flow_id=a17bffa3b1476eac risk=0.3334 class=1 latency=0.03ms
2026-10-02T22:50:27 [DEBUG] flow_state: Skipping non-IP packet (71 similar messages suppressed)
2026-10-02T22:50:28 [DEBUG] flow_state: Skipping non-IP packet (45 similar messages suppressed)
2026-10-02T22:50:29 [DEBUG] flow_state: Skipping non-IP packet (84 similar messages suppressed)
2026-10-02T22:50:30 [DEBUG] flow_state: Flow finalized: flow_id=83c69e6bb92e004f reason=FIN
2026-10-02T22:50:30 [DEBUG] flow_state: Flow finalized: flow_id=4cb9433f8eea4761 reason=FIN
2026-10-02T22:50:30 [DEBUG] engine: Inference: flow_id=83c69e6bb92e004f risk=0.7928 class=1 latency=0.30ms
2026-10-02T22:50:30 [DEBUG] engine: Inference: flow_id=4cb9433f8eea4761 risk=0.3334 class=1 latency=0.05ms
2026-10-02T22:50:30 [DEBUG] flow_state: Skipping non-IP packet (38 similar messages suppressed)
2026-10-02T22:50:32 [DEBUG] flow_state: Skipping non-IP packet (90 similar messages suppressed)
2026-10-02T22:50:33 [DEBUG] flow_state: Flow finalized: flow_id=c3545e0544061179 reason=TIMEOUT
2026-10-02T22:50:33 [DEBUG] engine: Inference: flow_id=c3545e0544061179 risk=0.3334 class=1 latency=0.20ms
2026-10-02T22:50:33 [DEBUG] flow_state: Skipping non-IP packet (64 similar messages suppressed)
2026-10-02T22:50:34 [DEBUG] flow_state: Skipping non-IP packet (61 similar messages suppressed)
2026-10-02T22:50:39 [DEBUG] flow_state: Flow finalized: flow_id=0238b614cf855a49 reason=TIMEOUT
2026-10-02T22:50:39 [DEBUG] engine: Inference: flow_id=0238b614cf855a49 risk=0.3334 class=1 latency=0.20ms
2026-10-02T22:50:46 [DEBUG] flow_state: Flow finalized: flow_id=fe8d9cf1b6f56cc5 reason=TIMEOUT
2026-10-02T22:50:46 [DEBUG] flow_state: Flow finalized: flow_id=b3a58d180601e871 reason=TIMEOUT
2026-10-02T22:50:46 [DEBUG] flow_state: Flow finalized: flow_id=01e2c071bc9ded2e reason=TIMEOUT
2026-10-02T22:50:46 [DEBUG] flow_state: Flow finalized: flow_id=f7cf02fcd61bdb89 reason=TIMEOUT
2026-10-02T22:50:46 [DEBUG] engine: Inference: flow_id=fe8d9cf1b6f56cc5 risk=0.3334 class=1 latency=1.12ms
2026-10-02T22:50:46 [DEBUG] engine: Inference: flow_id=b3a58d180601e871 risk=0.3334 class=1 latency=0.06ms
2026-10-02T22:50:46 [DEBUG] engine: Inference: flow_id=01e2c071bc9ded2e risk=0.3334 class=1 latency=0.02ms
2026-10-02T22:50:46 [DEBUG] engine: Inference: flow_id=f7cf02fcd61bdb89 risk=0.3334 class=1 latency=0.02ms
2026-10-02T22:50:54 [DEBUG] flow_state: Flow finalized: flow_id=2e877ce7cd896cfc reason=TIMEOUT
2026-10-02T22:50:54 [DEBUG] flow_state: Flow finalized: flow_id=6e2074003c1f0601 reason=TIMEOUT
2026-10-02T22:50:54 [DEBUG] engine: Inference: flow_id=2e877ce7cd896cfc risk=0.3334 class=1 latency=0.21ms
2026-10-02T22:50:54 [DEBUG] engine: Inference: flow_id=6e2074003c1f0601 risk=0.3334 class=1 latency=0.06ms
2026-10-02T22:50:57 [DEBUG] flow_state: Flow finalized: flow_id=88dda59a21aed81f reason=TIMEOUT
2026-10-02T22:50:57 [DEBUG] flow_state: Flow finalized: flow_id=a60b852ff1cbebd9 reason=TIMEOUT
2026-10-02T22:50:57 [DEBUG] flow_state: Flow finalized: flow_id=b5fdb6528beb9ef5 reason=TIMEOUT
2026-10-02T22:50:57 [DEBUG] engine: Inference: flow_id=88dda59a21aed81f risk=0.3334 class=1 latency=1.77ms
2026-10-02T22:50:57 [DEBUG] engine: Inference: flow_id=a60b852ff1cbebd9 risk=0.3334 class=1 latency=0.03ms
2026-10-02T22:50:57 [DEBUG] engine: Inference: flow_id=b5fdb6528beb9ef5 risk=0.3334 class=1 latency=0.02ms
2026-10-02T22:51:03 [DEBUG] flow_state: Flow finalized: flow_id=bd439ea61d0b5f4a reason=TIMEOUT
2026-10-02T22:51:03 [DEBUG] engine: Inference: flow_id=bd439ea61d0b5f4a risk=0.3334 class=1 latency=0.20ms
2026-10-02T22:51:04 [DEBUG] flow_state: Skipping non-IP packet (3 similar messages suppressed)
2026-10-02T22:51:09 [DEBUG] flow_state: Flow finalized: flow_id=392fa03d84ab383f reason=TIMEOUT
2026-10-02T22:51:09 [DEBUG] engine: Inference: flow_id=392fa03d84ab383f risk=0.3334 class=1 latency=0.18ms
2026-10-02T22:51:14 [DEBUG] flow_state: Skipping non-IP packet (3 similar messages suppressed)
2026-10-02T22:51:15 [DEBUG] flow_state: Flow finalized: flow_id=4e8d2ba612327678 reason=TIMEOUT
2026-10-02T22:51:15 [DEBUG] flow_state: Flow finalized: flow_id=511b42a5629582bb reason=TIMEOUT
2026-10-02T22:51:15 [DEBUG] flow_state: Flow finalized: flow_id=c113ba0034756259 reason=TIMEOUT
2026-10-02T22:51:15 [DEBUG] engine: Inference: flow_id=4e8d2ba612327678 risk=0.3334 class=1 latency=0.20ms
2026-10-02T22:51:15 [DEBUG] engine: Inference: flow_id=511b42a5629582bb risk=0.3334 class=1 latency=0.06ms
2026-10-02T22:51:15 [DEBUG] engine: Inference: flow_id=c113ba0034756259 risk=0.3334 class=1 latency=0.03ms
2026-10-02T22:51:16 [DEBUG] flow_state: Flow finalized: flow_id=e1f487440bfa35d0 reason=FIN
2026-10-02T22:51:16 [DEBUG] flow_state: Flow finalized: flow_id=2203d7c161e95fb7 reason=FIN
2026-10-02T22:51:16 [DEBUG] engine: Inference: flow_id=e1f487440bfa35d0 risk=0.7928 class=1 latency=0.32ms
2026-10-02T22:51:16 [DEBUG] engine: Inference: flow_id=2203d7c161e95fb7 risk=0.3334 class=1 latency=0.05ms
2026-10-02T22:51:24 [DEBUG] flow_state: Flow finalized: flow_id=bc07019245664980 reason=TIMEOUT
2026-10-02T22:51:24 [DEBUG] flow_state: Flow finalized: flow_id=fddfead5f867312c reason=TIMEOUT
2026-10-02T22:51:24 [DEBUG] engine: Inference: flow_id=bc07019245664980 risk=0.3334 class=1 latency=0.19ms
2026-10-02T22:51:24 [DEBUG] engine: Inference: flow_id=fddfead5f867312c risk=0.3334 class=1 latency=0.06ms
2026-10-02T22:51:27 [DEBUG] flow_state: Flow finalized: flow_id=b03c8bbed5113078 reason=TIMEOUT
2026-10-02T22:51:27 [DEBUG] flow_state: Flow finalized: flow_id=d9aeddcb96ade60f reason=TIMEOUT
2026-10-02T22:51:27 [DEBUG] flow_state: Flow finalized: flow_id=203e5471336e6359 reason=TIMEOUT
2026-10-02T22:51:27 [DEBUG] engine: Inference: flow_id=b03c8bbed5113078 risk=0.3334 class=1 latency=1.04ms
2026-10-02T22:51:27 [DEBUG] engine: Inference: flow_id=d9aeddcb96ade60f risk=0.3334 class=1 latency=0.05ms
2026-10-02T22:51:27 [DEBUG] engine: Inference: flow_id=203e5471336e6359 risk=0.3334 class=1 latency=0.08ms
2026-10-02T22:51:32 [DEBUG] flow_state: Flow finalized: flow_id=a9e2bb99c9db2533 reason=TIMEOUT
2026-10-02T22:51:32 [DEBUG] flow_state: Flow finalized: flow_id=7470e9a9fabc2de3 reason=TIMEOUT
2026-10-02T22:51:32 [DEBUG] engine: Inference: flow_id=a9e2bb99c9db2533 risk=0.3334 class=1 latency=1.30ms
2026-10-02T22:51:32 [DEBUG] engine: Inference: flow_id=7470e9a9fabc2de3 risk=0.3334 class=1 latency=0.06ms
2026-10-02T22:51:34 [DEBUG] flow_state: Skipping non-IP packet (66 similar messages suppressed)
2026-10-02T22:51:37 [DEBUG] flow_state: Flow finalized: flow_id=cab495e21adb6c00 reason=FIN
2026-10-02T22:51:37 [DEBUG] flow_state: Flow finalized: flow_id=36206a38ecf50634 reason=FIN
2026-10-02T22:51:37 [DEBUG] engine: Inference: flow_id=cab495e21adb6c00 risk=0.7928 class=1 latency=0.32ms
2026-10-02T22:51:37 [DEBUG] engine: Inference: flow_id=36206a38ecf50634 risk=0.3334 class=1 latency=0.06ms
2026-10-02T22:51:39 [DEBUG] flow_state: Flow finalized: flow_id=e5d3bfa0843a12a8 reason=TIMEOUT
2026-10-02T22:51:39 [DEBUG] engine: Inference: flow_id=e5d3bfa0843a12a8 risk=0.3334 class=1 latency=0.18ms
2026-10-02T22:51:45 [DEBUG] flow_state: Flow finalized: flow_id=8a7f9db627714c27 reason=TIMEOUT
2026-10-02T22:51:45 [DEBUG] flow_state: Flow finalized: flow_id=37f7582b7ded1873 reason=TIMEOUT
2026-10-02T22:51:45 [DEBUG] flow_state: Flow finalized: flow_id=799704885046ab6d reason=TIMEOUT
2026-10-02T22:51:45 [DEBUG] engine: Inference: flow_id=8a7f9db627714c27 risk=0.3334 class=1 latency=0.20ms
2026-10-02T22:51:45 [DEBUG] engine: Inference: flow_id=37f7582b7ded1873 risk=0.3334 class=1 latency=0.06ms
2026-10-02T22:51:45 [DEBUG] engine: Inference: flow_id=799704885046ab6d risk=0.3334 class=1 latency=0.03ms
2026-10-02T22:51:46 [DEBUG] flow_state: Flow finalized: flow_id=6146615dfdf1951f reason=TIMEOUT
2026-10-02T22:51:46 [DEBUG] engine: Inference: flow_id=6146615dfdf1951f risk=0.7469 class=1 latency=0.53ms
2026-10-02T22:51:46 [DEBUG] flow_state: Flow finalized: flow_id=2c44f4b065aae5fa reason=FIN
2026-10-02T22:51:46 [DEBUG] flow_state: Flow finalized: flow_id=7c663eb07da9758f reason=FIN
2026-10-02T22:51:46 [DEBUG] engine: Inference: flow_id=2c44f4b065aae5fa risk=0.7928 class=1 latency=0.49ms
2026-10-02T22:51:46 [DEBUG] engine: Inference: flow_id=7c663eb07da9758f risk=0.3334 class=1 latency=0.08ms
2026-10-02T22:51:53 [DEBUG] flow_state: Flow finalized: flow_id=734c7ed5a32fd16f reason=TIMEOUT
2026-10-02T22:51:53 [DEBUG] engine: Inference: flow_id=734c7ed5a32fd16f risk=0.3334 class=1 latency=0.21ms
2026-10-02T22:51:54 [DEBUG] flow_state: Flow finalized: flow_id=b1032585d3328418 reason=TIMEOUT
2026-10-02T22:51:54 [DEBUG] flow_state: Flow finalized: flow_id=e4fbc1f40675085a reason=TIMEOUT
2026-10-02T22:51:54 [DEBUG] engine: Inference: flow_id=b1032585d3328418 risk=0.3334 class=1 latency=0.19ms
2026-10-02T22:51:54 [DEBUG] engine: Inference: flow_id=e4fbc1f40675085a risk=0.3334 class=1 latency=0.08ms
2026-10-02T22:51:57 [DEBUG] flow_state: Flow finalized: flow_id=9c1d0b8a017e34e7 reason=TIMEOUT
2026-10-02T22:51:57 [DEBUG] flow_state: Flow finalized: flow_id=93e0fe4e86951650 reason=TIMEOUT
2026-10-02T22:51:57 [DEBUG] flow_state: Flow finalized: flow_id=da094e8c447d4768 reason=TIMEOUT
2026-10-02T22:51:57 [DEBUG] engine: Inference: flow_id=9c1d0b8a017e34e7 risk=0.3334 class=1 latency=0.21ms
2026-10-02T22:51:57 [DEBUG] engine: Inference: flow_id=93e0fe4e86951650 risk=0.3334 class=1 latency=0.06ms
2026-10-02T22:51:57 [DEBUG] engine: Inference: flow_id=da094e8c447d4768 risk=0.3334 class=1 latency=0.03ms
2026-10-02T22:51:58 [DEBUG] flow_state: Skipping non-IP packet (3 similar messages suppressed)
2026-10-02T22:51:59 [DEBUG] flow_state: Skipping non-IP packet (218 similar messages suppressed)
2026-10-02T22:52:00 [DEBUG] flow_state: Skipping non-IP packet (139 similar messages suppressed)
2026-10-02T22:52:01 [DEBUG] flow_state: Skipping non-IP packet (137 similar messages suppressed)
2026-10-02T22:52:02 [DEBUG] flow_state: Flow finalized: flow_id=c8c60d1db9c7976c reason=TIMEOUT
2026-10-02T22:52:02 [DEBUG] flow_state: Flow finalized: flow_id=438564d8471570e8 reason=TIMEOUT
2026-10-02T22:52:02 [DEBUG] engine: Inference: flow_id=c8c60d1db9c7976c risk=0.3334 class=1 latency=0.18ms
2026-10-02T22:52:02 [DEBUG] engine: Inference: flow_id=438564d8471570e8 risk=0.3334 class=1 latency=0.03ms
2026-10-02T22:52:02 [DEBUG] flow_state: Skipping non-IP packet (121 similar messages suppressed)
2026-10-02T22:52:03 [DEBUG] flow_state: Skipping non-IP packet (143 similar messages suppressed)
2026-10-02T22:52:04 [DEBUG] flow_state: Skipping non-IP packet (138 similar messages suppressed)
2026-10-02T22:52:05 [DEBUG] flow_state: Skipping non-IP packet (130 similar messages suppressed)
2026-10-02T22:52:06 [DEBUG] flow_state: Skipping non-IP packet (137 similar messages suppressed)
2026-10-02T22:52:07 [DEBUG] flow_state: Skipping non-IP packet (134 similar messages suppressed)
2026-10-02T22:52:08 [DEBUG] flow_state: Skipping non-IP packet (135 similar messages suppressed)
2026-10-02T22:52:09 [DEBUG] flow_state: Flow finalized: flow_id=69ac157d805edc09 reason=TIMEOUT
2026-10-02T22:52:09 [DEBUG] engine: Inference: flow_id=69ac157d805edc09 risk=0.3334 class=1 latency=0.13ms
2026-10-02T22:52:09 [DEBUG] flow_state: Skipping non-IP packet (133 similar messages suppressed)
2026-10-02T22:52:10 [DEBUG] flow_state: Skipping non-IP packet (123 similar messages suppressed)
2026-10-02T22:52:11 [DEBUG] flow_state: Skipping non-IP packet (135 similar messages suppressed)
2026-10-02T22:52:12 [DEBUG] flow_state: Skipping non-IP packet (128 similar messages suppressed)
2026-10-02T22:52:13 [DEBUG] flow_state: Skipping non-IP packet (142 similar messages suppressed)
2026-10-02T22:52:14 [DEBUG] flow_state: Skipping non-IP packet (146 similar messages suppressed)
2026-10-02T22:52:15 [DEBUG] flow_state: Flow finalized: flow_id=e67d308bc76f0dc0 reason=TIMEOUT
2026-10-02T22:52:15 [DEBUG] flow_state: Flow finalized: flow_id=9a6c2a64826f74b5 reason=TIMEOUT
2026-10-02T22:52:15 [DEBUG] flow_state: Flow finalized: flow_id=e501bce161368b16 reason=TIMEOUT
2026-10-02T22:52:15 [DEBUG] engine: Inference: flow_id=e67d308bc76f0dc0 risk=0.3334 class=1 latency=0.24ms
2026-10-02T22:52:15 [DEBUG] engine: Inference: flow_id=9a6c2a64826f74b5 risk=0.3334 class=1 latency=0.10ms
2026-10-02T22:52:15 [DEBUG] engine: Inference: flow_id=e501bce161368b16 risk=0.3334 class=1 latency=0.07ms
2026-10-02T22:52:15 [DEBUG] flow_state: Skipping non-IP packet (140 similar messages suppressed)
2026-10-02T22:52:16 [DEBUG] flow_state: Skipping non-IP packet (132 similar messages suppressed)
2026-10-02T22:52:17 [DEBUG] flow_state: Skipping non-IP packet (149 similar messages suppressed)
2026-10-02T22:52:18 [DEBUG] flow_state: Skipping non-IP packet (160 similar messages suppressed)
2026-10-02T22:52:19 [DEBUG] flow_state: Skipping non-IP packet (140 similar messages suppressed)
2026-10-02T22:52:20 [DEBUG] flow_state: Skipping non-IP packet (140 similar messages suppressed)
2026-10-02T22:52:21 [DEBUG] flow_state: Skipping non-IP packet (143 similar messages suppressed)
2026-10-02T22:52:22 [DEBUG] flow_state: Skipping non-IP packet (132 similar messages suppressed)
2026-10-02T22:52:23 [DEBUG] flow_state: Skipping non-IP packet (143 similar messages suppressed)
2026-10-02T22:52:24 [DEBUG] flow_state: Flow finalized: flow_id=2157cce269b6bc19 reason=TIMEOUT
2026-10-02T22:52:24 [DEBUG] flow_state: Flow finalized: flow_id=28fc6a099bdadbe5 reason=TIMEOUT
2026-10-02T22:52:24 [DEBUG] engine: Inference: flow_id=2157cce269b6bc19 risk=0.3334 class=1 latency=0.08ms
2026-10-02T22:52:24 [DEBUG] engine: Inference: flow_id=28fc6a099bdadbe5 risk=0.3334 class=1 latency=0.03ms
2026-10-02T22:52:24 [DEBUG] flow_state: Skipping non-IP packet (136 similar messages suppressed)
2026-10-02T22:52:25 [DEBUG] flow_state: Skipping non-IP packet (156 similar messages suppressed)
2026-10-02T22:52:26 [DEBUG] flow_state: Skipping non-IP packet (140 similar messages suppressed)
2026-10-02T22:52:27 [DEBUG] flow_state: Flow finalized: flow_id=9c4ff0e704acf0cd reason=TIMEOUT
2026-10-02T22:52:27 [DEBUG] flow_state: Flow finalized: flow_id=5beb064e250665b1 reason=TIMEOUT
2026-10-02T22:52:27 [DEBUG] flow_state: Flow finalized: flow_id=8c3951c5cdc1fdb7 reason=TIMEOUT
2026-10-02T22:52:27 [DEBUG] engine: Inference: flow_id=9c4ff0e704acf0cd risk=0.3334 class=1 latency=0.08ms
2026-10-02T22:52:27 [DEBUG] engine: Inference: flow_id=5beb064e250665b1 risk=0.3334 class=1 latency=0.03ms
2026-10-02T22:52:27 [DEBUG] engine: Inference: flow_id=8c3951c5cdc1fdb7 risk=0.3334 class=1 latency=0.02ms
2026-10-02T22:52:27 [DEBUG] flow_state: Skipping non-IP packet (143 similar messages suppressed)
2026-10-02T22:52:29 [DEBUG] flow_state: Skipping non-IP packet (162 similar messages suppressed)
2026-10-02T22:52:30 [DEBUG] flow_state: Skipping non-IP packet (143 similar messages suppressed)
2026-10-02T22:52:31 [DEBUG] flow_state: Skipping non-IP packet (137 similar messages suppressed)
2026-10-02T22:52:32 [DEBUG] flow_state: Skipping non-IP packet (145 similar messages suppressed)
2026-10-02T22:52:32 [DEBUG] flow_state: Flow finalized: flow_id=6951522766de91b6 reason=TIMEOUT
2026-10-02T22:52:32 [DEBUG] engine: Inference: flow_id=6951522766de91b6 risk=0.3334 class=1 latency=0.09ms
2026-10-02T22:52:33 [DEBUG] flow_state: Skipping non-IP packet (130 similar messages suppressed)
2026-10-02T22:52:34 [DEBUG] flow_state: Skipping non-IP packet (136 similar messages suppressed)
2026-10-02T22:52:35 [DEBUG] flow_state: Skipping non-IP packet (140 similar messages suppressed)
2026-10-02T22:52:36 [DEBUG] flow_state: Skipping non-IP packet (135 similar messages suppressed)
2026-10-02T22:52:37 [DEBUG] flow_state: Skipping non-IP packet (132 similar messages suppressed)
2026-10-02T22:52:38 [DEBUG] flow_state: Skipping non-IP packet (139 similar messages suppressed)
2026-10-02T22:52:39 [DEBUG] flow_state: Skipping non-IP packet (136 similar messages suppressed)
2026-10-02T22:52:39 [DEBUG] flow_state: Flow finalized: flow_id=5b324b23750b1adc reason=TIMEOUT
2026-10-02T22:52:39 [DEBUG] engine: Inference: flow_id=5b324b23750b1adc risk=0.3334 class=1 latency=0.15ms
2026-10-02T22:52:40 [DEBUG] flow_state: Skipping non-IP packet (141 similar messages suppressed)
2026-10-02T22:52:41 [DEBUG] flow_state: Skipping non-IP packet (171 similar messages suppressed)
2026-10-02T22:52:42 [DEBUG] flow_state: Skipping non-IP packet (130 similar messages suppressed)
2026-10-02T22:52:43 [DEBUG] flow_state: Skipping non-IP packet (141 similar messages suppressed)
2026-10-02T22:52:44 [DEBUG] flow_state: Skipping non-IP packet (165 similar messages suppressed)
2026-10-02T22:52:45 [DEBUG] flow_state: Skipping non-IP packet (115 similar messages suppressed)
2026-10-02T22:52:45 [DEBUG] flow_state: Flow finalized: flow_id=8f70a49b4bf2a9d3 reason=TIMEOUT
2026-10-02T22:52:45 [DEBUG] flow_state: Flow finalized: flow_id=0e4032c98cba1789 reason=TIMEOUT
2026-10-02T22:52:45 [DEBUG] flow_state: Flow finalized: flow_id=54be987045c5533a reason=TIMEOUT
2026-10-02T22:52:45 [DEBUG] engine: Inference: flow_id=8f70a49b4bf2a9d3 risk=0.3334 class=1 latency=0.11ms
2026-10-02T22:52:45 [DEBUG] engine: Inference: flow_id=0e4032c98cba1789 risk=0.3334 class=1 latency=0.03ms
2026-10-02T22:52:45 [DEBUG] engine: Inference: flow_id=54be987045c5533a risk=0.3334 class=1 latency=0.02ms
2026-10-02T22:52:46 [DEBUG] flow_state: Skipping non-IP packet (140 similar messages suppressed)
2026-10-02T22:52:47 [DEBUG] flow_state: Skipping non-IP packet (133 similar messages suppressed)
2026-10-02T22:52:48 [DEBUG] flow_state: Skipping non-IP packet (117 similar messages suppressed)
2026-10-02T22:52:49 [DEBUG] flow_state: Skipping non-IP packet (167 similar messages suppressed)
2026-10-02T22:52:50 [DEBUG] flow_state: Skipping non-IP packet (130 similar messages suppressed)
2026-10-02T22:52:51 [DEBUG] flow_state: Skipping non-IP packet (180 similar messages suppressed)
2026-10-02T22:52:52 [DEBUG] flow_state: Skipping non-IP packet (151 similar messages suppressed)
2026-10-02T22:52:53 [DEBUG] flow_state: Skipping non-IP packet (141 similar messages suppressed)
2026-10-02T22:52:54 [DEBUG] flow_state: Flow finalized: flow_id=a09f67cf16eccceb reason=TIMEOUT
2026-10-02T22:52:54 [DEBUG] flow_state: Flow finalized: flow_id=fd6156d32c0c63fd reason=TIMEOUT
2026-10-02T22:52:54 [DEBUG] engine: Inference: flow_id=a09f67cf16eccceb risk=0.3334 class=1 latency=0.08ms
2026-10-02T22:52:54 [DEBUG] engine: Inference: flow_id=fd6156d32c0c63fd risk=0.3334 class=1 latency=0.03ms
2026-10-02T22:52:54 [DEBUG] flow_state: Skipping non-IP packet (133 similar messages suppressed)
2026-10-02T22:52:55 [DEBUG] flow_state: Skipping non-IP packet (156 similar messages suppressed)
2026-10-02T22:52:56 [DEBUG] flow_state: Skipping non-IP packet (146 similar messages suppressed)
2026-10-02T22:52:57 [DEBUG] flow_state: Flow finalized: flow_id=16dea307e571f23d reason=TIMEOUT
2026-10-02T22:52:57 [DEBUG] flow_state: Flow finalized: flow_id=a98af39856c0ada1 reason=TIMEOUT
2026-10-02T22:52:57 [DEBUG] flow_state: Flow finalized: flow_id=50be182f8426f762 reason=TIMEOUT
2026-10-02T22:52:57 [DEBUG] engine: Inference: flow_id=16dea307e571f23d risk=0.3334 class=1 latency=0.08ms
2026-10-02T22:52:57 [DEBUG] engine: Inference: flow_id=a98af39856c0ada1 risk=0.3334 class=1 latency=0.03ms
2026-10-02T22:52:57 [DEBUG] engine: Inference: flow_id=50be182f8426f762 risk=0.3334 class=1 latency=0.02ms
2026-10-02T22:52:57 [DEBUG] flow_state: Skipping non-IP packet (147 similar messages suppressed)
2026-10-02T22:52:58 [DEBUG] flow_state: Skipping non-IP packet (142 similar messages suppressed)
2026-10-02T22:52:59 [DEBUG] flow_state: Skipping non-IP packet (155 similar messages suppressed)
2026-10-02T22:53:00 [DEBUG] flow_state: Skipping non-IP packet (133 similar messages suppressed)
2026-10-02T22:53:01 [DEBUG] flow_state: Skipping non-IP packet (142 similar messages suppressed)
2026-10-02T22:53:02 [DEBUG] flow_state: Skipping non-IP packet (136 similar messages suppressed)
2026-10-02T22:53:03 [DEBUG] flow_state: Flow finalized: flow_id=9fd00293ea73a4ea reason=TIMEOUT
2026-10-02T22:53:03 [DEBUG] engine: Inference: flow_id=9fd00293ea73a4ea risk=0.3334 class=1 latency=0.87ms
2026-10-02T22:53:03 [DEBUG] flow_state: Skipping non-IP packet (145 similar messages suppressed)
2026-10-02T22:53:04 [DEBUG] flow_state: Skipping non-IP packet (148 similar messages suppressed)
2026-10-02T22:53:05 [DEBUG] flow_state: Skipping non-IP packet (130 similar messages suppressed)
2026-10-02T22:53:06 [DEBUG] flow_state: Skipping non-IP packet (139 similar messages suppressed)
2026-10-02T22:53:07 [DEBUG] flow_state: Skipping non-IP packet (143 similar messages suppressed)
2026-10-02T22:53:08 [DEBUG] flow_state: Skipping non-IP packet (146 similar messages suppressed)
2026-10-02T22:53:09 [DEBUG] flow_state: Flow finalized: flow_id=56352358fe41d9dc reason=TIMEOUT
2026-10-02T22:53:09 [DEBUG] flow_state: Skipping non-IP packet (130 similar messages suppressed)
2026-10-02T22:53:09 [DEBUG] engine: Inference: flow_id=56352358fe41d9dc risk=0.3334 class=1 latency=0.32ms
2026-10-02T22:53:10 [DEBUG] flow_state: Skipping non-IP packet (145 similar messages suppressed)
2026-10-02T22:53:11 [DEBUG] flow_state: Skipping non-IP packet (153 similar messages suppressed)
2026-10-02T22:53:12 [DEBUG] flow_state: Skipping non-IP packet (139 similar messages suppressed)
2026-10-02T22:53:13 [DEBUG] flow_state: Skipping non-IP packet (130 similar messages suppressed)
2026-10-02T22:53:14 [DEBUG] flow_state: Skipping non-IP packet (140 similar messages suppressed)
2026-10-02T22:53:15 [DEBUG] flow_state: Skipping non-IP packet (146 similar messages suppressed)
2026-10-02T22:53:15 [DEBUG] flow_state: Flow finalized: flow_id=f876fd96c8ac374d reason=TIMEOUT
2026-10-02T22:53:15 [DEBUG] flow_state: Flow finalized: flow_id=7310bcb3c74baad7 reason=TIMEOUT
2026-10-02T22:53:15 [DEBUG] flow_state: Flow finalized: flow_id=596070d55a1c3b1f reason=TIMEOUT
2026-10-02T22:53:15 [DEBUG] engine: Inference: flow_id=f876fd96c8ac374d risk=0.3334 class=1 latency=0.23ms
2026-10-02T22:53:15 [DEBUG] engine: Inference: flow_id=7310bcb3c74baad7 risk=0.3334 class=1 latency=0.08ms
2026-10-02T22:53:15 [DEBUG] engine: Inference: flow_id=596070d55a1c3b1f risk=0.3334 class=1 latency=0.04ms
2026-10-02T22:53:16 [DEBUG] flow_state: Skipping non-IP packet (153 similar messages suppressed)
2026-10-02T22:53:17 [DEBUG] flow_state: Skipping non-IP packet (147 similar messages suppressed)
2026-10-02T22:53:18 [DEBUG] flow_state: Skipping non-IP packet (141 similar messages suppressed)
2026-10-02T22:53:19 [DEBUG] flow_state: Skipping non-IP packet (139 similar messages suppressed)
2026-10-02T22:53:20 [DEBUG] flow_state: Skipping non-IP packet (144 similar messages suppressed)
2026-10-02T22:53:21 [DEBUG] flow_state: Skipping non-IP packet (136 similar messages suppressed)
2026-10-02T22:53:22 [DEBUG] flow_state: Skipping non-IP packet (143 similar messages suppressed)
2026-10-02T22:53:23 [DEBUG] flow_state: Skipping non-IP packet (168 similar messages suppressed)
2026-10-02T22:53:24 [DEBUG] flow_state: Skipping non-IP packet (143 similar messages suppressed)
2026-10-02T22:53:24 [DEBUG] flow_state: Flow finalized: flow_id=b4da4ee993e54465 reason=TIMEOUT
2026-10-02T22:53:24 [DEBUG] flow_state: Flow finalized: flow_id=61c30760deedab7f reason=TIMEOUT
2026-10-02T22:53:24 [DEBUG] engine: Inference: flow_id=b4da4ee993e54465 risk=0.3334 class=1 latency=0.09ms
2026-10-02T22:53:24 [DEBUG] engine: Inference: flow_id=61c30760deedab7f risk=0.3334 class=1 latency=0.03ms
2026-10-02T22:53:25 [DEBUG] flow_state: Skipping non-IP packet (134 similar messages suppressed)
2026-10-02T22:53:26 [DEBUG] flow_state: Skipping non-IP packet (145 similar messages suppressed)
2026-10-02T22:53:27 [DEBUG] flow_state: Skipping non-IP packet (133 similar messages suppressed)
2026-10-02T22:53:27 [DEBUG] flow_state: Flow finalized: flow_id=b7da5972bb4af68e reason=TIMEOUT
2026-10-02T22:53:27 [DEBUG] flow_state: Flow finalized: flow_id=1b5afc835246e48d reason=TIMEOUT
2026-10-02T22:53:27 [DEBUG] flow_state: Flow finalized: flow_id=b6d41f91f1f72be4 reason=TIMEOUT
2026-10-02T22:53:27 [DEBUG] engine: Inference: flow_id=b7da5972bb4af68e risk=0.3334 class=1 latency=0.20ms
2026-10-02T22:53:27 [DEBUG] engine: Inference: flow_id=1b5afc835246e48d risk=0.3334 class=1 latency=0.04ms
2026-10-02T22:53:27 [DEBUG] engine: Inference: flow_id=b6d41f91f1f72be4 risk=0.3334 class=1 latency=0.02ms
2026-10-02T22:53:28 [DEBUG] flow_state: Skipping non-IP packet (146 similar messages suppressed)
2026-10-02T22:53:29 [DEBUG] flow_state: Skipping non-IP packet (140 similar messages suppressed)
2026-10-02T22:53:30 [DEBUG] flow_state: Skipping non-IP packet (143 similar messages suppressed)
2026-10-02T22:53:31 [DEBUG] flow_state: Skipping non-IP packet (143 similar messages suppressed)
2026-10-02T22:53:32 [DEBUG] flow_state: Skipping non-IP packet (139 similar messages suppressed)
2026-10-02T22:53:32 [DEBUG] flow_state: Flow finalized: flow_id=1902f926e8c7a2ea reason=TIMEOUT
2026-10-02T22:53:32 [DEBUG] engine: Inference: flow_id=1902f926e8c7a2ea risk=0.3334 class=1 latency=0.15ms
2026-10-02T22:53:33 [DEBUG] flow_state: Skipping non-IP packet (155 similar messages suppressed)
2026-10-02T22:53:34 [DEBUG] flow_state: Skipping non-IP packet (134 similar messages suppressed)
2026-10-02T22:53:35 [DEBUG] flow_state: Skipping non-IP packet (140 similar messages suppressed)
2026-10-02T22:53:36 [DEBUG] flow_state: Skipping non-IP packet (141 similar messages suppressed)
2026-10-02T22:53:37 [DEBUG] flow_state: Skipping non-IP packet (151 similar messages suppressed)
2026-10-02T22:53:38 [DEBUG] flow_state: Skipping non-IP packet (129 similar messages suppressed)
2026-10-02T22:53:39 [DEBUG] flow_state: Skipping non-IP packet (134 similar messages suppressed)
2026-10-02T22:53:39 [DEBUG] flow_state: Flow finalized: flow_id=3484548cd2ac1992 reason=TIMEOUT
2026-10-02T22:53:39 [DEBUG] engine: Inference: flow_id=3484548cd2ac1992 risk=0.3334 class=1 latency=0.14ms
2026-10-02T22:53:40 [DEBUG] flow_state: Skipping non-IP packet (143 similar messages suppressed)
2026-10-02T22:53:41 [DEBUG] flow_state: Skipping non-IP packet (146 similar messages suppressed)
2026-10-02T22:53:42 [DEBUG] flow_state: Skipping non-IP packet (127 similar messages suppressed)
2026-10-02T22:53:43 [DEBUG] flow_state: Skipping non-IP packet (135 similar messages suppressed)
2026-10-02T22:53:44 [DEBUG] flow_state: Skipping non-IP packet (136 similar messages suppressed)
2026-10-02T22:53:45 [DEBUG] flow_state: Flow finalized: flow_id=30100f1699c9a69f reason=TIMEOUT
2026-10-02T22:53:45 [DEBUG] flow_state: Flow finalized: flow_id=1530edc87ca670b9 reason=TIMEOUT
2026-10-02T22:53:45 [DEBUG] flow_state: Flow finalized: flow_id=261283471d850b73 reason=TIMEOUT
2026-10-02T22:53:45 [DEBUG] engine: Inference: flow_id=30100f1699c9a69f risk=0.3334 class=1 latency=0.23ms
2026-10-02T22:53:45 [DEBUG] engine: Inference: flow_id=1530edc87ca670b9 risk=0.3334 class=1 latency=0.06ms
2026-10-02T22:53:45 [DEBUG] engine: Inference: flow_id=261283471d850b73 risk=0.3334 class=1 latency=0.02ms
2026-10-02T22:53:46 [DEBUG] flow_state: Skipping non-IP packet (148 similar messages suppressed)
2026-10-02T22:53:47 [DEBUG] flow_state: Skipping non-IP packet (144 similar messages suppressed)
2026-10-02T22:53:48 [DEBUG] flow_state: Skipping non-IP packet (147 similar messages suppressed)
2026-10-02T22:53:49 [DEBUG] flow_state: Skipping non-IP packet (132 similar messages suppressed)
2026-10-02T22:53:50 [DEBUG] flow_state: Skipping non-IP packet (135 similar messages suppressed)
2026-10-02T22:53:51 [DEBUG] flow_state: Skipping non-IP packet (135 similar messages suppressed)
2026-10-02T22:53:52 [DEBUG] flow_state: Skipping non-IP packet (139 similar messages suppressed)
2026-10-02T22:53:53 [DEBUG] flow_state: Skipping non-IP packet (125 similar messages suppressed)
2026-10-02T22:53:54 [DEBUG] flow_state: Flow finalized: flow_id=4e665c44f5dd67d9 reason=TIMEOUT
2026-10-02T22:53:54 [DEBUG] flow_state: Flow finalized: flow_id=952f5421dfcde938 reason=TIMEOUT
2026-10-02T22:53:54 [DEBUG] engine: Inference: flow_id=4e665c44f5dd67d9 risk=0.3334 class=1 latency=0.17ms
2026-10-02T22:53:54 [DEBUG] engine: Inference: flow_id=952f5421dfcde938 risk=0.3334 class=1 latency=0.03ms
2026-10-02T22:53:54 [DEBUG] flow_state: Skipping non-IP packet (137 similar messages suppressed)
2026-10-02T22:53:55 [DEBUG] flow_state: Skipping non-IP packet (145 similar messages suppressed)
2026-10-02T22:53:56 [DEBUG] flow_state: Skipping non-IP packet (140 similar messages suppressed)
2026-10-02T22:53:57 [DEBUG] flow_state: Skipping non-IP packet (144 similar messages suppressed)
2026-10-02T22:53:58 [DEBUG] flow_state: Flow finalized: flow_id=08833efdf82e3cf3 reason=TIMEOUT
2026-10-02T22:53:58 [DEBUG] flow_state: Flow finalized: flow_id=0cd805e9d7249b7e reason=TIMEOUT
2026-10-02T22:53:58 [DEBUG] flow_state: Flow finalized: flow_id=d2e9ccfaa54f5a54 reason=TIMEOUT
2026-10-02T22:53:58 [DEBUG] engine: Inference: flow_id=08833efdf82e3cf3 risk=0.3334 class=1 latency=0.17ms
2026-10-02T22:53:58 [DEBUG] engine: Inference: flow_id=0cd805e9d7249b7e risk=0.3334 class=1 latency=0.03ms
2026-10-02T22:53:58 [DEBUG] engine: Inference: flow_id=d2e9ccfaa54f5a54 risk=0.3334 class=1 latency=0.02ms
2026-10-02T22:53:58 [DEBUG] flow_state: Skipping non-IP packet (134 similar messages suppressed)
2026-10-02T22:53:59 [DEBUG] flow_state: Skipping non-IP packet (173 similar messages suppressed)
2026-10-02T22:54:00 [DEBUG] flow_state: Skipping non-IP packet (140 similar messages suppressed)
2026-10-02T22:54:01 [DEBUG] flow_state: Skipping non-IP packet (126 similar messages suppressed)
2026-10-02T22:54:02 [DEBUG] flow_state: Skipping non-IP packet (119 similar messages suppressed)
2026-10-02T22:54:03 [DEBUG] flow_state: Flow finalized: flow_id=e24fcd90683de96b reason=TIMEOUT
2026-10-02T22:54:03 [DEBUG] engine: Inference: flow_id=e24fcd90683de96b risk=0.3334 class=1 latency=1.95ms
2026-10-02T22:54:03 [DEBUG] flow_state: Skipping non-IP packet (152 similar messages suppressed)
2026-10-02T22:54:04 [DEBUG] flow_state: Skipping non-IP packet (128 similar messages suppressed)
2026-10-02T22:54:05 [DEBUG] flow_state: Skipping non-IP packet (117 similar messages suppressed)
2026-10-02T22:54:06 [DEBUG] flow_state: Skipping non-IP packet (175 similar messages suppressed)
2026-10-02T22:54:07 [DEBUG] flow_state: Skipping non-IP packet (150 similar messages suppressed)
2026-10-02T22:54:08 [DEBUG] flow_state: Skipping non-IP packet (151 similar messages suppressed)
2026-10-02T22:54:09 [DEBUG] flow_state: Skipping non-IP packet (139 similar messages suppressed)
2026-10-02T22:54:10 [DEBUG] flow_state: Flow finalized: flow_id=33ec21f8e9556fcf reason=TIMEOUT
2026-10-02T22:54:10 [DEBUG] engine: Inference: flow_id=33ec21f8e9556fcf risk=0.3334 class=1 latency=0.15ms
2026-10-02T22:54:10 [DEBUG] flow_state: Skipping non-IP packet (138 similar messages suppressed)
2026-10-02T22:54:11 [DEBUG] flow_state: Skipping non-IP packet (142 similar messages suppressed)
2026-10-02T22:54:12 [DEBUG] flow_state: Skipping non-IP packet (141 similar messages suppressed)
2026-10-02T22:54:13 [DEBUG] flow_state: Skipping non-IP packet (144 similar messages suppressed)
2026-10-02T22:54:14 [DEBUG] flow_state: Skipping non-IP packet (149 similar messages suppressed)
2026-10-02T22:54:15 [DEBUG] flow_state: Skipping non-IP packet (143 similar messages suppressed)
2026-10-02T22:54:16 [DEBUG] flow_state: Flow finalized: flow_id=490afe91fb223967 reason=TIMEOUT
2026-10-02T22:54:16 [DEBUG] flow_state: Flow finalized: flow_id=30b47a8f7f134972 reason=TIMEOUT
2026-10-02T22:54:16 [DEBUG] flow_state: Flow finalized: flow_id=a3d19841c1d68ba2 reason=TIMEOUT
2026-10-02T22:54:16 [DEBUG] engine: Inference: flow_id=490afe91fb223967 risk=0.3334 class=1 latency=0.20ms
2026-10-02T22:54:16 [DEBUG] engine: Inference: flow_id=30b47a8f7f134972 risk=0.3334 class=1 latency=0.06ms
2026-10-02T22:54:16 [DEBUG] engine: Inference: flow_id=a3d19841c1d68ba2 risk=0.3334 class=1 latency=0.02ms
2026-10-02T22:54:16 [DEBUG] flow_state: Skipping non-IP packet (147 similar messages suppressed)
2026-10-02T22:54:17 [DEBUG] flow_state: Skipping non-IP packet (142 similar messages suppressed)
2026-10-02T22:54:18 [DEBUG] flow_state: Skipping non-IP packet (150 similar messages suppressed)
2026-10-02T22:54:19 [DEBUG] flow_state: Skipping non-IP packet (136 similar messages suppressed)
2026-10-02T22:54:20 [DEBUG] flow_state: Skipping non-IP packet (145 similar messages suppressed)
2026-10-02T22:54:21 [DEBUG] flow_state: Skipping non-IP packet (133 similar messages suppressed)
2026-10-02T22:54:22 [DEBUG] flow_state: Skipping non-IP packet (138 similar messages suppressed)
2026-10-02T22:54:23 [DEBUG] flow_state: Skipping non-IP packet (135 similar messages suppressed)
2026-10-02T22:54:24 [DEBUG] flow_state: Flow finalized: flow_id=8bd3477ceca19e50 reason=TIMEOUT
2026-10-02T22:54:24 [DEBUG] flow_state: Flow finalized: flow_id=eb85246849dd5e23 reason=TIMEOUT
2026-10-02T22:54:24 [DEBUG] engine: Inference: flow_id=8bd3477ceca19e50 risk=0.3334 class=1 latency=0.20ms
2026-10-02T22:54:24 [DEBUG] engine: Inference: flow_id=eb85246849dd5e23 risk=0.3334 class=1 latency=0.06ms
2026-10-02T22:54:24 [DEBUG] flow_state: Skipping non-IP packet (136 similar messages suppressed)
2026-10-02T22:54:25 [DEBUG] flow_state: Skipping non-IP packet (141 similar messages suppressed)
2026-10-02T22:54:26 [DEBUG] flow_state: Skipping non-IP packet (137 similar messages suppressed)
2026-10-02T22:54:27 [DEBUG] flow_state: Skipping non-IP packet (145 similar messages suppressed)
2026-10-02T22:54:28 [DEBUG] flow_state: Flow finalized: flow_id=e084d1517423db58 reason=TIMEOUT
2026-10-02T22:54:28 [DEBUG] flow_state: Flow finalized: flow_id=3d46f2799f4bb665 reason=TIMEOUT
2026-10-02T22:54:28 [DEBUG] flow_state: Flow finalized: flow_id=a0c75af8ca2d4538 reason=TIMEOUT
2026-10-02T22:54:28 [DEBUG] engine: Inference: flow_id=e084d1517423db58 risk=0.3334 class=1 latency=3.40ms
2026-10-02T22:54:28 [DEBUG] engine: Inference: flow_id=3d46f2799f4bb665 risk=0.3334 class=1 latency=0.12ms
2026-10-02T22:54:28 [DEBUG] engine: Inference: flow_id=a0c75af8ca2d4538 risk=0.3334 class=1 latency=0.05ms
2026-10-02T22:54:28 [DEBUG] flow_state: Skipping non-IP packet (145 similar messages suppressed)
2026-10-02T22:54:29 [DEBUG] flow_state: Skipping non-IP packet (142 similar messages suppressed)
2026-10-02T22:54:30 [DEBUG] flow_state: Skipping non-IP packet (144 similar messages suppressed)
2026-10-02T22:54:31 [DEBUG] flow_state: Skipping non-IP packet (140 similar messages suppressed)
2026-10-02T22:54:32 [DEBUG] flow_state: Skipping non-IP packet (146 similar messages suppressed)
2026-10-02T22:54:33 [DEBUG] flow_state: Flow finalized: flow_id=20de7789db9d0e52 reason=TIMEOUT
2026-10-02T22:54:33 [DEBUG] engine: Inference: flow_id=20de7789db9d0e52 risk=0.3334 class=1 latency=0.14ms
2026-10-02T22:54:33 [DEBUG] flow_state: Skipping non-IP packet (147 similar messages suppressed)
2026-10-02T22:54:34 [DEBUG] flow_state: Skipping non-IP packet (141 similar messages suppressed)
2026-10-02T22:54:35 [DEBUG] flow_state: Skipping non-IP packet (150 similar messages suppressed)
2026-10-02T22:54:36 [DEBUG] flow_state: Skipping non-IP packet (146 similar messages suppressed)
2026-10-02T22:54:37 [DEBUG] flow_state: Skipping non-IP packet (159 similar messages suppressed)
2026-10-02T22:54:38 [DEBUG] flow_state: Skipping non-IP packet (142 similar messages suppressed)
2026-10-02T22:54:39 [DEBUG] flow_state: Skipping non-IP packet (131 similar messages suppressed)
2026-10-02T22:54:40 [DEBUG] flow_state: Flow finalized: flow_id=6e6731a1513ac5fd reason=TIMEOUT
2026-10-02T22:54:40 [DEBUG] engine: Inference: flow_id=6e6731a1513ac5fd risk=0.3334 class=1 latency=1.34ms
2026-10-02T22:54:40 [DEBUG] flow_state: Skipping non-IP packet (144 similar messages suppressed)
2026-10-02T22:54:41 [DEBUG] flow_state: Skipping non-IP packet (155 similar messages suppressed)
2026-10-02T22:54:42 [DEBUG] flow_state: Skipping non-IP packet (155 similar messages suppressed)
2026-10-02T22:54:43 [DEBUG] flow_state: Skipping non-IP packet (144 similar messages suppressed)
2026-10-02T22:54:44 [DEBUG] flow_state: Skipping non-IP packet (146 similar messages suppressed)
2026-10-02T22:54:45 [DEBUG] flow_state: Skipping non-IP packet (139 similar messages suppressed)
2026-10-02T22:54:46 [DEBUG] flow_state: Flow finalized: flow_id=c2cbf6f4809e7a2b reason=TIMEOUT
2026-10-02T22:54:46 [DEBUG] flow_state: Flow finalized: flow_id=ebda212b24bbd734 reason=TIMEOUT
2026-10-02T22:54:46 [DEBUG] flow_state: Flow finalized: flow_id=83653198c0b0fcf8 reason=TIMEOUT
2026-10-02T22:54:46 [DEBUG] engine: Inference: flow_id=c2cbf6f4809e7a2b risk=0.3334 class=1 latency=0.08ms
2026-10-02T22:54:46 [DEBUG] engine: Inference: flow_id=ebda212b24bbd734 risk=0.3334 class=1 latency=0.03ms
2026-10-02T22:54:46 [DEBUG] engine: Inference: flow_id=83653198c0b0fcf8 risk=0.3334 class=1 latency=0.02ms
2026-10-02T22:54:46 [DEBUG] flow_state: Skipping non-IP packet (146 similar messages suppressed)
2026-10-02T22:54:47 [DEBUG] flow_state: Skipping non-IP packet (143 similar messages suppressed)
2026-10-02T22:54:48 [DEBUG] flow_state: Skipping non-IP packet (140 similar messages suppressed)
2026-10-02T22:54:49 [DEBUG] flow_state: Skipping non-IP packet (148 similar messages suppressed)
2026-10-02T22:54:51 [DEBUG] flow_state: Skipping non-IP packet (146 similar messages suppressed)
2026-10-02T22:54:52 [DEBUG] flow_state: Skipping non-IP packet (141 similar messages suppressed)
2026-10-02T22:54:53 [DEBUG] flow_state: Skipping non-IP packet (137 similar messages suppressed)
2026-10-02T22:54:54 [DEBUG] flow_state: Skipping non-IP packet (145 similar messages suppressed)
2026-10-02T22:54:54 [DEBUG] flow_state: Flow finalized: flow_id=5c4c18cfabfb58a9 reason=TIMEOUT
2026-10-02T22:54:54 [DEBUG] flow_state: Flow finalized: flow_id=e6638c41b38d6055 reason=TIMEOUT
2026-10-02T22:54:54 [DEBUG] engine: Inference: flow_id=5c4c18cfabfb58a9 risk=0.3334 class=1 latency=0.15ms
2026-10-02T22:54:54 [DEBUG] engine: Inference: flow_id=e6638c41b38d6055 risk=0.3334 class=1 latency=0.07ms
2026-10-02T22:54:55 [DEBUG] flow_state: Skipping non-IP packet (141 similar messages suppressed)
2026-10-02T22:54:56 [DEBUG] flow_state: Skipping non-IP packet (135 similar messages suppressed)
2026-10-02T22:54:57 [DEBUG] flow_state: Skipping non-IP packet (145 similar messages suppressed)
2026-10-02T22:54:57 [DEBUG] flow_state: Flow finalized: flow_id=a2388b00b64a8a92 reason=TIMEOUT
2026-10-02T22:54:57 [DEBUG] flow_state: Flow finalized: flow_id=5319598bb9477581 reason=TIMEOUT
2026-10-02T22:54:57 [DEBUG] flow_state: Flow finalized: flow_id=6540852d817494cc reason=TIMEOUT
2026-10-02T22:54:57 [DEBUG] engine: Inference: flow_id=a2388b00b64a8a92 risk=0.3334 class=1 latency=0.08ms
2026-10-02T22:54:57 [DEBUG] engine: Inference: flow_id=5319598bb9477581 risk=0.3334 class=1 latency=0.03ms
2026-10-02T22:54:57 [DEBUG] engine: Inference: flow_id=6540852d817494cc risk=0.3334 class=1 latency=0.02ms
2026-10-02T22:54:58 [DEBUG] flow_state: Skipping non-IP packet (144 similar messages suppressed)
2026-10-02T22:54:59 [DEBUG] flow_state: Skipping non-IP packet (142 similar messages suppressed)
2026-10-02T22:55:00 [DEBUG] flow_state: Skipping non-IP packet (147 similar messages suppressed)
2026-10-02T22:55:01 [DEBUG] flow_state: Skipping non-IP packet (131 similar messages suppressed)
2026-10-02T22:55:02 [DEBUG] flow_state: Skipping non-IP packet (143 similar messages suppressed)
2026-10-02T22:55:03 [DEBUG] flow_state: Skipping non-IP packet (143 similar messages suppressed)
2026-10-02T22:55:03 [DEBUG] flow_state: Flow finalized: flow_id=4407bec28742e137 reason=TIMEOUT
2026-10-02T22:55:03 [DEBUG] flow_state: Flow finalized: flow_id=ded57722800946ad reason=TIMEOUT
2026-10-02T22:55:03 [DEBUG] flow_state: Flow finalized: flow_id=4b9e7f78ec988344 reason=TIMEOUT
2026-10-02T22:55:03 [DEBUG] engine: Inference: flow_id=4407bec28742e137 risk=0.8937 class=1 latency=0.10ms
2026-10-02T22:55:03 [DEBUG] engine: Inference: flow_id=ded57722800946ad risk=0.8937 class=1 latency=0.04ms
2026-10-02T22:55:03 [DEBUG] engine: Inference: flow_id=4b9e7f78ec988344 risk=0.3334 class=1 latency=0.02ms
2026-10-02T22:55:04 [DEBUG] flow_state: Skipping non-IP packet (164 similar messages suppressed)
2026-10-02T22:55:05 [DEBUG] flow_state: Skipping non-IP packet (136 similar messages suppressed)
2026-10-02T22:55:06 [DEBUG] flow_state: Skipping non-IP packet (150 similar messages suppressed)
2026-10-02T22:55:07 [DEBUG] flow_state: Skipping non-IP packet (136 similar messages suppressed)
2026-10-02T22:55:08 [DEBUG] flow_state: Skipping non-IP packet (133 similar messages suppressed)
2026-10-02T22:55:09 [DEBUG] flow_state: Skipping non-IP packet (156 similar messages suppressed)
2026-10-02T22:55:10 [DEBUG] flow_state: Skipping non-IP packet (157 similar messages suppressed)
2026-10-02T22:55:10 [DEBUG] flow_state: Flow finalized: flow_id=23d000268901687d reason=TIMEOUT
2026-10-02T22:55:10 [DEBUG] engine: Inference: flow_id=23d000268901687d risk=0.3334 class=1 latency=0.10ms
2026-10-02T22:55:11 [DEBUG] flow_state: Skipping non-IP packet (127 similar messages suppressed)
2026-10-02T22:55:12 [DEBUG] flow_state: Skipping non-IP packet (169 similar messages suppressed)
2026-10-02T22:55:13 [DEBUG] flow_state: Skipping non-IP packet (141 similar messages suppressed)
2026-10-02T22:55:14 [DEBUG] flow_state: Skipping non-IP packet (147 similar messages suppressed)
2026-10-02T22:55:15 [DEBUG] flow_state: Skipping non-IP packet (142 similar messages suppressed)
2026-10-02T22:55:16 [DEBUG] flow_state: Skipping non-IP packet (139 similar messages suppressed)
2026-10-02T22:55:16 [DEBUG] flow_state: Flow finalized: flow_id=623e928f6f485dfe reason=TIMEOUT
2026-10-02T22:55:16 [DEBUG] flow_state: Flow finalized: flow_id=5ae0cfc1be0fd0e7 reason=TIMEOUT
2026-10-02T22:55:16 [DEBUG] flow_state: Flow finalized: flow_id=b29ff88d93bcef37 reason=TIMEOUT
2026-10-02T22:55:16 [DEBUG] engine: Inference: flow_id=623e928f6f485dfe risk=0.3334 class=1 latency=0.16ms
2026-10-02T22:55:16 [DEBUG] engine: Inference: flow_id=5ae0cfc1be0fd0e7 risk=0.3334 class=1 latency=0.03ms
2026-10-02T22:55:16 [DEBUG] engine: Inference: flow_id=b29ff88d93bcef37 risk=0.3334 class=1 latency=0.02ms
2026-10-02T22:55:17 [DEBUG] flow_state: Skipping non-IP packet (146 similar messages suppressed)
2026-10-02T22:55:18 [DEBUG] flow_state: Skipping non-IP packet (137 similar messages suppressed)
2026-10-02T22:55:19 [DEBUG] flow_state: Skipping non-IP packet (138 similar messages suppressed)
2026-10-02T22:55:20 [DEBUG] flow_state: Skipping non-IP packet (144 similar messages suppressed)
2026-10-02T22:55:21 [DEBUG] flow_state: Skipping non-IP packet (136 similar messages suppressed)
2026-10-02T22:55:22 [DEBUG] flow_state: Skipping non-IP packet (139 similar messages suppressed)
2026-10-02T22:55:23 [DEBUG] flow_state: Skipping non-IP packet (143 similar messages suppressed)
2026-10-02T22:55:24 [DEBUG] flow_state: Flow finalized: flow_id=dcf7f6449951e1de reason=TIMEOUT
2026-10-02T22:55:24 [DEBUG] flow_state: Flow finalized: flow_id=0f2739d3b3c4a6f9 reason=TIMEOUT
2026-10-02T22:55:24 [DEBUG] engine: Inference: flow_id=dcf7f6449951e1de risk=0.3334 class=1 latency=0.16ms
2026-10-02T22:55:24 [DEBUG] engine: Inference: flow_id=0f2739d3b3c4a6f9 risk=0.3334 class=1 latency=0.03ms
2026-10-02T22:55:24 [DEBUG] flow_state: Skipping non-IP packet (149 similar messages suppressed)
2026-10-02T22:55:25 [DEBUG] flow_state: Skipping non-IP packet (152 similar messages suppressed)
2026-10-02T22:55:26 [DEBUG] flow_state: Skipping non-IP packet (134 similar messages suppressed)
2026-10-02T22:55:27 [DEBUG] flow_state: Flow finalized: flow_id=c7945e36d1756274 reason=TIMEOUT
2026-10-02T22:55:27 [DEBUG] flow_state: Flow finalized: flow_id=90fa4ad517dfb748 reason=TIMEOUT
2026-10-02T22:55:27 [DEBUG] flow_state: Flow finalized: flow_id=3e724aa8c73263c0 reason=TIMEOUT
2026-10-02T22:55:27 [DEBUG] engine: Inference: flow_id=c7945e36d1756274 risk=0.3334 class=1 latency=0.99ms
2026-10-02T22:55:27 [DEBUG] engine: Inference: flow_id=90fa4ad517dfb748 risk=0.3334 class=1 latency=0.06ms
2026-10-02T22:55:27 [DEBUG] engine: Inference: flow_id=3e724aa8c73263c0 risk=0.3334 class=1 latency=0.02ms
2026-10-02T22:55:27 [DEBUG] flow_state: Skipping non-IP packet (139 similar messages suppressed)
2026-10-02T22:55:28 [DEBUG] flow_state: Skipping non-IP packet (155 similar messages suppressed)
2026-10-02T22:55:29 [DEBUG] flow_state: Skipping non-IP packet (147 similar messages suppressed)
2026-10-02T22:55:30 [DEBUG] flow_state: Skipping non-IP packet (141 similar messages suppressed)
2026-10-02T22:55:31 [DEBUG] flow_state: Skipping non-IP packet (131 similar messages suppressed)
2026-10-02T22:55:32 [DEBUG] flow_state: Skipping non-IP packet (129 similar messages suppressed)
2026-10-02T22:55:33 [DEBUG] flow_state: Skipping non-IP packet (141 similar messages suppressed)
2026-10-02T22:55:33 [DEBUG] flow_state: Flow finalized: flow_id=fbc6227a72706909 reason=TIMEOUT
2026-10-02T22:55:33 [DEBUG] engine: Inference: flow_id=fbc6227a72706909 risk=0.3334 class=1 latency=0.14ms
2026-10-02T22:55:34 [DEBUG] flow_state: Skipping non-IP packet (128 similar messages suppressed)
2026-10-02T22:55:35 [DEBUG] flow_state: Skipping non-IP packet (123 similar messages suppressed)
2026-10-02T22:55:36 [DEBUG] flow_state: Skipping non-IP packet (135 similar messages suppressed)
2026-10-02T22:55:37 [DEBUG] flow_state: Skipping non-IP packet (145 similar messages suppressed)
2026-10-02T22:55:38 [DEBUG] flow_state: Skipping non-IP packet (142 similar messages suppressed)
2026-10-02T22:55:39 [DEBUG] flow_state: Skipping non-IP packet (134 similar messages suppressed)
2026-10-02T22:55:40 [DEBUG] flow_state: Flow finalized: flow_id=f8e5668fbc1db1c7 reason=TIMEOUT
2026-10-02T22:55:40 [DEBUG] engine: Inference: flow_id=f8e5668fbc1db1c7 risk=0.3334 class=1 latency=1.10ms
2026-10-02T22:55:40 [DEBUG] flow_state: Skipping non-IP packet (142 similar messages suppressed)
2026-10-02T22:55:41 [DEBUG] flow_state: Skipping non-IP packet (149 similar messages suppressed)
2026-10-02T22:55:42 [DEBUG] flow_state: Skipping non-IP packet (141 similar messages suppressed)
2026-10-02T22:55:43 [DEBUG] flow_state: Skipping non-IP packet (138 similar messages suppressed)
2026-10-02T22:55:44 [DEBUG] flow_state: Skipping non-IP packet (131 similar messages suppressed)
2026-10-02T22:55:45 [DEBUG] flow_state: Skipping non-IP packet (151 similar messages suppressed)
2026-10-02T22:55:46 [DEBUG] flow_state: Flow finalized: flow_id=1bd0d70456a06156 reason=TIMEOUT
2026-10-02T22:55:46 [DEBUG] flow_state: Flow finalized: flow_id=8c0625edfc1646d2 reason=TIMEOUT
2026-10-02T22:55:46 [DEBUG] flow_state: Flow finalized: flow_id=7674b61d6de0c4af reason=TIMEOUT
2026-10-02T22:55:46 [DEBUG] engine: Inference: flow_id=1bd0d70456a06156 risk=0.3334 class=1 latency=0.12ms
2026-10-02T22:55:46 [DEBUG] engine: Inference: flow_id=8c0625edfc1646d2 risk=0.3334 class=1 latency=0.03ms
2026-10-02T22:55:46 [DEBUG] engine: Inference: flow_id=7674b61d6de0c4af risk=0.3334 class=1 latency=0.05ms
2026-10-02T22:55:46 [DEBUG] flow_state: Skipping non-IP packet (142 similar messages suppressed)
2026-10-02T22:55:47 [DEBUG] flow_state: Skipping non-IP packet (168 similar messages suppressed)
2026-10-02T22:55:48 [DEBUG] flow_state: Skipping non-IP packet (133 similar messages suppressed)
2026-10-02T22:55:49 [DEBUG] flow_state: Skipping non-IP packet (136 similar messages suppressed)
2026-10-02T22:55:50 [DEBUG] flow_state: Skipping non-IP packet (135 similar messages suppressed)
2026-10-02T22:55:51 [DEBUG] flow_state: Skipping non-IP packet (149 similar messages suppressed)
2026-10-02T22:55:52 [DEBUG] flow_state: Skipping non-IP packet (138 similar messages suppressed)
2026-10-02T22:55:53 [DEBUG] flow_state: Skipping non-IP packet (143 similar messages suppressed)
2026-10-02T22:55:54 [DEBUG] flow_state: Flow finalized: flow_id=3b0fd0ad162e0151 reason=TIMEOUT
2026-10-02T22:55:54 [DEBUG] flow_state: Flow finalized: flow_id=24fdfa51b5736934 reason=TIMEOUT
2026-10-02T22:55:54 [DEBUG] engine: Inference: flow_id=3b0fd0ad162e0151 risk=0.3334 class=1 latency=0.15ms
2026-10-02T22:55:54 [DEBUG] engine: Inference: flow_id=24fdfa51b5736934 risk=0.3334 class=1 latency=0.03ms
2026-10-02T22:55:54 [DEBUG] flow_state: Skipping non-IP packet (126 similar messages suppressed)
2026-10-02T22:55:55 [DEBUG] flow_state: Skipping non-IP packet (144 similar messages suppressed)
2026-10-02T22:55:56 [DEBUG] flow_state: Skipping non-IP packet (137 similar messages suppressed)
2026-10-02T22:55:57 [DEBUG] flow_state: Flow finalized: flow_id=1e14bd4f3b1c308c reason=TIMEOUT
2026-10-02T22:55:57 [DEBUG] flow_state: Flow finalized: flow_id=fdce8cbb54c4dce1 reason=TIMEOUT
2026-10-02T22:55:57 [DEBUG] flow_state: Flow finalized: flow_id=d25776f4630b205a reason=TIMEOUT
2026-10-02T22:55:57 [DEBUG] engine: Inference: flow_id=1e14bd4f3b1c308c risk=0.3334 class=1 latency=1.15ms
2026-10-02T22:55:57 [DEBUG] engine: Inference: flow_id=fdce8cbb54c4dce1 risk=0.3334 class=1 latency=0.05ms
2026-10-02T22:55:57 [DEBUG] engine: Inference: flow_id=d25776f4630b205a risk=0.3334 class=1 latency=0.02ms
2026-10-02T22:55:57 [DEBUG] flow_state: Skipping non-IP packet (142 similar messages suppressed)
2026-10-02T22:55:58 [DEBUG] flow_state: Skipping non-IP packet (148 similar messages suppressed)
2026-10-02T22:55:59 [DEBUG] flow_state: Skipping non-IP packet (130 similar messages suppressed)
2026-10-02T22:56:00 [DEBUG] flow_state: Skipping non-IP packet (139 similar messages suppressed)
2026-10-02T22:56:01 [DEBUG] flow_state: Skipping non-IP packet (141 similar messages suppressed)
2026-10-02T22:56:02 [DEBUG] flow_state: Skipping non-IP packet (143 similar messages suppressed)
2026-10-02T22:56:03 [DEBUG] flow_state: Flow finalized: flow_id=43e7a689b84f9e18 reason=TIMEOUT
2026-10-02T22:56:03 [DEBUG] engine: Inference: flow_id=43e7a689b84f9e18 risk=0.3334 class=1 latency=0.12ms
2026-10-02T22:56:03 [DEBUG] flow_state: Skipping non-IP packet (143 similar messages suppressed)
2026-10-02T22:56:05 [DEBUG] flow_state: Skipping non-IP packet (148 similar messages suppressed)
2026-10-02T22:56:06 [DEBUG] flow_state: Skipping non-IP packet (141 similar messages suppressed)
2026-10-02T22:56:07 [DEBUG] flow_state: Skipping non-IP packet (143 similar messages suppressed)
2026-10-02T22:56:08 [DEBUG] flow_state: Skipping non-IP packet (133 similar messages suppressed)
2026-10-02T22:56:09 [DEBUG] flow_state: Skipping non-IP packet (135 similar messages suppressed)
2026-10-02T22:56:09 [DEBUG] flow_state: Flow finalized: flow_id=edf4384e507fcd13 reason=TIMEOUT
2026-10-02T22:56:09 [DEBUG] engine: Inference: flow_id=edf4384e507fcd13 risk=0.3334 class=1 latency=1.14ms
2026-10-02T22:56:10 [DEBUG] flow_state: Skipping non-IP packet (138 similar messages suppressed)
2026-10-02T22:56:11 [DEBUG] flow_state: Skipping non-IP packet (133 similar messages suppressed)
2026-10-02T22:56:12 [DEBUG] flow_state: Skipping non-IP packet (137 similar messages suppressed)
2026-10-02T22:56:13 [DEBUG] flow_state: Skipping non-IP packet (142 similar messages suppressed)
2026-10-02T22:56:14 [DEBUG] flow_state: Skipping non-IP packet (144 similar messages suppressed)
2026-10-02T22:56:15 [DEBUG] flow_state: Skipping non-IP packet (135 similar messages suppressed)
2026-10-02T22:56:15 [DEBUG] flow_state: Flow finalized: flow_id=72d698abd0841952 reason=TIMEOUT
2026-10-02T22:56:15 [DEBUG] flow_state: Flow finalized: flow_id=57b9e05af483c753 reason=TIMEOUT
2026-10-02T22:56:15 [DEBUG] flow_state: Flow finalized: flow_id=ae1fe5a2d272e380 reason=TIMEOUT
2026-10-02T22:56:15 [DEBUG] engine: Inference: flow_id=72d698abd0841952 risk=0.3334 class=1 latency=0.20ms
2026-10-02T22:56:15 [DEBUG] engine: Inference: flow_id=57b9e05af483c753 risk=0.3334 class=1 latency=0.05ms
2026-10-02T22:56:15 [DEBUG] engine: Inference: flow_id=ae1fe5a2d272e380 risk=0.3334 class=1 latency=0.02ms
2026-10-02T22:56:16 [DEBUG] flow_state: Skipping non-IP packet (154 similar messages suppressed)
2026-10-02T22:56:17 [DEBUG] flow_state: Skipping non-IP packet (140 similar messages suppressed)
2026-10-02T22:56:18 [DEBUG] flow_state: Skipping non-IP packet (134 similar messages suppressed)
2026-10-02T22:56:19 [DEBUG] flow_state: Skipping non-IP packet (127 similar messages suppressed)
2026-10-02T22:56:20 [DEBUG] flow_state: Skipping non-IP packet (142 similar messages suppressed)
2026-10-02T22:56:21 [DEBUG] flow_state: Skipping non-IP packet (147 similar messages suppressed)
2026-10-02T22:56:22 [DEBUG] flow_state: Skipping non-IP packet (142 similar messages suppressed)
2026-10-02T22:56:23 [DEBUG] flow_state: Skipping non-IP packet (132 similar messages suppressed)
2026-10-02T22:56:24 [DEBUG] flow_state: Skipping non-IP packet (122 similar messages suppressed)
2026-10-02T22:56:24 [DEBUG] flow_state: Flow finalized: flow_id=7c29fc89afd4ea1b reason=TIMEOUT
2026-10-02T22:56:24 [DEBUG] flow_state: Flow finalized: flow_id=938bc9fbdda4a64e reason=TIMEOUT
2026-10-02T22:56:24 [DEBUG] engine: Inference: flow_id=7c29fc89afd4ea1b risk=0.3334 class=1 latency=0.20ms
2026-10-02T22:56:24 [DEBUG] engine: Inference: flow_id=938bc9fbdda4a64e risk=0.3334 class=1 latency=0.06ms
2026-10-02T22:56:25 [DEBUG] flow_state: Skipping non-IP packet (168 similar messages suppressed)
2026-10-02T22:56:26 [DEBUG] flow_state: Skipping non-IP packet (145 similar messages suppressed)
2026-10-02T22:56:27 [DEBUG] flow_state: Skipping non-IP packet (151 similar messages suppressed)
2026-10-02T22:56:27 [DEBUG] flow_state: Flow finalized: flow_id=9cde8562744c72c5 reason=TIMEOUT
2026-10-02T22:56:27 [DEBUG] flow_state: Flow finalized: flow_id=a4548e25e1ccd14b reason=TIMEOUT
2026-10-02T22:56:27 [DEBUG] flow_state: Flow finalized: flow_id=6f1daf1e71019951 reason=TIMEOUT
2026-10-02T22:56:27 [DEBUG] engine: Inference: flow_id=9cde8562744c72c5 risk=0.3334 class=1 latency=0.45ms
2026-10-02T22:56:27 [DEBUG] engine: Inference: flow_id=a4548e25e1ccd14b risk=0.3334 class=1 latency=0.04ms
2026-10-02T22:56:27 [DEBUG] engine: Inference: flow_id=6f1daf1e71019951 risk=0.3334 class=1 latency=0.02ms
2026-10-02T22:56:28 [DEBUG] flow_state: Skipping non-IP packet (132 similar messages suppressed)
2026-10-02T22:56:29 [DEBUG] flow_state: Skipping non-IP packet (140 similar messages suppressed)
2026-10-02T22:56:30 [DEBUG] flow_state: Skipping non-IP packet (131 similar messages suppressed)
2026-10-02T22:56:31 [DEBUG] flow_state: Skipping non-IP packet (137 similar messages suppressed)
2026-10-02T22:56:32 [DEBUG] flow_state: Skipping non-IP packet (138 similar messages suppressed)
2026-10-02T22:56:33 [DEBUG] flow_state: Skipping non-IP packet (132 similar messages suppressed)
2026-10-02T22:56:33 [DEBUG] flow_state: Flow finalized: flow_id=afdca036ee953e1a reason=TIMEOUT
2026-10-02T22:56:33 [DEBUG] engine: Inference: flow_id=afdca036ee953e1a risk=0.3334 class=1 latency=0.18ms
2026-10-02T22:56:34 [DEBUG] flow_state: Skipping non-IP packet (125 similar messages suppressed)
2026-10-02T22:56:35 [DEBUG] flow_state: Skipping non-IP packet (146 similar messages suppressed)
2026-10-02T22:56:36 [DEBUG] flow_state: Skipping non-IP packet (121 similar messages suppressed)
2026-10-02T22:56:37 [DEBUG] flow_state: Skipping non-IP packet (144 similar messages suppressed)
2026-10-02T22:56:38 [DEBUG] flow_state: Skipping non-IP packet (137 similar messages suppressed)
2026-10-02T22:56:39 [DEBUG] flow_state: Skipping non-IP packet (137 similar messages suppressed)
2026-10-02T22:56:39 [DEBUG] flow_state: Flow finalized: flow_id=372934fbb6aa74ac reason=TIMEOUT
2026-10-02T22:56:39 [DEBUG] engine: Inference: flow_id=372934fbb6aa74ac risk=0.3334 class=1 latency=0.17ms
2026-10-02T22:56:40 [DEBUG] flow_state: Skipping non-IP packet (150 similar messages suppressed)
2026-10-02T22:56:41 [DEBUG] flow_state: Skipping non-IP packet (140 similar messages suppressed)
2026-10-02T22:56:42 [DEBUG] flow_state: Skipping non-IP packet (151 similar messages suppressed)
2026-10-02T22:56:43 [DEBUG] flow_state: Skipping non-IP packet (139 similar messages suppressed)
2026-10-02T22:56:44 [DEBUG] flow_state: Skipping non-IP packet (127 similar messages suppressed)
2026-10-02T22:56:45 [DEBUG] flow_state: Skipping non-IP packet (146 similar messages suppressed)
2026-10-02T22:56:45 [DEBUG] flow_state: Flow finalized: flow_id=650993c0d2f59c63 reason=TIMEOUT
2026-10-02T22:56:45 [DEBUG] flow_state: Flow finalized: flow_id=755ea535cc05f877 reason=TIMEOUT
2026-10-02T22:56:45 [DEBUG] flow_state: Flow finalized: flow_id=2bf473d6d6180274 reason=TIMEOUT
2026-10-02T22:56:45 [DEBUG] engine: Inference: flow_id=650993c0d2f59c63 risk=0.3334 class=1 latency=1.61ms
2026-10-02T22:56:45 [DEBUG] engine: Inference: flow_id=755ea535cc05f877 risk=0.3334 class=1 latency=0.07ms
2026-10-02T22:56:45 [DEBUG] engine: Inference: flow_id=2bf473d6d6180274 risk=0.3334 class=1 latency=0.03ms
2026-10-02T22:56:46 [DEBUG] flow_state: Skipping non-IP packet (142 similar messages suppressed)
2026-10-02T22:56:47 [DEBUG] flow_state: Skipping non-IP packet (134 similar messages suppressed)
2026-10-02T22:56:48 [DEBUG] flow_state: Skipping non-IP packet (141 similar messages suppressed)
2026-10-02T22:56:49 [DEBUG] flow_state: Skipping non-IP packet (151 similar messages suppressed)
2026-10-02T22:56:50 [DEBUG] flow_state: Skipping non-IP packet (139 similar messages suppressed)
2026-10-02T22:56:51 [DEBUG] flow_state: Skipping non-IP packet (145 similar messages suppressed)
2026-10-02T22:56:52 [DEBUG] flow_state: Skipping non-IP packet (144 similar messages suppressed)
2026-10-02T22:56:53 [DEBUG] flow_state: Skipping non-IP packet (145 similar messages suppressed)
2026-10-02T22:56:54 [DEBUG] flow_state: Flow finalized: flow_id=563f863b7ada7650 reason=TIMEOUT
2026-10-02T22:56:54 [DEBUG] flow_state: Flow finalized: flow_id=75a95aba60f822fd reason=TIMEOUT
2026-10-02T22:56:54 [DEBUG] engine: Inference: flow_id=563f863b7ada7650 risk=0.3334 class=1 latency=0.09ms
2026-10-02T22:56:54 [DEBUG] engine: Inference: flow_id=75a95aba60f822fd risk=0.3334 class=1 latency=0.06ms
2026-10-02T22:56:54 [DEBUG] flow_state: Skipping non-IP packet (136 similar messages suppressed)
2026-10-02T22:56:55 [DEBUG] flow_state: Skipping non-IP packet (148 similar messages suppressed)
2026-10-02T22:56:56 [DEBUG] flow_state: Skipping non-IP packet (141 similar messages suppressed)
2026-10-02T22:56:57 [DEBUG] flow_state: Flow finalized: flow_id=a311aef0e2c605ff reason=TIMEOUT
2026-10-02T22:56:57 [DEBUG] flow_state: Flow finalized: flow_id=23ca0ea6dad433a1 reason=TIMEOUT
2026-10-02T22:56:57 [DEBUG] flow_state: Flow finalized: flow_id=e1f0ae2a17f35a27 reason=TIMEOUT
2026-10-02T22:56:57 [DEBUG] engine: Inference: flow_id=a311aef0e2c605ff risk=0.3334 class=1 latency=1.46ms
2026-10-02T22:56:57 [DEBUG] engine: Inference: flow_id=23ca0ea6dad433a1 risk=0.3334 class=1 latency=0.04ms
2026-10-02T22:56:57 [DEBUG] engine: Inference: flow_id=e1f0ae2a17f35a27 risk=0.3334 class=1 latency=0.02ms
2026-10-02T22:56:57 [DEBUG] flow_state: Skipping non-IP packet (143 similar messages suppressed)
2026-10-02T22:56:58 [DEBUG] flow_state: Skipping non-IP packet (133 similar messages suppressed)
2026-10-02T22:56:59 [DEBUG] flow_state: Skipping non-IP packet (146 similar messages suppressed)
2026-10-02T22:57:00 [DEBUG] flow_state: Skipping non-IP packet (145 similar messages suppressed)
2026-10-02T22:57:01 [DEBUG] flow_state: Skipping non-IP packet (142 similar messages suppressed)
2026-10-02T22:57:02 [DEBUG] flow_state: Flow finalized: flow_id=342768f22ea4349c reason=TIMEOUT
2026-10-02T22:57:02 [DEBUG] engine: Inference: flow_id=342768f22ea4349c risk=0.3334 class=1 latency=0.12ms
2026-10-02T22:57:02 [DEBUG] flow_state: Skipping non-IP packet (135 similar messages suppressed)
2026-10-02T22:57:03 [DEBUG] flow_state: Skipping non-IP packet (139 similar messages suppressed)
2026-10-02T22:57:04 [DEBUG] flow_state: Skipping non-IP packet (147 similar messages suppressed)
2026-10-02T22:57:05 [DEBUG] flow_state: Skipping non-IP packet (136 similar messages suppressed)
2026-10-02T22:57:06 [DEBUG] flow_state: Skipping non-IP packet (136 similar messages suppressed)
2026-10-02T22:57:07 [DEBUG] flow_state: Skipping non-IP packet (140 similar messages suppressed)
2026-10-02T22:57:08 [DEBUG] flow_state: Skipping non-IP packet (149 similar messages suppressed)
2026-10-02T22:57:09 [DEBUG] flow_state: Flow finalized: flow_id=11a43ebd3b58ac90 reason=TIMEOUT
2026-10-02T22:57:09 [DEBUG] engine: Inference: flow_id=11a43ebd3b58ac90 risk=0.3334 class=1 latency=0.10ms
2026-10-02T22:57:09 [DEBUG] flow_state: Skipping non-IP packet (139 similar messages suppressed)
2026-10-02T22:57:11 [DEBUG] flow_state: Skipping non-IP packet (151 similar messages suppressed)
2026-10-02T22:57:12 [DEBUG] flow_state: Skipping non-IP packet (132 similar messages suppressed)
2026-10-02T22:57:13 [DEBUG] flow_state: Skipping non-IP packet (131 similar messages suppressed)
2026-10-02T22:57:14 [DEBUG] flow_state: Skipping non-IP packet (140 similar messages suppressed)
2026-10-02T22:57:15 [DEBUG] flow_state: Skipping non-IP packet (140 similar messages suppressed)
2026-10-02T22:57:15 [DEBUG] flow_state: Flow finalized: flow_id=ebc63cbcd87d4d39 reason=TIMEOUT
2026-10-02T22:57:15 [DEBUG] flow_state: Flow finalized: flow_id=cd9236f566adefc5 reason=TIMEOUT
2026-10-02T22:57:15 [DEBUG] flow_state: Flow finalized: flow_id=f9db4ec42d163b53 reason=TIMEOUT
2026-10-02T22:57:15 [DEBUG] engine: Inference: flow_id=ebc63cbcd87d4d39 risk=0.3334 class=1 latency=0.12ms
2026-10-02T22:57:15 [DEBUG] engine: Inference: flow_id=cd9236f566adefc5 risk=0.3334 class=1 latency=0.03ms
2026-10-02T22:57:15 [DEBUG] engine: Inference: flow_id=f9db4ec42d163b53 risk=0.3334 class=1 latency=0.02ms
2026-10-02T22:57:16 [DEBUG] flow_state: Skipping non-IP packet (140 similar messages suppressed)
2026-10-02T22:57:17 [DEBUG] flow_state: Skipping non-IP packet (148 similar messages suppressed)
2026-10-02T22:57:18 [DEBUG] flow_state: Skipping non-IP packet (137 similar messages suppressed)
2026-10-02T22:57:19 [DEBUG] flow_state: Skipping non-IP packet (138 similar messages suppressed)
2026-10-02T22:57:20 [DEBUG] flow_state: Skipping non-IP packet (137 similar messages suppressed)
2026-10-02T22:57:21 [DEBUG] flow_state: Skipping non-IP packet (128 similar messages suppressed)
2026-10-02T22:57:22 [DEBUG] flow_state: Skipping non-IP packet (143 similar messages suppressed)
2026-10-02T22:57:23 [DEBUG] flow_state: Skipping non-IP packet (127 similar messages suppressed)
2026-10-02T22:57:24 [DEBUG] flow_state: Skipping non-IP packet (128 similar messages suppressed)
2026-10-02T22:57:24 [DEBUG] flow_state: Flow finalized: flow_id=808cba01800d4fb8 reason=TIMEOUT
2026-10-02T22:57:24 [DEBUG] flow_state: Flow finalized: flow_id=4ee7df54319a534f reason=TIMEOUT
2026-10-02T22:57:24 [DEBUG] engine: Inference: flow_id=808cba01800d4fb8 risk=0.3334 class=1 latency=0.12ms
2026-10-02T22:57:24 [DEBUG] engine: Inference: flow_id=4ee7df54319a534f risk=0.3334 class=1 latency=0.09ms
2026-10-02T22:57:25 [DEBUG] flow_state: Skipping non-IP packet (138 similar messages suppressed)
2026-10-02T22:57:26 [DEBUG] flow_state: Skipping non-IP packet (144 similar messages suppressed)
2026-10-02T22:57:27 [DEBUG] flow_state: Skipping non-IP packet (138 similar messages suppressed)
2026-10-02T22:57:27 [DEBUG] flow_state: Flow finalized: flow_id=d24161ff30eb9a37 reason=TIMEOUT
2026-10-02T22:57:27 [DEBUG] flow_state: Flow finalized: flow_id=2ee0d0689f0da3c9 reason=TIMEOUT
2026-10-02T22:57:27 [DEBUG] flow_state: Flow finalized: flow_id=9f6e10cc55d86222 reason=TIMEOUT
2026-10-02T22:57:27 [DEBUG] engine: Inference: flow_id=d24161ff30eb9a37 risk=0.3334 class=1 latency=0.20ms
2026-10-02T22:57:27 [DEBUG] engine: Inference: flow_id=2ee0d0689f0da3c9 risk=0.3334 class=1 latency=0.03ms
2026-10-02T22:57:27 [DEBUG] engine: Inference: flow_id=9f6e10cc55d86222 risk=0.3334 class=1 latency=0.02ms
2026-10-02T22:57:28 [DEBUG] flow_state: Skipping non-IP packet (134 similar messages suppressed)
2026-10-02T22:57:29 [DEBUG] flow_state: Skipping non-IP packet (134 similar messages suppressed)
2026-10-02T22:57:30 [DEBUG] flow_state: Skipping non-IP packet (147 similar messages suppressed)
2026-10-02T22:57:31 [DEBUG] flow_state: Skipping non-IP packet (146 similar messages suppressed)
2026-10-02T22:57:32 [DEBUG] flow_state: Skipping non-IP packet (132 similar messages suppressed)
2026-10-02T22:57:32 [DEBUG] flow_state: Flow finalized: flow_id=2cb2ad8789494fa4 reason=TIMEOUT
2026-10-02T22:57:32 [DEBUG] engine: Inference: flow_id=2cb2ad8789494fa4 risk=0.3334 class=1 latency=0.99ms
2026-10-02T22:57:33 [DEBUG] flow_state: Skipping non-IP packet (132 similar messages suppressed)
2026-10-02T22:57:34 [DEBUG] flow_state: Skipping non-IP packet (155 similar messages suppressed)
2026-10-02T22:57:35 [DEBUG] flow_state: Skipping non-IP packet (140 similar messages suppressed)
2026-10-02T22:57:36 [DEBUG] flow_state: Skipping non-IP packet (122 similar messages suppressed)
2026-10-02T22:57:37 [DEBUG] flow_state: Skipping non-IP packet (132 similar messages suppressed)
2026-10-02T22:57:38 [DEBUG] flow_state: Skipping non-IP packet (138 similar messages suppressed)
2026-10-02T22:57:39 [DEBUG] flow_state: Skipping non-IP packet (158 similar messages suppressed)
2026-10-02T22:57:39 [DEBUG] flow_state: Flow finalized: flow_id=adf612ca2d58039b reason=TIMEOUT
2026-10-02T22:57:39 [DEBUG] engine: Inference: flow_id=adf612ca2d58039b risk=0.3334 class=1 latency=0.21ms
2026-10-02T22:57:40 [DEBUG] flow_state: Skipping non-IP packet (127 similar messages suppressed)
2026-10-02T22:57:41 [DEBUG] flow_state: Skipping non-IP packet (141 similar messages suppressed)
2026-10-02T22:57:42 [DEBUG] flow_state: Skipping non-IP packet (135 similar messages suppressed)
2026-10-02T22:57:43 [DEBUG] flow_state: Skipping non-IP packet (127 similar messages suppressed)
2026-10-02T22:57:44 [DEBUG] flow_state: Skipping non-IP packet (147 similar messages suppressed)
2026-10-02T22:57:45 [DEBUG] flow_state: Skipping non-IP packet (135 similar messages suppressed)
2026-10-02T22:57:45 [DEBUG] flow_state: Flow finalized: flow_id=3f1d7f5819b9d51e reason=TIMEOUT
2026-10-02T22:57:45 [DEBUG] flow_state: Flow finalized: flow_id=703ec40ca201047b reason=TIMEOUT
2026-10-02T22:57:45 [DEBUG] flow_state: Flow finalized: flow_id=7cf602a285fcdc76 reason=TIMEOUT
2026-10-02T22:57:45 [DEBUG] engine: Inference: flow_id=3f1d7f5819b9d51e risk=0.3334 class=1 latency=0.14ms
2026-10-02T22:57:45 [DEBUG] engine: Inference: flow_id=703ec40ca201047b risk=0.3334 class=1 latency=0.03ms
2026-10-02T22:57:45 [DEBUG] engine: Inference: flow_id=7cf602a285fcdc76 risk=0.3334 class=1 latency=0.02ms
2026-10-02T22:57:46 [DEBUG] flow_state: Skipping non-IP packet (153 similar messages suppressed)
2026-10-02T22:57:47 [DEBUG] flow_state: Skipping non-IP packet (137 similar messages suppressed)
2026-10-02T22:57:47 [DEBUG] flow_state: Flow finalized: flow_id=bc0bbaa978e1a035 reason=TIMEOUT
2026-10-02T22:57:47 [DEBUG] flow_state: Flow finalized: flow_id=48f18a0cd086e2c8 reason=TIMEOUT
2026-10-02T22:57:47 [DEBUG] engine: Inference: flow_id=bc0bbaa978e1a035 risk=0.3334 class=1 latency=1.09ms
2026-10-02T22:57:47 [DEBUG] engine: Inference: flow_id=48f18a0cd086e2c8 risk=0.3334 class=1 latency=0.08ms
2026-10-02T22:57:48 [DEBUG] flow_state: Skipping non-IP packet (126 similar messages suppressed)
2026-10-02T22:57:49 [DEBUG] flow_state: Skipping non-IP packet (153 similar messages suppressed)
2026-10-02T22:57:50 [DEBUG] flow_state: Skipping non-IP packet (149 similar messages suppressed)
2026-10-02T22:57:51 [DEBUG] flow_state: Skipping non-IP packet (150 similar messages suppressed)
2026-10-02T22:57:52 [DEBUG] flow_state: Skipping non-IP packet (133 similar messages suppressed)
2026-10-02T22:57:53 [DEBUG] flow_state: Skipping non-IP packet (130 similar messages suppressed)
2026-10-02T22:57:54 [DEBUG] flow_state: Skipping non-IP packet (149 similar messages suppressed)
2026-10-02T22:57:54 [DEBUG] flow_state: Flow finalized: flow_id=86c03d9bde173136 reason=TIMEOUT
2026-10-02T22:57:54 [DEBUG] flow_state: Flow finalized: flow_id=c1915e4a7b845603 reason=TIMEOUT
2026-10-02T22:57:54 [DEBUG] engine: Inference: flow_id=86c03d9bde173136 risk=0.3334 class=1 latency=0.12ms
2026-10-02T22:57:54 [DEBUG] engine: Inference: flow_id=c1915e4a7b845603 risk=0.3334 class=1 latency=0.03ms
2026-10-02T22:57:55 [DEBUG] flow_state: Skipping non-IP packet (149 similar messages suppressed)
2026-10-02T22:57:56 [DEBUG] flow_state: Skipping non-IP packet (134 similar messages suppressed)
2026-10-02T22:57:57 [DEBUG] flow_state: Skipping non-IP packet (129 similar messages suppressed)
2026-10-02T22:57:58 [DEBUG] flow_state: Flow finalized: flow_id=a49335f1e24348ee reason=TIMEOUT
2026-10-02T22:57:58 [DEBUG] flow_state: Flow finalized: flow_id=90feb1f93bd73c3c reason=TIMEOUT
2026-10-02T22:57:58 [DEBUG] flow_state: Flow finalized: flow_id=1a2d9de56500fe88 reason=TIMEOUT
2026-10-02T22:57:58 [DEBUG] engine: Inference: flow_id=a49335f1e24348ee risk=0.3334 class=1 latency=0.12ms
2026-10-02T22:57:58 [DEBUG] engine: Inference: flow_id=90feb1f93bd73c3c risk=0.3334 class=1 latency=0.07ms
2026-10-02T22:57:58 [DEBUG] engine: Inference: flow_id=1a2d9de56500fe88 risk=0.3334 class=1 latency=0.03ms
2026-10-02T22:57:58 [DEBUG] flow_state: Skipping non-IP packet (133 similar messages suppressed)
2026-10-02T22:57:59 [DEBUG] flow_state: Skipping non-IP packet (137 similar messages suppressed)
2026-10-02T22:58:00 [DEBUG] flow_state: Skipping non-IP packet (136 similar messages suppressed)
2026-10-02T22:58:01 [DEBUG] flow_state: Skipping non-IP packet (147 similar messages suppressed)
2026-10-02T22:58:02 [DEBUG] flow_state: Skipping non-IP packet (130 similar messages suppressed)
2026-10-02T22:58:03 [DEBUG] flow_state: Flow finalized: flow_id=2adf6fc38d81e574 reason=TIMEOUT
2026-10-02T22:58:03 [DEBUG] engine: Inference: flow_id=2adf6fc38d81e574 risk=0.3334 class=1 latency=0.12ms
2026-10-02T22:58:03 [DEBUG] flow_state: Skipping non-IP packet (144 similar messages suppressed)
2026-10-02T22:58:04 [DEBUG] flow_state: Skipping non-IP packet (137 similar messages suppressed)
2026-10-02T22:58:05 [DEBUG] flow_state: Skipping non-IP packet (160 similar messages suppressed)
2026-10-02T22:58:06 [DEBUG] flow_state: Skipping non-IP packet (115 similar messages suppressed)
2026-10-02T22:58:07 [DEBUG] flow_state: Skipping non-IP packet (145 similar messages suppressed)
2026-10-02T22:58:08 [DEBUG] flow_state: Skipping non-IP packet (141 similar messages suppressed)
2026-10-02T22:58:09 [DEBUG] flow_state: Skipping non-IP packet (139 similar messages suppressed)
2026-10-02T22:58:10 [DEBUG] flow_state: Flow finalized: flow_id=c1fa9622d80dfd50 reason=TIMEOUT
2026-10-02T22:58:10 [DEBUG] engine: Inference: flow_id=c1fa9622d80dfd50 risk=0.3334 class=1 latency=0.18ms
2026-10-02T22:58:10 [DEBUG] flow_state: Skipping non-IP packet (165 similar messages suppressed)
2026-10-02T22:58:11 [DEBUG] flow_state: Skipping non-IP packet (121 similar messages suppressed)
2026-10-02T22:58:12 [DEBUG] flow_state: Skipping non-IP packet (150 similar messages suppressed)
2026-10-02T22:58:13 [DEBUG] flow_state: Skipping non-IP packet (127 similar messages suppressed)
2026-10-02T22:58:14 [DEBUG] flow_state: Skipping non-IP packet (108 similar messages suppressed)
2026-10-02T22:58:15 [DEBUG] flow_state: Skipping non-IP packet (160 similar messages suppressed)
2026-10-02T22:58:16 [DEBUG] flow_state: Flow finalized: flow_id=3f0bc03b3a278145 reason=TIMEOUT
2026-10-02T22:58:16 [DEBUG] flow_state: Flow finalized: flow_id=f8ac97ecf1860c63 reason=TIMEOUT
2026-10-02T22:58:16 [DEBUG] flow_state: Flow finalized: flow_id=cda128ad26a13fe2 reason=TIMEOUT
2026-10-02T22:58:16 [DEBUG] engine: Inference: flow_id=3f0bc03b3a278145 risk=0.3334 class=1 latency=0.21ms
2026-10-02T22:58:16 [DEBUG] engine: Inference: flow_id=f8ac97ecf1860c63 risk=0.3334 class=1 latency=0.06ms
2026-10-02T22:58:16 [DEBUG] engine: Inference: flow_id=cda128ad26a13fe2 risk=0.3334 class=1 latency=0.03ms
2026-10-02T22:58:16 [DEBUG] flow_state: Skipping non-IP packet (134 similar messages suppressed)
2026-10-02T22:58:17 [DEBUG] flow_state: Skipping non-IP packet (140 similar messages suppressed)
2026-10-02T22:58:18 [DEBUG] flow_state: Skipping non-IP packet (139 similar messages suppressed)
2026-10-02T22:58:19 [DEBUG] flow_state: Skipping non-IP packet (135 similar messages suppressed)
2026-10-02T22:58:20 [DEBUG] flow_state: Skipping non-IP packet (139 similar messages suppressed)
2026-10-02T22:58:21 [DEBUG] flow_state: Skipping non-IP packet (135 similar messages suppressed)
2026-10-02T22:58:22 [DEBUG] flow_state: Skipping non-IP packet (111 similar messages suppressed)
2026-10-02T22:58:23 [DEBUG] flow_state: Skipping non-IP packet (153 similar messages suppressed)
2026-10-02T22:58:24 [DEBUG] flow_state: Flow finalized: flow_id=20f9ebdb766255e3 reason=TIMEOUT
2026-10-02T22:58:24 [DEBUG] flow_state: Flow finalized: flow_id=b599352b230b33f2 reason=TIMEOUT
2026-10-02T22:58:24 [DEBUG] engine: Inference: flow_id=20f9ebdb766255e3 risk=0.3334 class=1 latency=0.18ms
2026-10-02T22:58:24 [DEBUG] engine: Inference: flow_id=b599352b230b33f2 risk=0.3334 class=1 latency=0.05ms
2026-10-02T22:58:24 [DEBUG] flow_state: Skipping non-IP packet (150 similar messages suppressed)
2026-10-02T22:58:25 [DEBUG] flow_state: Skipping non-IP packet (145 similar messages suppressed)
2026-10-02T22:58:26 [DEBUG] flow_state: Skipping non-IP packet (138 similar messages suppressed)
2026-10-02T22:58:27 [DEBUG] flow_state: Skipping non-IP packet (135 similar messages suppressed)
2026-10-02T22:58:28 [DEBUG] flow_state: Flow finalized: flow_id=2df738b978f30868 reason=TIMEOUT
2026-10-02T22:58:28 [DEBUG] flow_state: Flow finalized: flow_id=c68f7f7b528ac6da reason=TIMEOUT
2026-10-02T22:58:28 [DEBUG] flow_state: Flow finalized: flow_id=1ea9e5779163c2eb reason=TIMEOUT
2026-10-02T22:58:28 [DEBUG] engine: Inference: flow_id=2df738b978f30868 risk=0.3334 class=1 latency=0.14ms
2026-10-02T22:58:28 [DEBUG] engine: Inference: flow_id=c68f7f7b528ac6da risk=0.3334 class=1 latency=0.03ms
2026-10-02T22:58:28 [DEBUG] engine: Inference: flow_id=1ea9e5779163c2eb risk=0.3334 class=1 latency=0.02ms
2026-10-02T22:58:28 [DEBUG] flow_state: Skipping non-IP packet (142 similar messages suppressed)
2026-10-02T22:58:29 [DEBUG] flow_state: Skipping non-IP packet (135 similar messages suppressed)
2026-10-02T22:58:30 [DEBUG] flow_state: Skipping non-IP packet (141 similar messages suppressed)
2026-10-02T22:58:31 [DEBUG] flow_state: Skipping non-IP packet (129 similar messages suppressed)
2026-10-02T22:58:33 [DEBUG] flow_state: Skipping non-IP packet (145 similar messages suppressed)
2026-10-02T22:58:33 [DEBUG] flow_state: Flow finalized: flow_id=cdfa7f3837356f5c reason=TIMEOUT
2026-10-02T22:58:33 [DEBUG] engine: Inference: flow_id=cdfa7f3837356f5c risk=0.3334 class=1 latency=0.09ms
2026-10-02T22:58:34 [DEBUG] flow_state: Skipping non-IP packet (144 similar messages suppressed)
2026-10-02T22:58:35 [DEBUG] flow_state: Skipping non-IP packet (142 similar messages suppressed)
2026-10-02T22:58:36 [DEBUG] flow_state: Skipping non-IP packet (140 similar messages suppressed)
2026-10-02T22:58:37 [DEBUG] flow_state: Skipping non-IP packet (136 similar messages suppressed)
2026-10-02T22:58:38 [DEBUG] flow_state: Skipping non-IP packet (136 similar messages suppressed)
2026-10-02T22:58:39 [DEBUG] flow_state: Skipping non-IP packet (139 similar messages suppressed)
2026-10-02T22:58:40 [DEBUG] flow_state: Skipping non-IP packet (141 similar messages suppressed)
2026-10-02T22:58:40 [DEBUG] flow_state: Flow finalized: flow_id=7f3fbf73f20484bc reason=TIMEOUT
2026-10-02T22:58:40 [DEBUG] engine: Inference: flow_id=7f3fbf73f20484bc risk=0.3334 class=1 latency=0.11ms
2026-10-02T22:58:41 [DEBUG] flow_state: Skipping non-IP packet (129 similar messages suppressed)
2026-10-02T22:58:42 [DEBUG] flow_state: Skipping non-IP packet (128 similar messages suppressed)
2026-10-02T22:58:43 [DEBUG] flow_state: Skipping non-IP packet (133 similar messages suppressed)
2026-10-02T22:58:44 [DEBUG] flow_state: Skipping non-IP packet (145 similar messages suppressed)
2026-10-02T22:58:45 [DEBUG] flow_state: Skipping non-IP packet (155 similar messages suppressed)
2026-10-02T22:58:46 [DEBUG] flow_state: Skipping non-IP packet (145 similar messages suppressed)
2026-10-02T22:58:46 [DEBUG] flow_state: Flow finalized: flow_id=02db31d336b34696 reason=TIMEOUT
2026-10-02T22:58:46 [DEBUG] flow_state: Flow finalized: flow_id=01cb1fba76d853d8 reason=TIMEOUT
2026-10-02T22:58:46 [DEBUG] flow_state: Flow finalized: flow_id=230a68441e194ae9 reason=TIMEOUT
2026-10-02T22:58:46 [DEBUG] engine: Inference: flow_id=02db31d336b34696 risk=0.3334 class=1 latency=0.15ms
2026-10-02T22:58:46 [DEBUG] engine: Inference: flow_id=01cb1fba76d853d8 risk=0.3334 class=1 latency=0.03ms
2026-10-02T22:58:46 [DEBUG] engine: Inference: flow_id=230a68441e194ae9 risk=0.3334 class=1 latency=0.02ms
2026-10-02T22:58:47 [DEBUG] flow_state: Skipping non-IP packet (124 similar messages suppressed)
2026-10-02T22:58:48 [DEBUG] flow_state: Skipping non-IP packet (138 similar messages suppressed)
2026-10-02T22:58:49 [DEBUG] flow_state: Skipping non-IP packet (137 similar messages suppressed)
2026-10-02T22:58:50 [DEBUG] flow_state: Skipping non-IP packet (134 similar messages suppressed)
2026-10-02T22:58:51 [DEBUG] flow_state: Skipping non-IP packet (131 similar messages suppressed)
2026-10-02T22:58:52 [DEBUG] flow_state: Skipping non-IP packet (137 similar messages suppressed)
2026-10-02T22:58:53 [DEBUG] flow_state: Skipping non-IP packet (153 similar messages suppressed)
2026-10-02T22:58:54 [DEBUG] flow_state: Skipping non-IP packet (139 similar messages suppressed)
2026-10-02T22:58:54 [DEBUG] flow_state: Flow finalized: flow_id=0b8762b4c878a348 reason=TIMEOUT
2026-10-02T22:58:54 [DEBUG] flow_state: Flow finalized: flow_id=78d08904b8c2da5a reason=TIMEOUT
2026-10-02T22:58:54 [DEBUG] engine: Inference: flow_id=0b8762b4c878a348 risk=0.3334 class=1 latency=0.15ms
2026-10-02T22:58:54 [DEBUG] engine: Inference: flow_id=78d08904b8c2da5a risk=0.3334 class=1 latency=0.03ms
2026-10-02T22:58:55 [DEBUG] flow_state: Skipping non-IP packet (133 similar messages suppressed)
2026-10-02T22:58:56 [DEBUG] flow_state: Skipping non-IP packet (128 similar messages suppressed)
2026-10-02T22:58:57 [DEBUG] flow_state: Skipping non-IP packet (140 similar messages suppressed)
2026-10-02T22:58:57 [DEBUG] flow_state: Flow finalized: flow_id=e99ce34c641d5113 reason=TIMEOUT
2026-10-02T22:58:57 [DEBUG] flow_state: Flow finalized: flow_id=6aa2ef91ea3abf04 reason=TIMEOUT
2026-10-02T22:58:57 [DEBUG] flow_state: Flow finalized: flow_id=2e0474cb37b5f486 reason=TIMEOUT
2026-10-02T22:58:57 [DEBUG] engine: Inference: flow_id=e99ce34c641d5113 risk=0.3334 class=1 latency=0.12ms
2026-10-02T22:58:57 [DEBUG] engine: Inference: flow_id=6aa2ef91ea3abf04 risk=0.3334 class=1 latency=0.03ms
2026-10-02T22:58:57 [DEBUG] engine: Inference: flow_id=2e0474cb37b5f486 risk=0.3334 class=1 latency=0.02ms
2026-10-02T22:58:58 [DEBUG] flow_state: Skipping non-IP packet (125 similar messages suppressed)
2026-10-02T22:58:59 [DEBUG] flow_state: Skipping non-IP packet (137 similar messages suppressed)
2026-10-02T22:59:00 [DEBUG] flow_state: Skipping non-IP packet (141 similar messages suppressed)
2026-10-02T22:59:01 [DEBUG] flow_state: Skipping non-IP packet (129 similar messages suppressed)
2026-10-02T22:59:02 [DEBUG] flow_state: Skipping non-IP packet (127 similar messages suppressed)
2026-10-02T22:59:03 [DEBUG] flow_state: Flow finalized: flow_id=6c6447abeb9b3053 reason=TIMEOUT
2026-10-02T22:59:03 [DEBUG] engine: Inference: flow_id=6c6447abeb9b3053 risk=0.3334 class=1 latency=0.15ms
2026-10-02T22:59:03 [DEBUG] flow_state: Skipping non-IP packet (119 similar messages suppressed)
2026-10-02T22:59:04 [DEBUG] flow_state: Skipping non-IP packet (139 similar messages suppressed)
2026-10-02T22:59:05 [DEBUG] flow_state: Skipping non-IP packet (136 similar messages suppressed)
2026-10-02T22:59:06 [DEBUG] flow_state: Skipping non-IP packet (139 similar messages suppressed)
2026-10-02T22:59:07 [DEBUG] flow_state: Skipping non-IP packet (126 similar messages suppressed)
2026-10-02T22:59:08 [DEBUG] flow_state: Skipping non-IP packet (141 similar messages suppressed)
2026-10-02T22:59:09 [DEBUG] flow_state: Skipping non-IP packet (127 similar messages suppressed)
2026-10-02T22:59:10 [DEBUG] flow_state: Flow finalized: flow_id=7a1167592b10733d reason=TIMEOUT
2026-10-02T22:59:10 [DEBUG] engine: Inference: flow_id=7a1167592b10733d risk=0.3334 class=1 latency=0.17ms
2026-10-02T22:59:10 [DEBUG] flow_state: Skipping non-IP packet (132 similar messages suppressed)
2026-10-02T22:59:11 [DEBUG] flow_state: Skipping non-IP packet (140 similar messages suppressed)
2026-10-02T22:59:12 [DEBUG] flow_state: Skipping non-IP packet (137 similar messages suppressed)
2026-10-02T22:59:13 [DEBUG] flow_state: Skipping non-IP packet (141 similar messages suppressed)
2026-10-02T22:59:14 [DEBUG] flow_state: Skipping non-IP packet (131 similar messages suppressed)
2026-10-02T22:59:15 [DEBUG] flow_state: Skipping non-IP packet (160 similar messages suppressed)
2026-10-02T22:59:16 [DEBUG] flow_state: Flow finalized: flow_id=71bbfb701f50e817 reason=TIMEOUT
2026-10-02T22:59:16 [DEBUG] flow_state: Flow finalized: flow_id=f414cd2d942282ad reason=TIMEOUT
2026-10-02T22:59:16 [DEBUG] flow_state: Flow finalized: flow_id=a0dab1b205685398 reason=TIMEOUT
2026-10-02T22:59:16 [DEBUG] engine: Inference: flow_id=71bbfb701f50e817 risk=0.3334 class=1 latency=0.20ms
2026-10-02T22:59:16 [DEBUG] engine: Inference: flow_id=f414cd2d942282ad risk=0.3334 class=1 latency=0.05ms
2026-10-02T22:59:16 [DEBUG] engine: Inference: flow_id=a0dab1b205685398 risk=0.3334 class=1 latency=0.03ms
2026-10-02T22:59:16 [DEBUG] flow_state: Skipping non-IP packet (159 similar messages suppressed)
2026-10-02T22:59:17 [DEBUG] flow_state: Skipping non-IP packet (146 similar messages suppressed)
2026-10-02T22:59:18 [DEBUG] flow_state: Skipping non-IP packet (129 similar messages suppressed)
2026-10-02T22:59:19 [DEBUG] flow_state: Skipping non-IP packet (136 similar messages suppressed)
2026-10-02T22:59:20 [DEBUG] flow_state: Skipping non-IP packet (132 similar messages suppressed)
2026-10-02T22:59:21 [DEBUG] flow_state: Skipping non-IP packet (131 similar messages suppressed)
2026-10-02T22:59:22 [DEBUG] flow_state: Skipping non-IP packet (129 similar messages suppressed)
2026-10-02T22:59:23 [DEBUG] flow_state: Skipping non-IP packet (163 similar messages suppressed)
2026-10-02T22:59:24 [DEBUG] flow_state: Flow finalized: flow_id=b3b9dd37fba5a410 reason=TIMEOUT
2026-10-02T22:59:24 [DEBUG] flow_state: Flow finalized: flow_id=6047b7465292a57b reason=TIMEOUT
2026-10-02T22:59:24 [DEBUG] engine: Inference: flow_id=b3b9dd37fba5a410 risk=0.3334 class=1 latency=0.19ms
2026-10-02T22:59:24 [DEBUG] engine: Inference: flow_id=6047b7465292a57b risk=0.3334 class=1 latency=0.05ms
2026-10-02T22:59:24 [DEBUG] flow_state: Skipping non-IP packet (143 similar messages suppressed)
2026-10-02T22:59:25 [DEBUG] flow_state: Skipping non-IP packet (145 similar messages suppressed)
2026-10-02T22:59:26 [DEBUG] flow_state: Skipping non-IP packet (141 similar messages suppressed)
2026-10-02T22:59:27 [DEBUG] flow_state: Flow finalized: flow_id=1be7d93920e3ebc9 reason=TIMEOUT
2026-10-02T22:59:27 [DEBUG] flow_state: Flow finalized: flow_id=5fb52ad3ec7d3e48 reason=TIMEOUT
2026-10-02T22:59:27 [DEBUG] flow_state: Flow finalized: flow_id=9b9f982e34e645fa reason=TIMEOUT
2026-10-02T22:59:27 [DEBUG] engine: Inference: flow_id=1be7d93920e3ebc9 risk=0.3334 class=1 latency=0.23ms
2026-10-02T22:59:27 [DEBUG] engine: Inference: flow_id=5fb52ad3ec7d3e48 risk=0.3334 class=1 latency=0.10ms
2026-10-02T22:59:27 [DEBUG] engine: Inference: flow_id=9b9f982e34e645fa risk=0.3334 class=1 latency=0.04ms
2026-10-02T22:59:27 [DEBUG] flow_state: Skipping non-IP packet (134 similar messages suppressed)
2026-10-02T22:59:28 [DEBUG] flow_state: Skipping non-IP packet (127 similar messages suppressed)
2026-10-02T22:59:29 [DEBUG] flow_state: Skipping non-IP packet (131 similar messages suppressed)
2026-10-02T22:59:31 [DEBUG] flow_state: Skipping non-IP packet (129 similar messages suppressed)
2026-10-02T22:59:32 [DEBUG] flow_state: Skipping non-IP packet (130 similar messages suppressed)
2026-10-02T22:59:33 [DEBUG] flow_state: Skipping non-IP packet (136 similar messages suppressed)
2026-10-02T22:59:33 [DEBUG] flow_state: Flow finalized: flow_id=ad1571a3542ec1ea reason=TIMEOUT
2026-10-02T22:59:33 [DEBUG] engine: Inference: flow_id=ad1571a3542ec1ea risk=0.3334 class=1 latency=0.12ms
2026-10-02T22:59:34 [DEBUG] flow_state: Skipping non-IP packet (145 similar messages suppressed)
2026-10-02T22:59:35 [DEBUG] flow_state: Skipping non-IP packet (137 similar messages suppressed)
2026-10-02T22:59:36 [DEBUG] flow_state: Skipping non-IP packet (143 similar messages suppressed)
2026-10-02T22:59:37 [DEBUG] flow_state: Skipping non-IP packet (137 similar messages suppressed)
2026-10-02T22:59:38 [DEBUG] flow_state: Skipping non-IP packet (143 similar messages suppressed)
2026-10-02T22:59:39 [DEBUG] flow_state: Skipping non-IP packet (141 similar messages suppressed)
2026-10-02T22:59:39 [DEBUG] flow_state: Flow finalized: flow_id=e12775f753b75462 reason=TIMEOUT
2026-10-02T22:59:39 [DEBUG] engine: Inference: flow_id=e12775f753b75462 risk=0.3334 class=1 latency=0.09ms
2026-10-02T22:59:40 [DEBUG] flow_state: Skipping non-IP packet (133 similar messages suppressed)
2026-10-02T22:59:41 [DEBUG] flow_state: Skipping non-IP packet (127 similar messages suppressed)
2026-10-02T22:59:42 [DEBUG] flow_state: Skipping non-IP packet (143 similar messages suppressed)
2026-10-02T22:59:43 [DEBUG] flow_state: Skipping non-IP packet (134 similar messages suppressed)
2026-10-02T22:59:44 [DEBUG] flow_state: Skipping non-IP packet (163 similar messages suppressed)
2026-10-02T22:59:45 [DEBUG] flow_state: Skipping non-IP packet (121 similar messages suppressed)
2026-10-02T22:59:45 [DEBUG] flow_state: Flow finalized: flow_id=9083626eb2ce9f6f reason=TIMEOUT
2026-10-02T22:59:45 [DEBUG] flow_state: Flow finalized: flow_id=0ca475a5735ce30e reason=TIMEOUT
2026-10-02T22:59:45 [DEBUG] flow_state: Flow finalized: flow_id=928e22637c9a6265 reason=TIMEOUT
2026-10-02T22:59:45 [DEBUG] engine: Inference: flow_id=9083626eb2ce9f6f risk=0.3334 class=1 latency=0.11ms
2026-10-02T22:59:45 [DEBUG] engine: Inference: flow_id=0ca475a5735ce30e risk=0.3334 class=1 latency=0.03ms
2026-10-02T22:59:45 [DEBUG] engine: Inference: flow_id=928e22637c9a6265 risk=0.3334 class=1 latency=0.02ms
2026-10-02T22:59:46 [DEBUG] flow_state: Skipping non-IP packet (150 similar messages suppressed)
2026-10-02T22:59:47 [DEBUG] flow_state: Skipping non-IP packet (133 similar messages suppressed)
2026-10-02T22:59:48 [DEBUG] flow_state: Skipping non-IP packet (144 similar messages suppressed)
2026-10-02T22:59:49 [DEBUG] flow_state: Skipping non-IP packet (127 similar messages suppressed)
2026-10-02T22:59:50 [DEBUG] flow_state: Skipping non-IP packet (156 similar messages suppressed)
2026-10-02T22:59:51 [DEBUG] flow_state: Skipping non-IP packet (144 similar messages suppressed)
2026-10-02T22:59:52 [DEBUG] flow_state: Skipping non-IP packet (138 similar messages suppressed)
2026-10-02T22:59:53 [DEBUG] flow_state: Skipping non-IP packet (135 similar messages suppressed)
2026-10-02T22:59:54 [DEBUG] flow_state: Skipping non-IP packet (133 similar messages suppressed)
2026-10-02T22:59:54 [DEBUG] flow_state: Flow finalized: flow_id=c72f73668af6b7e7 reason=TIMEOUT
2026-10-02T22:59:54 [DEBUG] flow_state: Flow finalized: flow_id=a20344ef84dec50c reason=TIMEOUT
2026-10-02T22:59:54 [DEBUG] engine: Inference: flow_id=c72f73668af6b7e7 risk=0.3334 class=1 latency=0.16ms
2026-10-02T22:59:54 [DEBUG] engine: Inference: flow_id=a20344ef84dec50c risk=0.3334 class=1 latency=0.03ms
2026-10-02T22:59:55 [DEBUG] flow_state: Skipping non-IP packet (139 similar messages suppressed)
2026-10-02T22:59:56 [DEBUG] flow_state: Skipping non-IP packet (144 similar messages suppressed)
2026-10-02T22:59:57 [DEBUG] flow_state: Skipping non-IP packet (137 similar messages suppressed)
2026-10-02T22:59:57 [DEBUG] flow_state: Flow finalized: flow_id=4941a30675f0b98c reason=TIMEOUT
2026-10-02T22:59:57 [DEBUG] flow_state: Flow finalized: flow_id=490412d01e224b33 reason=TIMEOUT
2026-10-02T22:59:57 [DEBUG] flow_state: Flow finalized: flow_id=c57220ee5144f191 reason=TIMEOUT
2026-10-02T22:59:57 [DEBUG] engine: Inference: flow_id=4941a30675f0b98c risk=0.3334 class=1 latency=0.11ms
2026-10-02T22:59:57 [DEBUG] engine: Inference: flow_id=490412d01e224b33 risk=0.3334 class=1 latency=0.03ms
2026-10-02T22:59:57 [DEBUG] engine: Inference: flow_id=c57220ee5144f191 risk=0.3334 class=1 latency=0.02ms
2026-10-02T22:59:58 [DEBUG] flow_state: Skipping non-IP packet (146 similar messages suppressed)
2026-10-02T22:59:59 [DEBUG] flow_state: Skipping non-IP packet (163 similar messages suppressed)
2026-10-02T23:00:00 [DEBUG] flow_state: Skipping non-IP packet (131 similar messages suppressed)
2026-10-02T23:00:01 [DEBUG] flow_state: Skipping non-IP packet (141 similar messages suppressed)
2026-10-02T23:00:02 [DEBUG] flow_state: Skipping non-IP packet (124 similar messages suppressed)
2026-10-02T23:00:02 [DEBUG] flow_state: Flow finalized: flow_id=c013e5275892ee8c reason=TIMEOUT
2026-10-02T23:00:02 [DEBUG] engine: Inference: flow_id=c013e5275892ee8c risk=0.3334 class=1 latency=0.08ms
2026-10-02T23:00:03 [DEBUG] flow_state: Skipping non-IP packet (127 similar messages suppressed)
2026-10-02T23:00:04 [DEBUG] flow_state: Skipping non-IP packet (129 similar messages suppressed)
2026-10-02T23:00:05 [DEBUG] flow_state: Skipping non-IP packet (148 similar messages suppressed)
2026-10-02T23:00:06 [DEBUG] flow_state: Skipping non-IP packet (122 similar messages suppressed)
2026-10-02T23:00:07 [DEBUG] flow_state: Skipping non-IP packet (133 similar messages suppressed)
2026-10-02T23:00:08 [DEBUG] flow_state: Skipping non-IP packet (135 similar messages suppressed)
2026-10-02T23:00:09 [DEBUG] flow_state: Skipping non-IP packet (131 similar messages suppressed)
2026-10-02T23:00:10 [DEBUG] flow_state: Flow finalized: flow_id=0c51db18ab63690f reason=TIMEOUT
2026-10-02T23:00:10 [DEBUG] engine: Inference: flow_id=0c51db18ab63690f risk=0.3334 class=1 latency=0.14ms
2026-10-02T23:00:10 [DEBUG] flow_state: Skipping non-IP packet (134 similar messages suppressed)
2026-10-02T23:00:11 [DEBUG] flow_state: Skipping non-IP packet (133 similar messages suppressed)
2026-10-02T23:00:12 [DEBUG] flow_state: Skipping non-IP packet (138 similar messages suppressed)
2026-10-02T23:00:13 [DEBUG] flow_state: Skipping non-IP packet (144 similar messages suppressed)
2026-10-02T23:00:14 [DEBUG] flow_state: Skipping non-IP packet (133 similar messages suppressed)
2026-10-02T23:00:15 [DEBUG] flow_state: Skipping non-IP packet (137 similar messages suppressed)
2026-10-02T23:00:16 [DEBUG] flow_state: Flow finalized: flow_id=0ee29d46952de47f reason=TIMEOUT
2026-10-02T23:00:16 [DEBUG] flow_state: Flow finalized: flow_id=e9ddb695a058d632 reason=TIMEOUT
2026-10-02T23:00:16 [DEBUG] flow_state: Flow finalized: flow_id=545d692c6a02ef89 reason=TIMEOUT
2026-10-02T23:00:16 [DEBUG] engine: Inference: flow_id=0ee29d46952de47f risk=0.3334 class=1 latency=0.21ms
2026-10-02T23:00:16 [DEBUG] engine: Inference: flow_id=e9ddb695a058d632 risk=0.3334 class=1 latency=0.11ms
2026-10-02T23:00:16 [DEBUG] engine: Inference: flow_id=545d692c6a02ef89 risk=0.3334 class=1 latency=0.04ms
2026-10-02T23:00:16 [DEBUG] flow_state: Skipping non-IP packet (142 similar messages suppressed)
2026-10-02T23:00:17 [DEBUG] flow_state: Skipping non-IP packet (128 similar messages suppressed)
2026-10-02T23:00:18 [DEBUG] flow_state: Skipping non-IP packet (147 similar messages suppressed)
2026-10-02T23:00:19 [DEBUG] flow_state: Skipping non-IP packet (127 similar messages suppressed)
2026-10-02T23:00:20 [DEBUG] flow_state: Skipping non-IP packet (144 similar messages suppressed)
2026-10-02T23:00:21 [DEBUG] flow_state: Skipping non-IP packet (146 similar messages suppressed)
2026-10-02T23:00:22 [DEBUG] flow_state: Skipping non-IP packet (141 similar messages suppressed)
2026-10-02T23:00:23 [DEBUG] flow_state: Skipping non-IP packet (149 similar messages suppressed)
2026-10-02T23:00:24 [DEBUG] flow_state: Flow finalized: flow_id=1eed293c22a0eeb6 reason=TIMEOUT
2026-10-02T23:00:24 [DEBUG] flow_state: Flow finalized: flow_id=1e25c9244540c405 reason=TIMEOUT
2026-10-02T23:00:24 [DEBUG] engine: Inference: flow_id=1eed293c22a0eeb6 risk=0.3334 class=1 latency=0.25ms
2026-10-02T23:00:24 [DEBUG] engine: Inference: flow_id=1e25c9244540c405 risk=0.3334 class=1 latency=0.07ms
2026-10-02T23:00:24 [DEBUG] flow_state: Skipping non-IP packet (122 similar messages suppressed)
2026-10-02T23:00:25 [DEBUG] flow_state: Skipping non-IP packet (137 similar messages suppressed)
2026-10-02T23:00:26 [DEBUG] flow_state: Skipping non-IP packet (141 similar messages suppressed)
2026-10-02T23:00:27 [DEBUG] flow_state: Skipping non-IP packet (153 similar messages suppressed)
2026-10-02T23:00:28 [DEBUG] flow_state: Flow finalized: flow_id=6289bc6dfd1089c6 reason=TIMEOUT
2026-10-02T23:00:28 [DEBUG] flow_state: Flow finalized: flow_id=d6c6f40adf89ebe9 reason=TIMEOUT
2026-10-02T23:00:28 [DEBUG] flow_state: Flow finalized: flow_id=84f421090444a74b reason=TIMEOUT
2026-10-02T23:00:28 [DEBUG] engine: Inference: flow_id=6289bc6dfd1089c6 risk=0.3334 class=1 latency=0.13ms
2026-10-02T23:00:28 [DEBUG] engine: Inference: flow_id=d6c6f40adf89ebe9 risk=0.3334 class=1 latency=0.03ms
2026-10-02T23:00:28 [DEBUG] engine: Inference: flow_id=84f421090444a74b risk=0.3334 class=1 latency=0.02ms
2026-10-02T23:00:28 [DEBUG] flow_state: Skipping non-IP packet (145 similar messages suppressed)
2026-10-02T23:00:29 [DEBUG] flow_state: Skipping non-IP packet (136 similar messages suppressed)
2026-10-02T23:00:30 [DEBUG] flow_state: Skipping non-IP packet (123 similar messages suppressed)
2026-10-02T23:00:31 [DEBUG] flow_state: Skipping non-IP packet (132 similar messages suppressed)
2026-10-02T23:00:32 [DEBUG] flow_state: Skipping non-IP packet (139 similar messages suppressed)
2026-10-02T23:00:33 [DEBUG] flow_state: Flow finalized: flow_id=90bf1900738c8e51 reason=TIMEOUT
2026-10-02T23:00:33 [DEBUG] engine: Inference: flow_id=90bf1900738c8e51 risk=0.3334 class=1 latency=0.08ms
2026-10-02T23:00:33 [DEBUG] flow_state: Skipping non-IP packet (143 similar messages suppressed)
2026-10-02T23:00:34 [DEBUG] flow_state: Skipping non-IP packet (152 similar messages suppressed)
2026-10-02T23:00:35 [DEBUG] flow_state: Skipping non-IP packet (145 similar messages suppressed)
2026-10-02T23:00:36 [DEBUG] flow_state: Skipping non-IP packet (145 similar messages suppressed)
2026-10-02T23:00:37 [DEBUG] flow_state: Skipping non-IP packet (129 similar messages suppressed)
2026-10-02T23:00:38 [DEBUG] flow_state: Skipping non-IP packet (131 similar messages suppressed)
2026-10-02T23:00:39 [DEBUG] flow_state: Skipping non-IP packet (136 similar messages suppressed)
2026-10-02T23:00:40 [DEBUG] flow_state: Flow finalized: flow_id=f363d73c061d4766 reason=TIMEOUT
2026-10-02T23:00:40 [DEBUG] engine: Inference: flow_id=f363d73c061d4766 risk=0.3334 class=1 latency=0.08ms
2026-10-02T23:00:40 [DEBUG] flow_state: Skipping non-IP packet (137 similar messages suppressed)
2026-10-02T23:00:41 [DEBUG] flow_state: Skipping non-IP packet (149 similar messages suppressed)
2026-10-02T23:00:43 [DEBUG] flow_state: Skipping non-IP packet (145 similar messages suppressed)
2026-10-02T23:00:44 [DEBUG] flow_state: Skipping non-IP packet (119 similar messages suppressed)
2026-10-02T23:00:45 [DEBUG] flow_state: Skipping non-IP packet (153 similar messages suppressed)
2026-10-02T23:00:46 [DEBUG] flow_state: Skipping non-IP packet (135 similar messages suppressed)
2026-10-02T23:00:46 [DEBUG] flow_state: Flow finalized: flow_id=35dc785b24d6a165 reason=TIMEOUT
2026-10-02T23:00:46 [DEBUG] flow_state: Flow finalized: flow_id=0abb181078eacad9 reason=TIMEOUT
2026-10-02T23:00:46 [DEBUG] flow_state: Flow finalized: flow_id=26a640c93acdf8da reason=TIMEOUT
2026-10-02T23:00:46 [DEBUG] engine: Inference: flow_id=35dc785b24d6a165 risk=0.3334 class=1 latency=0.64ms
2026-10-02T23:00:46 [DEBUG] engine: Inference: flow_id=0abb181078eacad9 risk=0.3334 class=1 latency=0.06ms
2026-10-02T23:00:46 [DEBUG] engine: Inference: flow_id=26a640c93acdf8da risk=0.3334 class=1 latency=0.03ms
2026-10-02T23:00:47 [DEBUG] flow_state: Skipping non-IP packet (120 similar messages suppressed)
2026-10-02T23:00:48 [DEBUG] flow_state: Skipping non-IP packet (123 similar messages suppressed)
2026-10-02T23:00:49 [DEBUG] flow_state: Skipping non-IP packet (118 similar messages suppressed)
2026-10-02T23:00:50 [DEBUG] flow_state: Skipping non-IP packet (126 similar messages suppressed)
2026-10-02T23:00:51 [DEBUG] flow_state: Skipping non-IP packet (145 similar messages suppressed)
2026-10-02T23:00:52 [DEBUG] flow_state: Skipping non-IP packet (131 similar messages suppressed)
2026-10-02T23:00:53 [DEBUG] flow_state: Skipping non-IP packet (132 similar messages suppressed)
2026-10-02T23:00:54 [DEBUG] flow_state: Skipping non-IP packet (142 similar messages suppressed)
2026-10-02T23:00:54 [DEBUG] flow_state: Flow finalized: flow_id=9531b13a25ec044d reason=TIMEOUT
2026-10-02T23:00:54 [DEBUG] flow_state: Flow finalized: flow_id=55c88615b0984273 reason=TIMEOUT
2026-10-02T23:00:54 [DEBUG] engine: Inference: flow_id=9531b13a25ec044d risk=0.3334 class=1 latency=0.16ms
2026-10-02T23:00:54 [DEBUG] engine: Inference: flow_id=55c88615b0984273 risk=0.3334 class=1 latency=0.03ms
2026-10-02T23:00:55 [DEBUG] flow_state: Skipping non-IP packet (124 similar messages suppressed)
2026-10-02T23:00:56 [DEBUG] flow_state: Skipping non-IP packet (139 similar messages suppressed)
2026-10-02T23:00:57 [DEBUG] flow_state: Skipping non-IP packet (137 similar messages suppressed)
2026-10-02T23:00:57 [DEBUG] flow_state: Flow finalized: flow_id=fe39135cfa09a92e reason=TIMEOUT
2026-10-02T23:00:57 [DEBUG] flow_state: Flow finalized: flow_id=03da3eb05c50f8d2 reason=TIMEOUT
2026-10-02T23:00:57 [DEBUG] flow_state: Flow finalized: flow_id=2d21965dbc501b9a reason=TIMEOUT
2026-10-02T23:00:57 [DEBUG] engine: Inference: flow_id=fe39135cfa09a92e risk=0.3334 class=1 latency=0.18ms
2026-10-02T23:00:57 [DEBUG] engine: Inference: flow_id=03da3eb05c50f8d2 risk=0.3334 class=1 latency=0.03ms
2026-10-02T23:00:57 [DEBUG] engine: Inference: flow_id=2d21965dbc501b9a risk=0.3334 class=1 latency=0.05ms
2026-10-02T23:00:58 [DEBUG] flow_state: Skipping non-IP packet (106 similar messages suppressed)
2026-10-02T23:00:59 [DEBUG] flow_state: Skipping non-IP packet (139 similar messages suppressed)
2026-10-02T23:01:00 [DEBUG] flow_state: Skipping non-IP packet (133 similar messages suppressed)
2026-10-02T23:01:01 [DEBUG] flow_state: Skipping non-IP packet (141 similar messages suppressed)
2026-10-02T23:01:02 [DEBUG] flow_state: Skipping non-IP packet (136 similar messages suppressed)
2026-10-02T23:01:03 [DEBUG] flow_state: Skipping non-IP packet (133 similar messages suppressed)
2026-10-02T23:01:03 [DEBUG] flow_state: Flow finalized: flow_id=125815fc160f353b reason=TIMEOUT
2026-10-02T23:01:03 [DEBUG] engine: Inference: flow_id=125815fc160f353b risk=0.3334 class=1 latency=0.10ms
2026-10-02T23:01:04 [DEBUG] flow_state: Skipping non-IP packet (140 similar messages suppressed)
2026-10-02T23:01:05 [DEBUG] flow_state: Skipping non-IP packet (142 similar messages suppressed)
2026-10-02T23:01:06 [DEBUG] flow_state: Skipping non-IP packet (139 similar messages suppressed)
2026-10-02T23:01:07 [DEBUG] flow_state: Skipping non-IP packet (129 similar messages suppressed)
2026-10-02T23:01:08 [DEBUG] flow_state: Skipping non-IP packet (139 similar messages suppressed)
2026-10-02T23:01:09 [DEBUG] flow_state: Skipping non-IP packet (127 similar messages suppressed)
2026-10-02T23:01:10 [DEBUG] flow_state: Skipping non-IP packet (137 similar messages suppressed)
2026-10-02T23:01:10 [DEBUG] flow_state: Flow finalized: flow_id=41f5c1eaf173e78b reason=TIMEOUT
2026-10-02T23:01:10 [DEBUG] engine: Inference: flow_id=41f5c1eaf173e78b risk=0.3334 class=1 latency=0.12ms
2026-10-02T23:01:11 [DEBUG] flow_state: Skipping non-IP packet (130 similar messages suppressed)
2026-10-02T23:01:12 [DEBUG] flow_state: Skipping non-IP packet (141 similar messages suppressed)
2026-10-02T23:01:13 [DEBUG] flow_state: Skipping non-IP packet (135 similar messages suppressed)
2026-10-02T23:01:14 [DEBUG] flow_state: Skipping non-IP packet (141 similar messages suppressed)
2026-10-02T23:01:15 [DEBUG] flow_state: Skipping non-IP packet (137 similar messages suppressed)
2026-10-02T23:01:16 [DEBUG] flow_state: Skipping non-IP packet (139 similar messages suppressed)
2026-10-02T23:01:16 [DEBUG] flow_state: Flow finalized: flow_id=34aec2dee2359472 reason=TIMEOUT
2026-10-02T23:01:16 [DEBUG] flow_state: Flow finalized: flow_id=085bf130004f1940 reason=TIMEOUT
2026-10-02T23:01:16 [DEBUG] flow_state: Flow finalized: flow_id=084ce80e417ca38c reason=TIMEOUT
2026-10-02T23:01:16 [DEBUG] engine: Inference: flow_id=34aec2dee2359472 risk=0.3334 class=1 latency=0.15ms
2026-10-02T23:01:16 [DEBUG] engine: Inference: flow_id=085bf130004f1940 risk=0.3334 class=1 latency=0.05ms
2026-10-02T23:01:16 [DEBUG] engine: Inference: flow_id=084ce80e417ca38c risk=0.3334 class=1 latency=0.02ms
2026-10-02T23:01:17 [DEBUG] flow_state: Skipping non-IP packet (138 similar messages suppressed)
2026-10-02T23:01:18 [DEBUG] flow_state: Skipping non-IP packet (139 similar messages suppressed)
2026-10-02T23:01:19 [DEBUG] flow_state: Skipping non-IP packet (151 similar messages suppressed)
2026-10-02T23:01:20 [DEBUG] flow_state: Skipping non-IP packet (135 similar messages suppressed)
2026-10-02T23:01:21 [DEBUG] flow_state: Skipping non-IP packet (136 similar messages suppressed)
2026-10-02T23:01:22 [DEBUG] flow_state: Skipping non-IP packet (135 similar messages suppressed)
2026-10-02T23:01:23 [DEBUG] flow_state: Skipping non-IP packet (135 similar messages suppressed)
2026-10-02T23:01:24 [DEBUG] flow_state: Flow finalized: flow_id=39e7dc28ec06e378 reason=TIMEOUT
2026-10-02T23:01:24 [DEBUG] flow_state: Flow finalized: flow_id=261e54b6f188d3d1 reason=TIMEOUT
2026-10-02T23:01:24 [DEBUG] engine: Inference: flow_id=39e7dc28ec06e378 risk=0.3334 class=1 latency=0.20ms
2026-10-02T23:01:24 [DEBUG] engine: Inference: flow_id=261e54b6f188d3d1 risk=0.3334 class=1 latency=0.07ms
2026-10-02T23:01:24 [DEBUG] flow_state: Skipping non-IP packet (144 similar messages suppressed)
2026-10-02T23:01:25 [DEBUG] flow_state: Skipping non-IP packet (160 similar messages suppressed)
2026-10-02T23:01:26 [DEBUG] flow_state: Skipping non-IP packet (137 similar messages suppressed)
2026-10-02T23:01:27 [DEBUG] flow_state: Flow finalized: flow_id=41a5577b09bdbae2 reason=TIMEOUT
2026-10-02T23:01:27 [DEBUG] flow_state: Flow finalized: flow_id=9c30ae1cb7736f65 reason=TIMEOUT
2026-10-02T23:01:27 [DEBUG] flow_state: Flow finalized: flow_id=2118d39c40b41a2f reason=TIMEOUT
2026-10-02T23:01:27 [DEBUG] engine: Inference: flow_id=41a5577b09bdbae2 risk=0.3334 class=1 latency=0.18ms
2026-10-02T23:01:27 [DEBUG] engine: Inference: flow_id=9c30ae1cb7736f65 risk=0.3334 class=1 latency=0.05ms
2026-10-02T23:01:27 [DEBUG] engine: Inference: flow_id=2118d39c40b41a2f risk=0.3334 class=1 latency=0.03ms
2026-10-02T23:01:27 [DEBUG] flow_state: Skipping non-IP packet (143 similar messages suppressed)
2026-10-02T23:01:28 [DEBUG] flow_state: Skipping non-IP packet (140 similar messages suppressed)
2026-10-02T23:01:29 [DEBUG] flow_state: Skipping non-IP packet (126 similar messages suppressed)
2026-10-02T23:01:30 [DEBUG] flow_state: Skipping non-IP packet (139 similar messages suppressed)
2026-10-02T23:01:31 [DEBUG] flow_state: Skipping non-IP packet (149 similar messages suppressed)
2026-10-02T23:01:32 [DEBUG] flow_state: Skipping non-IP packet (147 similar messages suppressed)
2026-10-02T23:01:33 [DEBUG] flow_state: Flow finalized: flow_id=97ba7a88616bedcd reason=TIMEOUT
2026-10-02T23:01:33 [DEBUG] engine: Inference: flow_id=97ba7a88616bedcd risk=0.3334 class=1 latency=0.57ms
2026-10-02T23:01:33 [DEBUG] flow_state: Skipping non-IP packet (125 similar messages suppressed)
2026-10-02T23:01:34 [DEBUG] flow_state: Skipping non-IP packet (136 similar messages suppressed)
2026-10-02T23:01:35 [DEBUG] flow_state: Skipping non-IP packet (148 similar messages suppressed)
2026-10-02T23:01:36 [DEBUG] flow_state: Skipping non-IP packet (132 similar messages suppressed)
2026-10-02T23:01:37 [DEBUG] flow_state: Skipping non-IP packet (136 similar messages suppressed)
2026-10-02T23:01:38 [DEBUG] flow_state: Skipping non-IP packet (136 similar messages suppressed)
2026-10-02T23:01:39 [DEBUG] flow_state: Flow finalized: flow_id=6886ebb2eb2b7fcf reason=TIMEOUT
2026-10-02T23:01:39 [DEBUG] engine: Inference: flow_id=6886ebb2eb2b7fcf risk=0.3334 class=1 latency=0.15ms
2026-10-02T23:01:39 [DEBUG] flow_state: Skipping non-IP packet (121 similar messages suppressed)
2026-10-02T23:01:40 [DEBUG] flow_state: Skipping non-IP packet (144 similar messages suppressed)
2026-10-02T23:01:41 [DEBUG] flow_state: Skipping non-IP packet (127 similar messages suppressed)
2026-10-02T23:01:42 [DEBUG] flow_state: Skipping non-IP packet (147 similar messages suppressed)
2026-10-02T23:01:43 [DEBUG] flow_state: Skipping non-IP packet (137 similar messages suppressed)
2026-10-02T23:01:44 [DEBUG] flow_state: Skipping non-IP packet (153 similar messages suppressed)
2026-10-02T23:01:45 [DEBUG] flow_state: Flow finalized: flow_id=527df8617165541a reason=TIMEOUT
2026-10-02T23:01:45 [DEBUG] flow_state: Flow finalized: flow_id=e7272af67cdd3d25 reason=TIMEOUT
2026-10-02T23:01:45 [DEBUG] flow_state: Flow finalized: flow_id=ce4b8bbbb11633d6 reason=TIMEOUT
2026-10-02T23:01:45 [DEBUG] engine: Inference: flow_id=527df8617165541a risk=0.3334 class=1 latency=0.09ms
2026-10-02T23:01:45 [DEBUG] engine: Inference: flow_id=e7272af67cdd3d25 risk=0.3334 class=1 latency=0.03ms
2026-10-02T23:01:45 [DEBUG] engine: Inference: flow_id=ce4b8bbbb11633d6 risk=0.3334 class=1 latency=0.02ms
2026-10-02T23:01:45 [DEBUG] flow_state: Skipping non-IP packet (139 similar messages suppressed)
2026-10-02T23:01:46 [DEBUG] flow_state: Skipping non-IP packet (132 similar messages suppressed)
2026-10-02T23:01:47 [DEBUG] flow_state: Skipping non-IP packet (131 similar messages suppressed)
2026-10-02T23:01:48 [DEBUG] flow_state: Skipping non-IP packet (153 similar messages suppressed)
2026-10-02T23:01:49 [DEBUG] flow_state: Skipping non-IP packet (125 similar messages suppressed)
2026-10-02T23:01:51 [DEBUG] flow_state: Skipping non-IP packet (137 similar messages suppressed)
2026-10-02T23:01:52 [DEBUG] flow_state: Skipping non-IP packet (129 similar messages suppressed)
2026-10-02T23:01:53 [DEBUG] flow_state: Skipping non-IP packet (137 similar messages suppressed)
2026-10-02T23:01:54 [DEBUG] flow_state: Skipping non-IP packet (145 similar messages suppressed)
2026-10-02T23:01:54 [DEBUG] flow_state: Flow finalized: flow_id=7d5c0b8658ebeb70 reason=TIMEOUT
2026-10-02T23:01:54 [DEBUG] flow_state: Flow finalized: flow_id=303eb7e40c671eb6 reason=TIMEOUT
2026-10-02T23:01:54 [DEBUG] engine: Inference: flow_id=7d5c0b8658ebeb70 risk=0.3334 class=1 latency=0.08ms
2026-10-02T23:01:54 [DEBUG] engine: Inference: flow_id=303eb7e40c671eb6 risk=0.3334 class=1 latency=0.03ms
2026-10-02T23:01:55 [DEBUG] flow_state: Skipping non-IP packet (146 similar messages suppressed)
2026-10-02T23:01:56 [DEBUG] flow_state: Skipping non-IP packet (139 similar messages suppressed)
2026-10-02T23:01:57 [DEBUG] flow_state: Skipping non-IP packet (137 similar messages suppressed)
2026-10-02T23:01:57 [DEBUG] flow_state: Flow finalized: flow_id=b5a79b406de0039e reason=TIMEOUT
2026-10-02T23:01:57 [DEBUG] flow_state: Flow finalized: flow_id=78eee4b7b42a5621 reason=TIMEOUT
2026-10-02T23:01:57 [DEBUG] flow_state: Flow finalized: flow_id=b9af0cf5e51385e1 reason=TIMEOUT
2026-10-02T23:01:57 [DEBUG] engine: Inference: flow_id=b5a79b406de0039e risk=0.3334 class=1 latency=0.08ms
2026-10-02T23:01:57 [DEBUG] engine: Inference: flow_id=78eee4b7b42a5621 risk=0.3334 class=1 latency=0.03ms
2026-10-02T23:01:57 [DEBUG] engine: Inference: flow_id=b9af0cf5e51385e1 risk=0.3334 class=1 latency=0.02ms
2026-10-02T23:01:58 [DEBUG] flow_state: Skipping non-IP packet (123 similar messages suppressed)
2026-10-02T23:01:59 [DEBUG] flow_state: Skipping non-IP packet (145 similar messages suppressed)
2026-10-02T23:02:00 [DEBUG] flow_state: Skipping non-IP packet (115 similar messages suppressed)
2026-10-02T23:02:01 [DEBUG] flow_state: Skipping non-IP packet (123 similar messages suppressed)
2026-10-02T23:02:02 [DEBUG] flow_state: Skipping non-IP packet (143 similar messages suppressed)
2026-10-02T23:02:02 [DEBUG] flow_state: Flow finalized: flow_id=1a177fc30ae22801 reason=TIMEOUT
2026-10-02T23:02:02 [DEBUG] engine: Inference: flow_id=1a177fc30ae22801 risk=0.3334 class=1 latency=0.19ms
2026-10-02T23:02:03 [DEBUG] flow_state: Skipping non-IP packet (137 similar messages suppressed)
2026-10-02T23:02:04 [DEBUG] flow_state: Skipping non-IP packet (135 similar messages suppressed)
2026-10-02T23:02:05 [DEBUG] flow_state: Skipping non-IP packet (164 similar messages suppressed)
2026-10-02T23:02:06 [DEBUG] flow_state: Skipping non-IP packet (133 similar messages suppressed)
2026-10-02T23:02:07 [DEBUG] flow_state: Skipping non-IP packet (146 similar messages suppressed)
2026-10-02T23:02:08 [DEBUG] flow_state: Skipping non-IP packet (143 similar messages suppressed)
2026-10-02T23:02:09 [DEBUG] flow_state: Skipping non-IP packet (138 similar messages suppressed)
2026-10-02T23:02:09 [DEBUG] flow_state: Flow finalized: flow_id=ff45e9ffd3567134 reason=TIMEOUT
2026-10-02T23:02:09 [DEBUG] engine: Inference: flow_id=ff45e9ffd3567134 risk=0.3334 class=1 latency=0.21ms
2026-10-02T23:02:10 [DEBUG] flow_state: Skipping non-IP packet (131 similar messages suppressed)
2026-10-02T23:02:11 [DEBUG] flow_state: Skipping non-IP packet (142 similar messages suppressed)
2026-10-02T23:02:12 [DEBUG] flow_state: Skipping non-IP packet (131 similar messages suppressed)
2026-10-02T23:02:13 [DEBUG] flow_state: Skipping non-IP packet (141 similar messages suppressed)
2026-10-02T23:02:14 [DEBUG] flow_state: Skipping non-IP packet (133 similar messages suppressed)
2026-10-02T23:02:15 [DEBUG] flow_state: Skipping non-IP packet (147 similar messages suppressed)
2026-10-02T23:02:15 [DEBUG] flow_state: Flow finalized: flow_id=f873c2107e30c83c reason=TIMEOUT
2026-10-02T23:02:15 [DEBUG] flow_state: Flow finalized: flow_id=5d5cda658ddf3191 reason=TIMEOUT
2026-10-02T23:02:15 [DEBUG] flow_state: Flow finalized: flow_id=ef29e0fd99fa2167 reason=TIMEOUT
2026-10-02T23:02:15 [DEBUG] engine: Inference: flow_id=f873c2107e30c83c risk=0.3334 class=1 latency=0.14ms
2026-10-02T23:02:15 [DEBUG] engine: Inference: flow_id=5d5cda658ddf3191 risk=0.3334 class=1 latency=0.03ms
2026-10-02T23:02:15 [DEBUG] engine: Inference: flow_id=ef29e0fd99fa2167 risk=0.3334 class=1 latency=0.02ms
2026-10-02T23:02:16 [DEBUG] flow_state: Skipping non-IP packet (134 similar messages suppressed)
2026-10-02T23:02:17 [DEBUG] flow_state: Skipping non-IP packet (145 similar messages suppressed)
2026-10-02T23:02:18 [DEBUG] flow_state: Skipping non-IP packet (133 similar messages suppressed)
2026-10-02T23:02:19 [DEBUG] flow_state: Skipping non-IP packet (135 similar messages suppressed)
2026-10-02T23:02:20 [DEBUG] flow_state: Skipping non-IP packet (127 similar messages suppressed)
2026-10-02T23:02:21 [DEBUG] flow_state: Skipping non-IP packet (141 similar messages suppressed)
2026-10-02T23:02:22 [DEBUG] flow_state: Skipping non-IP packet (125 similar messages suppressed)
2026-10-02T23:02:23 [DEBUG] flow_state: Skipping non-IP packet (131 similar messages suppressed)
2026-10-02T23:02:24 [DEBUG] flow_state: Skipping non-IP packet (140 similar messages suppressed)
2026-10-02T23:02:25 [DEBUG] flow_state: Flow finalized: flow_id=e753da852c43290a reason=TIMEOUT
2026-10-02T23:02:25 [DEBUG] flow_state: Flow finalized: flow_id=9578f103ccc3b1bc reason=TIMEOUT
2026-10-02T23:02:25 [DEBUG] engine: Inference: flow_id=e753da852c43290a risk=0.3334 class=1 latency=0.11ms
2026-10-02T23:02:25 [DEBUG] engine: Inference: flow_id=9578f103ccc3b1bc risk=0.3334 class=1 latency=0.03ms
2026-10-02T23:02:25 [DEBUG] flow_state: Skipping non-IP packet (135 similar messages suppressed)
2026-10-02T23:02:26 [DEBUG] flow_state: Skipping non-IP packet (130 similar messages suppressed)
2026-10-02T23:02:27 [DEBUG] flow_state: Skipping non-IP packet (134 similar messages suppressed)
2026-10-02T23:02:28 [DEBUG] flow_state: Flow finalized: flow_id=e9223c5f777f9035 reason=TIMEOUT
2026-10-02T23:02:28 [DEBUG] flow_state: Flow finalized: flow_id=1c696ed321fd27dc reason=TIMEOUT
2026-10-02T23:02:28 [DEBUG] flow_state: Flow finalized: flow_id=e64036fa9aa07207 reason=TIMEOUT
2026-10-02T23:02:28 [DEBUG] engine: Inference: flow_id=e9223c5f777f9035 risk=0.3334 class=1 latency=0.13ms
2026-10-02T23:02:28 [DEBUG] engine: Inference: flow_id=1c696ed321fd27dc risk=0.3334 class=1 latency=0.04ms
2026-10-02T23:02:28 [DEBUG] engine: Inference: flow_id=e64036fa9aa07207 risk=0.3334 class=1 latency=0.02ms
2026-10-02T23:02:28 [DEBUG] flow_state: Skipping non-IP packet (154 similar messages suppressed)
2026-10-02T23:02:29 [DEBUG] flow_state: Skipping non-IP packet (121 similar messages suppressed)
2026-10-02T23:02:30 [DEBUG] flow_state: Skipping non-IP packet (153 similar messages suppressed)
2026-10-02T23:02:31 [DEBUG] flow_state: Skipping non-IP packet (140 similar messages suppressed)
2026-10-02T23:02:32 [DEBUG] flow_state: Skipping non-IP packet (133 similar messages suppressed)
2026-10-02T23:02:33 [DEBUG] flow_state: Flow finalized: flow_id=3b821e299bf6e00d reason=TIMEOUT
2026-10-02T23:02:33 [DEBUG] engine: Inference: flow_id=3b821e299bf6e00d risk=0.3334 class=1 latency=1.33ms
2026-10-02T23:02:33 [DEBUG] flow_state: Skipping non-IP packet (147 similar messages suppressed)
2026-10-02T23:02:34 [DEBUG] flow_state: Skipping non-IP packet (133 similar messages suppressed)
2026-10-02T23:02:35 [DEBUG] flow_state: Skipping non-IP packet (131 similar messages suppressed)
2026-10-02T23:02:36 [DEBUG] flow_state: Skipping non-IP packet (131 similar messages suppressed)
2026-10-02T23:02:37 [DEBUG] flow_state: Skipping non-IP packet (145 similar messages suppressed)
2026-10-02T23:02:38 [DEBUG] flow_state: Skipping non-IP packet (117 similar messages suppressed)
2026-10-02T23:02:39 [DEBUG] flow_state: Skipping non-IP packet (157 similar messages suppressed)
2026-10-02T23:02:40 [DEBUG] flow_state: Flow finalized: flow_id=63c00d8c252a31a5 reason=TIMEOUT
2026-10-02T23:02:40 [DEBUG] engine: Inference: flow_id=63c00d8c252a31a5 risk=0.3334 class=1 latency=0.22ms
2026-10-02T23:02:40 [DEBUG] flow_state: Skipping non-IP packet (148 similar messages suppressed)
2026-10-02T23:02:41 [DEBUG] flow_state: Skipping non-IP packet (129 similar messages suppressed)
2026-10-02T23:02:42 [DEBUG] flow_state: Skipping non-IP packet (131 similar messages suppressed)
2026-10-02T23:02:43 [DEBUG] flow_state: Skipping non-IP packet (133 similar messages suppressed)
2026-10-02T23:02:44 [DEBUG] flow_state: Skipping non-IP packet (139 similar messages suppressed)
2026-10-02T23:02:45 [DEBUG] flow_state: Skipping non-IP packet (125 similar messages suppressed)
2026-10-02T23:02:46 [DEBUG] flow_state: Flow finalized: flow_id=d27b6da4d059c9cb reason=TIMEOUT
2026-10-02T23:02:46 [DEBUG] flow_state: Flow finalized: flow_id=64b85a2909769269 reason=TIMEOUT
2026-10-02T23:02:46 [DEBUG] flow_state: Flow finalized: flow_id=03f55e3dfce8998e reason=TIMEOUT
2026-10-02T23:02:46 [DEBUG] engine: Inference: flow_id=d27b6da4d059c9cb risk=0.3334 class=1 latency=0.18ms
2026-10-02T23:02:46 [DEBUG] engine: Inference: flow_id=64b85a2909769269 risk=0.3334 class=1 latency=0.04ms
2026-10-02T23:02:46 [DEBUG] engine: Inference: flow_id=03f55e3dfce8998e risk=0.3334 class=1 latency=0.03ms
2026-10-02T23:02:47 [DEBUG] flow_state: Skipping non-IP packet (132 similar messages suppressed)
2026-10-02T23:02:48 [DEBUG] flow_state: Skipping non-IP packet (145 similar messages suppressed)
2026-10-02T23:02:49 [DEBUG] flow_state: Skipping non-IP packet (148 similar messages suppressed)
2026-10-02T23:02:50 [DEBUG] flow_state: Skipping non-IP packet (139 similar messages suppressed)
2026-10-02T23:02:51 [DEBUG] flow_state: Skipping non-IP packet (124 similar messages suppressed)
2026-10-02T23:02:52 [DEBUG] flow_state: Skipping non-IP packet (133 similar messages suppressed)
2026-10-02T23:02:53 [DEBUG] flow_state: Skipping non-IP packet (135 similar messages suppressed)
2026-10-02T23:02:54 [DEBUG] flow_state: Skipping non-IP packet (139 similar messages suppressed)
2026-10-02T23:02:54 [DEBUG] flow_state: Flow finalized: flow_id=63f5950b17dbe3dd reason=TIMEOUT
2026-10-02T23:02:54 [DEBUG] flow_state: Flow finalized: flow_id=64b0c9fa16e39d0d reason=TIMEOUT
2026-10-02T23:02:54 [DEBUG] engine: Inference: flow_id=63f5950b17dbe3dd risk=0.3334 class=1 latency=0.14ms
2026-10-02T23:02:54 [DEBUG] engine: Inference: flow_id=64b0c9fa16e39d0d risk=0.3334 class=1 latency=0.03ms
2026-10-02T23:02:55 [DEBUG] flow_state: Skipping non-IP packet (116 similar messages suppressed)
2026-10-02T23:02:56 [DEBUG] flow_state: Skipping non-IP packet (134 similar messages suppressed)
2026-10-02T23:02:57 [DEBUG] flow_state: Skipping non-IP packet (128 similar messages suppressed)
2026-10-02T23:02:58 [DEBUG] flow_state: Skipping non-IP packet (139 similar messages suppressed)
2026-10-02T23:02:58 [DEBUG] flow_state: Flow finalized: flow_id=34da171c8ec51af5 reason=TIMEOUT
2026-10-02T23:02:58 [DEBUG] flow_state: Flow finalized: flow_id=5971e6dce5cf4991 reason=TIMEOUT
2026-10-02T23:02:58 [DEBUG] flow_state: Flow finalized: flow_id=3e7c7a20b26fc73e reason=TIMEOUT
2026-10-02T23:02:58 [DEBUG] engine: Inference: flow_id=34da171c8ec51af5 risk=0.3334 class=1 latency=0.09ms
2026-10-02T23:02:58 [DEBUG] engine: Inference: flow_id=5971e6dce5cf4991 risk=0.3334 class=1 latency=0.03ms
2026-10-02T23:02:58 [DEBUG] engine: Inference: flow_id=3e7c7a20b26fc73e risk=0.3334 class=1 latency=0.02ms
2026-10-02T23:02:59 [DEBUG] flow_state: Skipping non-IP packet (137 similar messages suppressed)
2026-10-02T23:03:00 [DEBUG] flow_state: Skipping non-IP packet (128 similar messages suppressed)
2026-10-02T23:03:01 [DEBUG] flow_state: Skipping non-IP packet (148 similar messages suppressed)
2026-10-02T23:03:02 [DEBUG] flow_state: Skipping non-IP packet (120 similar messages suppressed)
2026-10-02T23:03:03 [DEBUG] flow_state: Skipping non-IP packet (171 similar messages suppressed)
2026-10-02T23:03:03 [DEBUG] flow_state: Flow finalized: flow_id=27cee153f6da30bb reason=TIMEOUT
2026-10-02T23:03:03 [DEBUG] engine: Inference: flow_id=27cee153f6da30bb risk=0.3334 class=1 latency=0.09ms
2026-10-02T23:03:04 [DEBUG] flow_state: Skipping non-IP packet (132 similar messages suppressed)
2026-10-02T23:03:05 [DEBUG] flow_state: Skipping non-IP packet (142 similar messages suppressed)
2026-10-02T23:03:06 [DEBUG] flow_state: Skipping non-IP packet (138 similar messages suppressed)
2026-10-02T23:03:07 [DEBUG] flow_state: Skipping non-IP packet (131 similar messages suppressed)
2026-10-02T23:03:08 [DEBUG] flow_state: Skipping non-IP packet (148 similar messages suppressed)
2026-10-02T23:03:09 [DEBUG] flow_state: Skipping non-IP packet (135 similar messages suppressed)
2026-10-02T23:03:10 [DEBUG] flow_state: Skipping non-IP packet (131 similar messages suppressed)
2026-10-02T23:03:10 [DEBUG] flow_state: Flow finalized: flow_id=fca639e655ad5f6d reason=TIMEOUT
2026-10-02T23:03:10 [DEBUG] engine: Inference: flow_id=fca639e655ad5f6d risk=0.3334 class=1 latency=0.11ms
2026-10-02T23:03:11 [DEBUG] flow_state: Skipping non-IP packet (124 similar messages suppressed)
2026-10-02T23:03:12 [DEBUG] flow_state: Skipping non-IP packet (151 similar messages suppressed)
2026-10-02T23:03:13 [DEBUG] flow_state: Skipping non-IP packet (133 similar messages suppressed)
2026-10-02T23:03:14 [DEBUG] flow_state: Skipping non-IP packet (122 similar messages suppressed)
2026-10-02T23:03:15 [DEBUG] flow_state: Skipping non-IP packet (149 similar messages suppressed)
2026-10-02T23:03:16 [DEBUG] flow_state: Flow finalized: flow_id=3ef0bb55ffdbdca7 reason=TIMEOUT
2026-10-02T23:03:16 [DEBUG] flow_state: Flow finalized: flow_id=fd62957a8cea0a5e reason=TIMEOUT
2026-10-02T23:03:16 [DEBUG] flow_state: Flow finalized: flow_id=3db674735c4d9cff reason=TIMEOUT
2026-10-02T23:03:16 [DEBUG] engine: Inference: flow_id=3ef0bb55ffdbdca7 risk=0.3334 class=1 latency=0.15ms
2026-10-02T23:03:16 [DEBUG] engine: Inference: flow_id=fd62957a8cea0a5e risk=0.3334 class=1 latency=0.03ms
2026-10-02T23:03:16 [DEBUG] engine: Inference: flow_id=3db674735c4d9cff risk=0.3334 class=1 latency=0.02ms
2026-10-02T23:03:16 [DEBUG] flow_state: Skipping non-IP packet (127 similar messages suppressed)
2026-10-02T23:03:17 [DEBUG] flow_state: Skipping non-IP packet (142 similar messages suppressed)
2026-10-02T23:03:18 [DEBUG] flow_state: Skipping non-IP packet (137 similar messages suppressed)
2026-10-02T23:03:19 [DEBUG] flow_state: Skipping non-IP packet (137 similar messages suppressed)
2026-10-02T23:03:20 [DEBUG] flow_state: Skipping non-IP packet (133 similar messages suppressed)
2026-10-02T23:03:21 [DEBUG] flow_state: Skipping non-IP packet (137 similar messages suppressed)
2026-10-02T23:03:22 [DEBUG] flow_state: Skipping non-IP packet (133 similar messages suppressed)
2026-10-02T23:03:23 [DEBUG] flow_state: Skipping non-IP packet (135 similar messages suppressed)
2026-10-02T23:03:24 [DEBUG] flow_state: Flow finalized: flow_id=015bf0740ce2f567 reason=TIMEOUT
2026-10-02T23:03:24 [DEBUG] flow_state: Flow finalized: flow_id=599b3b1f746c9acc reason=TIMEOUT
2026-10-02T23:03:24 [DEBUG] engine: Inference: flow_id=015bf0740ce2f567 risk=0.3334 class=1 latency=0.11ms
2026-10-02T23:03:24 [DEBUG] engine: Inference: flow_id=599b3b1f746c9acc risk=0.3334 class=1 latency=0.06ms
2026-10-02T23:03:24 [DEBUG] flow_state: Skipping non-IP packet (135 similar messages suppressed)
2026-10-02T23:03:25 [DEBUG] flow_state: Skipping non-IP packet (128 similar messages suppressed)
2026-10-02T23:03:26 [DEBUG] flow_state: Skipping non-IP packet (139 similar messages suppressed)
2026-10-02T23:03:27 [DEBUG] flow_state: Flow finalized: flow_id=d988a673190fc09a reason=TIMEOUT
2026-10-02T23:03:27 [DEBUG] flow_state: Flow finalized: flow_id=172dfe4562d58239 reason=TIMEOUT
2026-10-02T23:03:27 [DEBUG] flow_state: Flow finalized: flow_id=5e4ddc9bb11d398d reason=TIMEOUT
2026-10-02T23:03:27 [DEBUG] engine: Inference: flow_id=d988a673190fc09a risk=0.3334 class=1 latency=0.13ms
2026-10-02T23:03:27 [DEBUG] engine: Inference: flow_id=172dfe4562d58239 risk=0.3334 class=1 latency=0.08ms
2026-10-02T23:03:27 [DEBUG] engine: Inference: flow_id=5e4ddc9bb11d398d risk=0.3334 class=1 latency=0.05ms
2026-10-02T23:03:27 [DEBUG] flow_state: Skipping non-IP packet (123 similar messages suppressed)
2026-10-02T23:03:28 [DEBUG] flow_state: Skipping non-IP packet (141 similar messages suppressed)
2026-10-02T23:03:29 [DEBUG] flow_state: Skipping non-IP packet (129 similar messages suppressed)
2026-10-02T23:03:30 [DEBUG] flow_state: Skipping non-IP packet (140 similar messages suppressed)
2026-10-02T23:03:31 [DEBUG] flow_state: Skipping non-IP packet (139 similar messages suppressed)
2026-10-02T23:03:32 [DEBUG] flow_state: Skipping non-IP packet (144 similar messages suppressed)
2026-10-02T23:03:33 [DEBUG] flow_state: Flow finalized: flow_id=f619293590351a66 reason=TIMEOUT
2026-10-02T23:03:33 [DEBUG] engine: Inference: flow_id=f619293590351a66 risk=0.3334 class=1 latency=0.96ms
2026-10-02T23:03:33 [DEBUG] flow_state: Skipping non-IP packet (126 similar messages suppressed)
2026-10-02T23:03:34 [DEBUG] flow_state: Skipping non-IP packet (139 similar messages suppressed)
2026-10-02T23:03:35 [DEBUG] flow_state: Skipping non-IP packet (129 similar messages suppressed)
2026-10-02T23:03:36 [DEBUG] flow_state: Skipping non-IP packet (141 similar messages suppressed)
2026-10-02T23:03:37 [DEBUG] flow_state: Skipping non-IP packet (136 similar messages suppressed)
2026-10-02T23:03:38 [DEBUG] flow_state: Skipping non-IP packet (140 similar messages suppressed)
2026-10-02T23:03:39 [DEBUG] flow_state: Skipping non-IP packet (125 similar messages suppressed)
2026-10-02T23:03:40 [DEBUG] flow_state: Flow finalized: flow_id=b904241a95f90bed reason=TIMEOUT
2026-10-02T23:03:40 [DEBUG] engine: Inference: flow_id=b904241a95f90bed risk=0.3334 class=1 latency=0.18ms
2026-10-02T23:03:40 [DEBUG] flow_state: Skipping non-IP packet (142 similar messages suppressed)
2026-10-02T23:03:41 [DEBUG] flow_state: Skipping non-IP packet (147 similar messages suppressed)
2026-10-02T23:03:42 [DEBUG] flow_state: Skipping non-IP packet (130 similar messages suppressed)
2026-10-02T23:03:43 [DEBUG] flow_state: Skipping non-IP packet (136 similar messages suppressed)
2026-10-02T23:03:44 [DEBUG] flow_state: Skipping non-IP packet (143 similar messages suppressed)
2026-10-02T23:03:45 [DEBUG] flow_state: Skipping non-IP packet (135 similar messages suppressed)
2026-10-02T23:03:46 [DEBUG] flow_state: Flow finalized: flow_id=00e2c61416281324 reason=TIMEOUT
2026-10-02T23:03:46 [DEBUG] flow_state: Flow finalized: flow_id=f1f31122be24e9bb reason=TIMEOUT
2026-10-02T23:03:46 [DEBUG] flow_state: Flow finalized: flow_id=e2d7c50ae61c354a reason=TIMEOUT
2026-10-02T23:03:46 [DEBUG] engine: Inference: flow_id=00e2c61416281324 risk=0.3334 class=1 latency=0.21ms
2026-10-02T23:03:46 [DEBUG] engine: Inference: flow_id=f1f31122be24e9bb risk=0.3334 class=1 latency=0.05ms
2026-10-02T23:03:46 [DEBUG] engine: Inference: flow_id=e2d7c50ae61c354a risk=0.3334 class=1 latency=0.03ms
2026-10-02T23:03:46 [DEBUG] flow_state: Skipping non-IP packet (144 similar messages suppressed)
2026-10-02T23:03:47 [DEBUG] flow_state: Skipping non-IP packet (145 similar messages suppressed)
2026-10-02T23:03:48 [DEBUG] flow_state: Skipping non-IP packet (148 similar messages suppressed)
2026-10-02T23:03:49 [DEBUG] flow_state: Skipping non-IP packet (121 similar messages suppressed)
2026-10-02T23:03:50 [DEBUG] flow_state: Skipping non-IP packet (143 similar messages suppressed)
2026-10-02T23:03:51 [DEBUG] flow_state: Skipping non-IP packet (137 similar messages suppressed)
2026-10-02T23:03:52 [DEBUG] flow_state: Skipping non-IP packet (129 similar messages suppressed)
2026-10-02T23:03:54 [DEBUG] flow_state: Skipping non-IP packet (147 similar messages suppressed)
2026-10-02T23:03:54 [DEBUG] flow_state: Flow finalized: flow_id=67abde10283cd4ec reason=TIMEOUT
2026-10-02T23:03:54 [DEBUG] flow_state: Flow finalized: flow_id=d8fcf9e72debe4ce reason=TIMEOUT
2026-10-02T23:03:54 [DEBUG] engine: Inference: flow_id=67abde10283cd4ec risk=0.3334 class=1 latency=0.92ms
2026-10-02T23:03:54 [DEBUG] engine: Inference: flow_id=d8fcf9e72debe4ce risk=0.3334 class=1 latency=0.06ms
2026-10-02T23:03:56 [DEBUG] flow_state: Flow finalized: flow_id=23ca654c828fb446 reason=FIN
2026-10-02T23:03:56 [DEBUG] flow_state: Flow finalized: flow_id=6bdc775be4f7ed9a reason=FIN
2026-10-02T23:03:56 [DEBUG] flow_state: Flow finalized: flow_id=617d81fd1336ff9f reason=FIN
2026-10-02T23:03:56 [DEBUG] engine: Inference: flow_id=23ca654c828fb446 risk=0.3334 class=1 latency=0.48ms
2026-10-02T23:03:56 [DEBUG] flow_state: Flow finalized: flow_id=7a532adf59446214 reason=FIN
2026-10-02T23:03:56 [DEBUG] flow_state: Flow finalized: flow_id=ea7f3a9658935610 reason=FIN
2026-10-02T23:03:56 [DEBUG] flow_state: Flow finalized: flow_id=55440320f0db3c39 reason=FIN
2026-10-02T23:03:56 [DEBUG] engine: Inference: flow_id=6bdc775be4f7ed9a risk=0.3334 class=1 latency=0.07ms
2026-10-02T23:03:56 [DEBUG] flow_state: Flow finalized: flow_id=ec22f0f4551e09c6 reason=FIN
2026-10-02T23:03:56 [DEBUG] engine: Inference: flow_id=617d81fd1336ff9f risk=0.3334 class=1 latency=0.08ms
2026-10-02T23:03:56 [DEBUG] engine: Inference: flow_id=7a532adf59446214 risk=0.3334 class=1 latency=0.05ms
2026-10-02T23:03:56 [DEBUG] engine: Inference: flow_id=ea7f3a9658935610 risk=0.3334 class=1 latency=0.03ms
2026-10-02T23:03:56 [DEBUG] engine: Inference: flow_id=55440320f0db3c39 risk=0.3334 class=1 latency=0.03ms
2026-10-02T23:03:56 [DEBUG] engine: Inference: flow_id=ec22f0f4551e09c6 risk=0.3334 class=1 latency=0.02ms
2026-10-02T23:03:56 [DEBUG] flow_state: Flow finalized: flow_id=92ca4dfe9a2498cf reason=FIN
2026-10-02T23:03:56 [DEBUG] engine: Inference: flow_id=92ca4dfe9a2498cf risk=0.7928 class=1 latency=6.27ms
2026-10-02T23:03:56 [DEBUG] flow_state: Flow finalized: flow_id=81291e7e8b5c60b9 reason=RST
2026-10-02T23:03:56 [DEBUG] flow_state: Flow finalized: flow_id=4a5818829faf2dae reason=FIN
2026-10-02T23:03:56 [DEBUG] flow_state: Flow finalized: flow_id=5e86358e64c11cd9 reason=FIN
2026-10-02T23:03:56 [DEBUG] flow_state: Flow finalized: flow_id=e6ec4163e38697dd reason=RST
2026-10-02T23:03:56 [DEBUG] flow_state: Flow finalized: flow_id=e848e7a485d2142c reason=FIN
2026-10-02T23:03:56 [DEBUG] engine: Inference: flow_id=81291e7e8b5c60b9 risk=0.3334 class=1 latency=0.59ms
2026-10-02T23:03:56 [DEBUG] flow_state: Flow finalized: flow_id=561fca7baa12d180 reason=FIN
2026-10-02T23:03:56 [DEBUG] engine: Inference: flow_id=4a5818829faf2dae risk=0.3334 class=1 latency=0.04ms
2026-10-02T23:03:56 [DEBUG] engine: Inference: flow_id=5e86358e64c11cd9 risk=0.3334 class=1 latency=0.02ms
2026-10-02T23:03:56 [DEBUG] engine: Inference: flow_id=e6ec4163e38697dd risk=0.3334 class=1 latency=0.02ms
2026-10-02T23:03:56 [DEBUG] engine: Inference: flow_id=e848e7a485d2142c risk=0.7469 class=1 latency=0.01ms
2026-10-02T23:03:56 [DEBUG] engine: Inference: flow_id=561fca7baa12d180 risk=0.3334 class=1 latency=0.01ms
